zone_id,hour_start,requests,completed,cancelled,riders_available
1,2026-07-26 03:20:04.825950,5,3,2,9
2,2026-07-26 03:20:04.825950,1,0,1,6
3,2026-07-26 03:20:04.825950,5,4,1,13
4,2026-07-26 03:20:04.825950,0,0,0,5
5,2026-07-26 03:20:04.825950,0,0,0,8
6,2026-07-26 03:20:04.825950,4,3,1,13
7,2026-07-26 03:20:04.825950,1,0,1,13
8,2026-07-26 03:20:04.825950,3,2,1,14
1,2026-07-26 04:20:04.825950,2,1,1,5
2,2026-07-26 04:20:04.825950,1,0,1,10
3,2026-07-26 04:20:04.825950,2,1,1,10
4,2026-07-26 04:20:04.825950,0,0,0,6
5,2026-07-26 04:20:04.825950,2,1,1,14
6,2026-07-26 04:20:04.825950,2,1,1,12
7,2026-07-26 04:20:04.825950,4,2,2,11
8,2026-07-26 04:20:04.825950,0,0,0,15
1,2026-07-26 05:20:04.825950,4,3,1,10
2,2026-07-26 05:20:04.825950,4,2,2,6
3,2026-07-26 05:20:04.825950,0,0,0,9
4,2026-07-26 05:20:04.825950,0,0,0,6
5,2026-07-26 05:20:04.825950,3,2,1,15
6,2026-07-26 05:20:04.825950,2,1,1,10
7,2026-07-26 05:20:04.825950,1,0,1,15
8,2026-07-26 05:20:04.825950,5,3,2,15
1,2026-07-26 06:20:04.825950,1,0,1,8
2,2026-07-26 06:20:04.825950,1,0,1,9
3,2026-07-26 06:20:04.825950,5,4,1,8
4,2026-07-26 06:20:04.825950,5,3,2,5
5,2026-07-26 06:20:04.825950,1,0,1,10
6,2026-07-26 06:20:04.825950,3,2,1,8
7,2026-07-26 06:20:04.825950,4,3,1,10
8,2026-07-26 06:20:04.825950,1,0,1,11
1,2026-07-26 07:20:04.825950,34,24,10,24
2,2026-07-26 07:20:04.825950,1,0,1,13
3,2026-07-26 07:20:04.825950,2,1,1,11
4,2026-07-26 07:20:04.825950,4,3,1,8
5,2026-07-26 07:20:04.825950,1,0,1,6
6,2026-07-26 07:20:04.825950,0,0,0,7
7,2026-07-26 07:20:04.825950,5,3,2,15
8,2026-07-26 07:20:04.825950,3,2,1,11
1,2026-07-26 08:20:04.825950,32,25,7,25
2,2026-07-26 08:20:04.825950,0,0,0,6
3,2026-07-26 08:20:04.825950,5,4,1,9
4,2026-07-26 08:20:04.825950,5,3,2,9
5,2026-07-26 08:20:04.825950,3,2,1,5
6,2026-07-26 08:20:04.825950,5,4,1,9
7,2026-07-26 08:20:04.825950,4,3,1,13
8,2026-07-26 08:20:04.825950,0,0,0,9
1,2026-07-26 09:20:04.825950,26,18,8,18
2,2026-07-26 09:20:04.825950,4,3,1,13
3,2026-07-26 09:20:04.825950,0,0,0,12
4,2026-07-26 09:20:04.825950,0,0,0,10
5,2026-07-26 09:20:04.825950,2,1,1,8
6,2026-07-26 09:20:04.825950,4,3,1,6
7,2026-07-26 09:20:04.825950,5,3,2,6
8,2026-07-26 09:20:04.825950,4,3,1,7
1,2026-07-26 10:20:04.825950,5,3,2,13
2,2026-07-26 10:20:04.825950,1,0,1,14
3,2026-07-26 10:20:04.825950,3,2,1,13
4,2026-07-26 10:20:04.825950,5,4,1,9
5,2026-07-26 10:20:04.825950,3,2,1,15
6,2026-07-26 10:20:04.825950,2,1,1,13
7,2026-07-26 10:20:04.825950,3,2,1,8
8,2026-07-26 10:20:04.825950,0,0,0,14
1,2026-07-26 11:20:04.825950,4,2,2,8
2,2026-07-26 11:20:04.825950,0,0,0,15
3,2026-07-26 11:20:04.825950,0,0,0,5
4,2026-07-26 11:20:04.825950,13,10,3,10
5,2026-07-26 11:20:04.825950,5,3,2,13
6,2026-07-26 11:20:04.825950,1,0,1,14
7,2026-07-26 11:20:04.825950,4,3,1,12
8,2026-07-26 11:20:04.825950,3,2,1,6
1,2026-07-26 12:20:04.825950,5,3,2,11
2,2026-07-26 12:20:04.825950,3,2,1,5
3,2026-07-26 12:20:04.825950,5,4,1,15
4,2026-07-26 12:20:04.825950,10,7,3,10
5,2026-07-26 12:20:04.825950,0,0,0,8
6,2026-07-26 12:20:04.825950,4,3,1,11
7,2026-07-26 12:20:04.825950,1,0,1,8
8,2026-07-26 12:20:04.825950,0,0,0,13
1,2026-07-26 13:20:04.825950,0,0,0,13
2,2026-07-26 13:20:04.825950,0,0,0,8
3,2026-07-26 13:20:04.825950,1,0,1,12
4,2026-07-26 13:20:04.825950,17,14,3,14
5,2026-07-26 13:20:04.825950,3,2,1,11
6,2026-07-26 13:20:04.825950,2,1,1,12
7,2026-07-26 13:20:04.825950,2,1,1,13
8,2026-07-26 13:20:04.825950,5,4,1,7
1,2026-07-26 14:20:04.825950,1,0,1,5
2,2026-07-26 14:20:04.825950,4,3,1,5
3,2026-07-26 14:20:04.825950,5,3,2,5
4,2026-07-26 14:20:04.825950,4,3,1,13
5,2026-07-26 14:20:04.825950,1,0,1,13
6,2026-07-26 14:20:04.825950,0,0,0,6
7,2026-07-26 14:20:04.825950,4,2,2,8
8,2026-07-26 14:20:04.825950,3,2,1,14
1,2026-07-26 15:20:04.825950,1,0,1,5
2,2026-07-26 15:20:04.825950,4,2,2,15
3,2026-07-26 15:20:04.825950,4,3,1,10
4,2026-07-26 15:20:04.825950,2,1,1,10
5,2026-07-26 15:20:04.825950,1,0,1,7
6,2026-07-26 15:20:04.825950,5,4,1,12
7,2026-07-26 15:20:04.825950,2,1,1,6
8,2026-07-26 15:20:04.825950,0,0,0,14
1,2026-07-26 16:20:04.825950,0,0,0,8
2,2026-07-26 16:20:04.825950,4,3,1,10
3,2026-07-26 16:20:04.825950,0,0,0,10
4,2026-07-26 16:20:04.825950,2,1,1,13
5,2026-07-26 16:20:04.825950,5,3,2,15
6,2026-07-26 16:20:04.825950,4,2,2,13
7,2026-07-26 16:20:04.825950,2,1,1,6
8,2026-07-26 16:20:04.825950,1,0,1,6
1,2026-07-26 17:20:04.825950,24,18,6,18
2,2026-07-26 17:20:04.825950,1,0,1,8
3,2026-07-26 17:20:04.825950,5,4,1,9
4,2026-07-26 17:20:04.825950,4,3,1,5
5,2026-07-26 17:20:04.825950,0,0,0,9
6,2026-07-26 17:20:04.825950,0,0,0,7
7,2026-07-26 17:20:04.825950,5,4,1,7
8,2026-07-26 17:20:04.825950,5,3,2,11
1,2026-07-26 18:20:04.825950,19,13,6,13
2,2026-07-26 18:20:04.825950,4,2,2,10
3,2026-07-26 18:20:04.825950,4,3,1,11
4,2026-07-26 18:20:04.825950,11,8,3,8
5,2026-07-26 18:20:04.825950,2,1,1,8
6,2026-07-26 18:20:04.825950,5,3,2,13
7,2026-07-26 18:20:04.825950,3,2,1,7
8,2026-07-26 18:20:04.825950,1,0,1,7
1,2026-07-26 19:20:04.825950,18,13,5,13
2,2026-07-26 19:20:04.825950,3,2,1,8
3,2026-07-26 19:20:04.825950,2,1,1,6
4,2026-07-26 19:20:04.825950,13,11,2,11
5,2026-07-26 19:20:04.825950,1,0,1,12
6,2026-07-26 19:20:04.825950,2,1,1,8
7,2026-07-26 19:20:04.825950,1,0,1,8
8,2026-07-26 19:20:04.825950,3,2,1,6
1,2026-07-26 20:20:04.825950,28,23,5,23
2,2026-07-26 20:20:04.825950,5,4,1,13
3,2026-07-26 20:20:04.825950,2,1,1,6
4,2026-07-26 20:20:04.825950,14,11,3,11
5,2026-07-26 20:20:04.825950,0,0,0,11
6,2026-07-26 20:20:04.825950,2,1,1,10
7,2026-07-26 20:20:04.825950,3,2,1,13
8,2026-07-26 20:20:04.825950,0,0,0,14
1,2026-07-26 21:20:04.825950,1,0,1,11
2,2026-07-26 21:20:04.825950,0,0,0,13
3,2026-07-26 21:20:04.825950,5,4,1,15
4,2026-07-26 21:20:04.825950,16,12,4,15
5,2026-07-26 21:20:04.825950,2,1,1,15
6,2026-07-26 21:20:04.825950,0,0,0,9
7,2026-07-26 21:20:04.825950,4,3,1,11
8,2026-07-26 21:20:04.825950,2,1,1,9
1,2026-07-26 22:20:04.825950,4,2,2,11
2,2026-07-26 22:20:04.825950,5,4,1,15
3,2026-07-26 22:20:04.825950,5,4,1,14
4,2026-07-26 22:20:04.825950,4,3,1,13
5,2026-07-26 22:20:04.825950,0,0,0,8
6,2026-07-26 22:20:04.825950,3,2,1,14
7,2026-07-26 22:20:04.825950,5,3,2,12
8,2026-07-26 22:20:04.825950,3,2,1,13
1,2026-07-26 23:20:04.825950,3,2,1,7
2,2026-07-26 23:20:04.825950,5,3,2,13
3,2026-07-26 23:20:04.825950,5,4,1,10
4,2026-07-26 23:20:04.825950,0,0,0,8
5,2026-07-26 23:20:04.825950,5,3,2,8
6,2026-07-26 23:20:04.825950,1,0,1,8
7,2026-07-26 23:20:04.825950,3,2,1,6
8,2026-07-26 23:20:04.825950,3,2,1,15
1,2026-07-27 00:20:04.825950,4,2,2,11
2,2026-07-27 00:20:04.825950,3,2,1,7
3,2026-07-27 00:20:04.825950,5,4,1,6
4,2026-07-27 00:20:04.825950,3,2,1,13
5,2026-07-27 00:20:04.825950,3,2,1,8
6,2026-07-27 00:20:04.825950,0,0,0,12
7,2026-07-27 00:20:04.825950,5,4,1,13
8,2026-07-27 00:20:04.825950,4,3,1,12
1,2026-07-27 01:20:04.825950,4,3,1,13
2,2026-07-27 01:20:04.825950,3,2,1,13
3,2026-07-27 01:20:04.825950,3,2,1,12
4,2026-07-27 01:20:04.825950,3,2,1,8
5,2026-07-27 01:20:04.825950,5,3,2,13
6,2026-07-27 01:20:04.825950,3,2,1,9
7,2026-07-27 01:20:04.825950,3,2,1,9
8,2026-07-27 01:20:04.825950,1,0,1,10
1,2026-07-27 02:20:04.825950,4,2,2,7
2,2026-07-27 02:20:04.825950,1,0,1,7
3,2026-07-27 02:20:04.825950,5,3,2,11
4,2026-07-27 02:20:04.825950,3,2,1,12
5,2026-07-27 02:20:04.825950,3,2,1,11
6,2026-07-27 02:20:04.825950,3,2,1,14
7,2026-07-27 02:20:04.825950,5,3,2,14
8,2026-07-27 02:20:04.825950,3,2,1,10
1,2026-07-27 03:20:04.825950,2,1,1,11
2,2026-07-27 03:20:04.825950,4,3,1,13
3,2026-07-27 03:20:04.825950,4,3,1,12
4,2026-07-27 03:20:04.825950,1,0,1,12
5,2026-07-27 03:20:04.825950,0,0,0,15
6,2026-07-27 03:20:04.825950,5,4,1,7
7,2026-07-27 03:20:04.825950,3,2,1,14
8,2026-07-27 03:20:04.825950,4,2,2,11
1,2026-07-27 04:20:04.825950,4,3,1,5
2,2026-07-27 04:20:04.825950,0,0,0,7
3,2026-07-27 04:20:04.825950,3,2,1,9
4,2026-07-27 04:20:04.825950,3,2,1,12
5,2026-07-27 04:20:04.825950,2,1,1,11
6,2026-07-27 04:20:04.825950,2,1,1,11
7,2026-07-27 04:20:04.825950,2,1,1,12
8,2026-07-27 04:20:04.825950,0,0,0,5
1,2026-07-27 05:20:04.825950,2,1,1,6
2,2026-07-27 05:20:04.825950,5,3,2,5
3,2026-07-27 05:20:04.825950,1,0,1,5
4,2026-07-27 05:20:04.825950,4,2,2,7
5,2026-07-27 05:20:04.825950,3,2,1,14
6,2026-07-27 05:20:04.825950,1,0,1,9
7,2026-07-27 05:20:04.825950,2,1,1,14
8,2026-07-27 05:20:04.825950,5,4,1,7
1,2026-07-27 06:20:04.825950,2,1,1,5
2,2026-07-27 06:20:04.825950,2,1,1,11
3,2026-07-27 06:20:04.825950,3,2,1,8
4,2026-07-27 06:20:04.825950,0,0,0,15
5,2026-07-27 06:20:04.825950,1,0,1,9
6,2026-07-27 06:20:04.825950,5,4,1,6
7,2026-07-27 06:20:04.825950,4,3,1,10
8,2026-07-27 06:20:04.825950,4,3,1,10
1,2026-07-27 07:20:04.825950,25,17,8,17
2,2026-07-27 07:20:04.825950,3,2,1,10
3,2026-07-27 07:20:04.825950,5,4,1,12
4,2026-07-27 07:20:04.825950,5,3,2,7
5,2026-07-27 07:20:04.825950,5,4,1,15
6,2026-07-27 07:20:04.825950,2,1,1,13
7,2026-07-27 07:20:04.825950,3,2,1,14
8,2026-07-27 07:20:04.825950,2,1,1,8
1,2026-07-27 08:20:04.825950,23,20,3,20
2,2026-07-27 08:20:04.825950,3,2,1,15
3,2026-07-27 08:20:04.825950,23,16,7,16
4,2026-07-27 08:20:04.825950,1,0,1,10
5,2026-07-27 08:20:04.825950,2,1,1,14
6,2026-07-27 08:20:04.825950,5,4,1,13
7,2026-07-27 08:20:04.825950,0,0,0,8
8,2026-07-27 08:20:04.825950,0,0,0,11
1,2026-07-27 09:20:04.825950,25,20,5,20
2,2026-07-27 09:20:04.825950,5,3,2,5
3,2026-07-27 09:20:04.825950,19,14,5,14
4,2026-07-27 09:20:04.825950,2,1,1,10
5,2026-07-27 09:20:04.825950,3,2,1,10
6,2026-07-27 09:20:04.825950,3,2,1,13
7,2026-07-27 09:20:04.825950,2,1,1,12
8,2026-07-27 09:20:04.825950,2,1,1,8
1,2026-07-27 10:20:04.825950,0,0,0,10
2,2026-07-27 10:20:04.825950,0,0,0,7
3,2026-07-27 10:20:04.825950,17,14,3,14
4,2026-07-27 10:20:04.825950,5,4,1,13
5,2026-07-27 10:20:04.825950,4,3,1,6
6,2026-07-27 10:20:04.825950,1,0,1,10
7,2026-07-27 10:20:04.825950,1,0,1,13
8,2026-07-27 10:20:04.825950,1,0,1,5
1,2026-07-27 11:20:04.825950,4,3,1,7
2,2026-07-27 11:20:04.825950,5,4,1,12
3,2026-07-27 11:20:04.825950,0,0,0,14
4,2026-07-27 11:20:04.825950,19,15,4,15
5,2026-07-27 11:20:04.825950,1,0,1,9
6,2026-07-27 11:20:04.825950,3,2,1,6
7,2026-07-27 11:20:04.825950,3,2,1,14
8,2026-07-27 11:20:04.825950,5,4,1,7
1,2026-07-27 12:20:04.825950,1,0,1,9
2,2026-07-27 12:20:04.825950,0,0,0,6
3,2026-07-27 12:20:04.825950,4,3,1,14
4,2026-07-27 12:20:04.825950,23,17,6,17
5,2026-07-27 12:20:04.825950,3,2,1,12
6,2026-07-27 12:20:04.825950,2,1,1,11
7,2026-07-27 12:20:04.825950,2,1,1,5
8,2026-07-27 12:20:04.825950,4,3,1,6
1,2026-07-27 13:20:04.825950,1,0,1,9
2,2026-07-27 13:20:04.825950,5,3,2,8
3,2026-07-27 13:20:04.825950,1,0,1,7
4,2026-07-27 13:20:04.825950,16,12,4,14
5,2026-07-27 13:20:04.825950,3,2,1,8
6,2026-07-27 13:20:04.825950,2,1,1,12
7,2026-07-27 13:20:04.825950,0,0,0,9
8,2026-07-27 13:20:04.825950,5,4,1,8
1,2026-07-27 14:20:04.825950,3,2,1,8
2,2026-07-27 14:20:04.825950,5,3,2,9
3,2026-07-27 14:20:04.825950,1,0,1,7
4,2026-07-27 14:20:04.825950,2,1,1,14
5,2026-07-27 14:20:04.825950,2,1,1,12
6,2026-07-27 14:20:04.825950,5,3,2,11
7,2026-07-27 14:20:04.825950,2,1,1,12
8,2026-07-27 14:20:04.825950,3,2,1,5
1,2026-07-27 15:20:04.825950,3,2,1,14
2,2026-07-27 15:20:04.825950,2,1,1,8
3,2026-07-27 15:20:04.825950,15,13,2,15
4,2026-07-27 15:20:04.825950,2,1,1,7
5,2026-07-27 15:20:04.825950,3,2,1,12
6,2026-07-27 15:20:04.825950,2,1,1,14
7,2026-07-27 15:20:04.825950,3,2,1,12
8,2026-07-27 15:20:04.825950,0,0,0,11
1,2026-07-27 16:20:04.825950,2,1,1,6
2,2026-07-27 16:20:04.825950,1,0,1,12
3,2026-07-27 16:20:04.825950,24,20,4,20
4,2026-07-27 16:20:04.825950,0,0,0,10
5,2026-07-27 16:20:04.825950,2,1,1,11
6,2026-07-27 16:20:04.825950,4,3,1,5
7,2026-07-27 16:20:04.825950,5,4,1,12
8,2026-07-27 16:20:04.825950,3,2,1,13
1,2026-07-27 17:20:04.825950,32,26,6,26
2,2026-07-27 17:20:04.825950,1,0,1,7
3,2026-07-27 17:20:04.825950,26,22,4,22
4,2026-07-27 17:20:04.825950,0,0,0,15
5,2026-07-27 17:20:04.825950,4,3,1,7
6,2026-07-27 17:20:04.825950,2,1,1,13
7,2026-07-27 17:20:04.825950,3,2,1,6
8,2026-07-27 17:20:04.825950,3,2,1,15
1,2026-07-27 18:20:04.825950,31,27,4,27
2,2026-07-27 18:20:04.825950,4,3,1,11
3,2026-07-27 18:20:04.825950,3,2,1,8
4,2026-07-27 18:20:04.825950,21,15,6,15
5,2026-07-27 18:20:04.825950,4,3,1,7
6,2026-07-27 18:20:04.825950,0,0,0,11
7,2026-07-27 18:20:04.825950,2,1,1,13
8,2026-07-27 18:20:04.825950,2,1,1,9
1,2026-07-27 19:20:04.825950,29,25,4,25
2,2026-07-27 19:20:04.825950,5,3,2,7
3,2026-07-27 19:20:04.825950,3,2,1,10
4,2026-07-27 19:20:04.825950,20,17,3,17
5,2026-07-27 19:20:04.825950,3,2,1,8
6,2026-07-27 19:20:04.825950,5,3,2,11
7,2026-07-27 19:20:04.825950,1,0,1,11
8,2026-07-27 19:20:04.825950,0,0,0,12
1,2026-07-27 20:20:04.825950,32,24,8,24
2,2026-07-27 20:20:04.825950,5,4,1,12
3,2026-07-27 20:20:04.825950,0,0,0,14
4,2026-07-27 20:20:04.825950,13,11,2,12
5,2026-07-27 20:20:04.825950,0,0,0,12
6,2026-07-27 20:20:04.825950,0,0,0,11
7,2026-07-27 20:20:04.825950,5,4,1,6
8,2026-07-27 20:20:04.825950,3,2,1,9
1,2026-07-27 21:20:04.825950,2,1,1,11
2,2026-07-27 21:20:04.825950,5,3,2,10
3,2026-07-27 21:20:04.825950,5,4,1,11
4,2026-07-27 21:20:04.825950,22,18,4,18
5,2026-07-27 21:20:04.825950,4,2,2,6
6,2026-07-27 21:20:04.825950,1,0,1,9
7,2026-07-27 21:20:04.825950,1,0,1,11
8,2026-07-27 21:20:04.825950,0,0,0,6
1,2026-07-27 22:20:04.825950,3,2,1,9
2,2026-07-27 22:20:04.825950,0,0,0,5
3,2026-07-27 22:20:04.825950,2,1,1,11
4,2026-07-27 22:20:04.825950,1,0,1,11
5,2026-07-27 22:20:04.825950,4,3,1,7
6,2026-07-27 22:20:04.825950,1,0,1,14
7,2026-07-27 22:20:04.825950,3,2,1,8
8,2026-07-27 22:20:04.825950,3,2,1,7
1,2026-07-27 23:20:04.825950,1,0,1,9
2,2026-07-27 23:20:04.825950,3,2,1,5
3,2026-07-27 23:20:04.825950,3,2,1,15
4,2026-07-27 23:20:04.825950,4,2,2,12
5,2026-07-27 23:20:04.825950,2,1,1,9
6,2026-07-27 23:20:04.825950,5,4,1,9
7,2026-07-27 23:20:04.825950,3,2,1,8
8,2026-07-27 23:20:04.825950,3,2,1,6
1,2026-07-28 00:20:04.825950,1,0,1,10
2,2026-07-28 00:20:04.825950,4,3,1,9
3,2026-07-28 00:20:04.825950,0,0,0,15
4,2026-07-28 00:20:04.825950,3,2,1,14
5,2026-07-28 00:20:04.825950,5,4,1,5
6,2026-07-28 00:20:04.825950,4,3,1,9
7,2026-07-28 00:20:04.825950,1,0,1,10
8,2026-07-28 00:20:04.825950,1,0,1,14
1,2026-07-28 01:20:04.825950,2,1,1,15
2,2026-07-28 01:20:04.825950,5,4,1,15
3,2026-07-28 01:20:04.825950,0,0,0,15
4,2026-07-28 01:20:04.825950,0,0,0,12
5,2026-07-28 01:20:04.825950,0,0,0,7
6,2026-07-28 01:20:04.825950,0,0,0,10
7,2026-07-28 01:20:04.825950,5,3,2,8
8,2026-07-28 01:20:04.825950,1,0,1,10
1,2026-07-28 02:20:04.825950,4,3,1,9
2,2026-07-28 02:20:04.825950,1,0,1,12
3,2026-07-28 02:20:04.825950,2,1,1,10
4,2026-07-28 02:20:04.825950,0,0,0,6
5,2026-07-28 02:20:04.825950,1,0,1,8
6,2026-07-28 02:20:04.825950,5,4,1,11
7,2026-07-28 02:20:04.825950,4,3,1,11
8,2026-07-28 02:20:04.825950,0,0,0,6
1,2026-07-28 03:20:04.825950,3,2,1,15
2,2026-07-28 03:20:04.825950,2,1,1,15
3,2026-07-28 03:20:04.825950,2,1,1,8
4,2026-07-28 03:20:04.825950,3,2,1,13
5,2026-07-28 03:20:04.825950,2,1,1,8
6,2026-07-28 03:20:04.825950,5,3,2,12
7,2026-07-28 03:20:04.825950,5,3,2,11
8,2026-07-28 03:20:04.825950,0,0,0,5
1,2026-07-28 04:20:04.825950,2,1,1,6
2,2026-07-28 04:20:04.825950,0,0,0,13
3,2026-07-28 04:20:04.825950,1,0,1,10
4,2026-07-28 04:20:04.825950,5,4,1,13
5,2026-07-28 04:20:04.825950,3,2,1,7
6,2026-07-28 04:20:04.825950,3,2,1,12
7,2026-07-28 04:20:04.825950,4,3,1,9
8,2026-07-28 04:20:04.825950,0,0,0,8
1,2026-07-28 05:20:04.825950,3,2,1,8
2,2026-07-28 05:20:04.825950,2,1,1,15
3,2026-07-28 05:20:04.825950,2,1,1,15
4,2026-07-28 05:20:04.825950,2,1,1,9
5,2026-07-28 05:20:04.825950,1,0,1,12
6,2026-07-28 05:20:04.825950,0,0,0,15
7,2026-07-28 05:20:04.825950,5,4,1,5
8,2026-07-28 05:20:04.825950,0,0,0,8
1,2026-07-28 06:20:04.825950,1,0,1,8
2,2026-07-28 06:20:04.825950,0,0,0,13
3,2026-07-28 06:20:04.825950,1,0,1,8
4,2026-07-28 06:20:04.825950,2,1,1,14
5,2026-07-28 06:20:04.825950,0,0,0,7
6,2026-07-28 06:20:04.825950,1,0,1,7
7,2026-07-28 06:20:04.825950,0,0,0,5
8,2026-07-28 06:20:04.825950,1,0,1,8
1,2026-07-28 07:20:04.825950,29,20,9,20
2,2026-07-28 07:20:04.825950,0,0,0,11
3,2026-07-28 07:20:04.825950,4,2,2,6
4,2026-07-28 07:20:04.825950,3,2,1,10
5,2026-07-28 07:20:04.825950,4,3,1,12
6,2026-07-28 07:20:04.825950,4,2,2,14
7,2026-07-28 07:20:04.825950,0,0,0,15
8,2026-07-28 07:20:04.825950,4,3,1,15
1,2026-07-28 08:20:04.825950,16,14,2,14
2,2026-07-28 08:20:04.825950,3,2,1,12
3,2026-07-28 08:20:04.825950,29,20,9,20
4,2026-07-28 08:20:04.825950,2,1,1,6
5,2026-07-28 08:20:04.825950,1,0,1,15
6,2026-07-28 08:20:04.825950,4,3,1,10
7,2026-07-28 08:20:04.825950,3,2,1,13
8,2026-07-28 08:20:04.825950,2,1,1,14
1,2026-07-28 09:20:04.825950,21,18,3,18
2,2026-07-28 09:20:04.825950,5,4,1,13
3,2026-07-28 09:20:04.825950,21,16,5,16
4,2026-07-28 09:20:04.825950,3,2,1,12
5,2026-07-28 09:20:04.825950,3,2,1,6
6,2026-07-28 09:20:04.825950,2,1,1,15
7,2026-07-28 09:20:04.825950,2,1,1,7
8,2026-07-28 09:20:04.825950,5,4,1,6
1,2026-07-28 10:20:04.825950,0,0,0,6
2,2026-07-28 10:20:04.825950,3,2,1,10
3,2026-07-28 10:20:04.825950,12,9,3,13
4,2026-07-28 10:20:04.825950,4,3,1,6
5,2026-07-28 10:20:04.825950,3,2,1,15
6,2026-07-28 10:20:04.825950,3,2,1,5
7,2026-07-28 10:20:04.825950,2,1,1,10
8,2026-07-28 10:20:04.825950,0,0,0,8
1,2026-07-28 11:20:04.825950,1,0,1,8
2,2026-07-28 11:20:04.825950,0,0,0,13
3,2026-07-28 11:20:04.825950,2,1,1,9
4,2026-07-28 11:20:04.825950,17,14,3,14
5,2026-07-28 11:20:04.825950,4,3,1,15
6,2026-07-28 11:20:04.825950,4,2,2,15
7,2026-07-28 11:20:04.825950,5,3,2,7
8,2026-07-28 11:20:04.825950,2,1,1,9
1,2026-07-28 12:20:04.825950,2,1,1,7
2,2026-07-28 12:20:04.825950,1,0,1,11
3,2026-07-28 12:20:04.825950,0,0,0,15
4,2026-07-28 12:20:04.825950,11,9,2,9
5,2026-07-28 12:20:04.825950,3,2,1,10
6,2026-07-28 12:20:04.825950,1,0,1,10
7,2026-07-28 12:20:04.825950,4,3,1,5
8,2026-07-28 12:20:04.825950,1,0,1,14
1,2026-07-28 13:20:04.825950,0,0,0,9
2,2026-07-28 13:20:04.825950,3,2,1,12
3,2026-07-28 13:20:04.825950,4,3,1,9
4,2026-07-28 13:20:04.825950,19,13,6,13
5,2026-07-28 13:20:04.825950,0,0,0,15
6,2026-07-28 13:20:04.825950,4,3,1,15
7,2026-07-28 13:20:04.825950,2,1,1,11
8,2026-07-28 13:20:04.825950,4,2,2,8
1,2026-07-28 14:20:04.825950,2,1,1,7
2,2026-07-28 14:20:04.825950,2,1,1,6
3,2026-07-28 14:20:04.825950,0,0,0,11
4,2026-07-28 14:20:04.825950,1,0,1,13
5,2026-07-28 14:20:04.825950,5,3,2,13
6,2026-07-28 14:20:04.825950,5,4,1,6
7,2026-07-28 14:20:04.825950,3,2,1,5
8,2026-07-28 14:20:04.825950,3,2,1,6
1,2026-07-28 15:20:04.825950,2,1,1,14
2,2026-07-28 15:20:04.825950,3,2,1,11
3,2026-07-28 15:20:04.825950,15,11,4,11
4,2026-07-28 15:20:04.825950,1,0,1,14
5,2026-07-28 15:20:04.825950,3,2,1,10
6,2026-07-28 15:20:04.825950,0,0,0,6
7,2026-07-28 15:20:04.825950,1,0,1,11
8,2026-07-28 15:20:04.825950,4,2,2,9
1,2026-07-28 16:20:04.825950,5,3,2,10
2,2026-07-28 16:20:04.825950,1,0,1,15
3,2026-07-28 16:20:04.825950,16,14,2,14
4,2026-07-28 16:20:04.825950,2,1,1,15
5,2026-07-28 16:20:04.825950,1,0,1,7
6,2026-07-28 16:20:04.825950,2,1,1,14
7,2026-07-28 16:20:04.825950,1,0,1,15
8,2026-07-28 16:20:04.825950,0,0,0,15
1,2026-07-28 17:20:04.825950,32,27,5,27
2,2026-07-28 17:20:04.825950,3,2,1,14
3,2026-07-28 17:20:04.825950,25,21,4,21
4,2026-07-28 17:20:04.825950,2,1,1,6
5,2026-07-28 17:20:04.825950,3,2,1,9
6,2026-07-28 17:20:04.825950,2,1,1,10
7,2026-07-28 17:20:04.825950,4,2,2,12
8,2026-07-28 17:20:04.825950,3,2,1,10
1,2026-07-28 18:20:04.825950,19,15,4,15
2,2026-07-28 18:20:04.825950,4,3,1,11
3,2026-07-28 18:20:04.825950,3,2,1,5
4,2026-07-28 18:20:04.825950,22,18,4,18
5,2026-07-28 18:20:04.825950,4,3,1,7
6,2026-07-28 18:20:04.825950,0,0,0,10
7,2026-07-28 18:20:04.825950,5,3,2,15
8,2026-07-28 18:20:04.825950,1,0,1,12
1,2026-07-28 19:20:04.825950,23,17,6,17
2,2026-07-28 19:20:04.825950,3,2,1,10
3,2026-07-28 19:20:04.825950,5,4,1,15
4,2026-07-28 19:20:04.825950,20,14,6,14
5,2026-07-28 19:20:04.825950,4,3,1,9
6,2026-07-28 19:20:04.825950,2,1,1,15
7,2026-07-28 19:20:04.825950,4,3,1,10
8,2026-07-28 19:20:04.825950,0,0,0,7
1,2026-07-28 20:20:04.825950,26,23,3,23
2,2026-07-28 20:20:04.825950,3,2,1,6
3,2026-07-28 20:20:04.825950,2,1,1,15
4,2026-07-28 20:20:04.825950,14,11,3,15
5,2026-07-28 20:20:04.825950,4,2,2,15
6,2026-07-28 20:20:04.825950,3,2,1,5
7,2026-07-28 20:20:04.825950,2,1,1,8
8,2026-07-28 20:20:04.825950,2,1,1,12
1,2026-07-28 21:20:04.825950,1,0,1,7
2,2026-07-28 21:20:04.825950,1,0,1,6
3,2026-07-28 21:20:04.825950,4,3,1,13
4,2026-07-28 21:20:04.825950,20,15,5,15
5,2026-07-28 21:20:04.825950,1,0,1,7
6,2026-07-28 21:20:04.825950,1,0,1,14
7,2026-07-28 21:20:04.825950,1,0,1,5
8,2026-07-28 21:20:04.825950,3,2,1,8
1,2026-07-28 22:20:04.825950,3,2,1,12
2,2026-07-28 22:20:04.825950,1,0,1,9
3,2026-07-28 22:20:04.825950,3,2,1,8
4,2026-07-28 22:20:04.825950,2,1,1,14
5,2026-07-28 22:20:04.825950,3,2,1,9
6,2026-07-28 22:20:04.825950,3,2,1,11
7,2026-07-28 22:20:04.825950,1,0,1,14
8,2026-07-28 22:20:04.825950,1,0,1,5
1,2026-07-28 23:20:04.825950,5,3,2,10
2,2026-07-28 23:20:04.825950,4,3,1,13
3,2026-07-28 23:20:04.825950,0,0,0,7
4,2026-07-28 23:20:04.825950,2,1,1,13
5,2026-07-28 23:20:04.825950,1,0,1,6
6,2026-07-28 23:20:04.825950,1,0,1,10
7,2026-07-28 23:20:04.825950,0,0,0,11
8,2026-07-28 23:20:04.825950,4,3,1,11
1,2026-07-29 00:20:04.825950,0,0,0,5
2,2026-07-29 00:20:04.825950,2,1,1,15
3,2026-07-29 00:20:04.825950,2,1,1,7
4,2026-07-29 00:20:04.825950,0,0,0,12
5,2026-07-29 00:20:04.825950,5,4,1,12
6,2026-07-29 00:20:04.825950,3,2,1,6
7,2026-07-29 00:20:04.825950,0,0,0,7
8,2026-07-29 00:20:04.825950,4,3,1,14
1,2026-07-29 01:20:04.825950,4,3,1,9
2,2026-07-29 01:20:04.825950,1,0,1,5
3,2026-07-29 01:20:04.825950,1,0,1,14
4,2026-07-29 01:20:04.825950,3,2,1,12
5,2026-07-29 01:20:04.825950,4,3,1,15
6,2026-07-29 01:20:04.825950,4,3,1,7
7,2026-07-29 01:20:04.825950,2,1,1,14
8,2026-07-29 01:20:04.825950,2,1,1,11
1,2026-07-29 02:20:04.825950,1,0,1,6
2,2026-07-29 02:20:04.825950,4,3,1,6
3,2026-07-29 02:20:04.825950,4,3,1,13
4,2026-07-29 02:20:04.825950,4,2,2,12
5,2026-07-29 02:20:04.825950,0,0,0,10
6,2026-07-29 02:20:04.825950,2,1,1,10
7,2026-07-29 02:20:04.825950,0,0,0,15
8,2026-07-29 02:20:04.825950,5,3,2,14
1,2026-07-29 03:20:04.825950,5,4,1,7
2,2026-07-29 03:20:04.825950,0,0,0,10
3,2026-07-29 03:20:04.825950,5,3,2,15
4,2026-07-29 03:20:04.825950,3,2,1,12
5,2026-07-29 03:20:04.825950,5,3,2,7
6,2026-07-29 03:20:04.825950,0,0,0,12
7,2026-07-29 03:20:04.825950,0,0,0,5
8,2026-07-29 03:20:04.825950,1,0,1,10
1,2026-07-29 04:20:04.825950,2,1,1,13
2,2026-07-29 04:20:04.825950,3,2,1,15
3,2026-07-29 04:20:04.825950,1,0,1,5
4,2026-07-29 04:20:04.825950,5,3,2,6
5,2026-07-29 04:20:04.825950,2,1,1,11
6,2026-07-29 04:20:04.825950,5,3,2,11
7,2026-07-29 04:20:04.825950,2,1,1,12
8,2026-07-29 04:20:04.825950,5,3,2,13
1,2026-07-29 05:20:04.825950,2,1,1,11
2,2026-07-29 05:20:04.825950,0,0,0,7
3,2026-07-29 05:20:04.825950,4,3,1,6
4,2026-07-29 05:20:04.825950,0,0,0,9
5,2026-07-29 05:20:04.825950,2,1,1,11
6,2026-07-29 05:20:04.825950,1,0,1,10
7,2026-07-29 05:20:04.825950,3,2,1,10
8,2026-07-29 05:20:04.825950,4,3,1,9
1,2026-07-29 06:20:04.825950,5,4,1,5
2,2026-07-29 06:20:04.825950,0,0,0,11
3,2026-07-29 06:20:04.825950,2,1,1,15
4,2026-07-29 06:20:04.825950,1,0,1,7
5,2026-07-29 06:20:04.825950,4,3,1,12
6,2026-07-29 06:20:04.825950,0,0,0,8
7,2026-07-29 06:20:04.825950,5,3,2,11
8,2026-07-29 06:20:04.825950,4,2,2,7
1,2026-07-29 07:20:04.825950,34,30,4,30
2,2026-07-29 07:20:04.825950,3,2,1,14
3,2026-07-29 07:20:04.825950,1,0,1,11
4,2026-07-29 07:20:04.825950,2,1,1,8
5,2026-07-29 07:20:04.825950,0,0,0,7
6,2026-07-29 07:20:04.825950,3,2,1,13
7,2026-07-29 07:20:04.825950,0,0,0,9
8,2026-07-29 07:20:04.825950,5,3,2,14
1,2026-07-29 08:20:04.825950,32,23,9,23
2,2026-07-29 08:20:04.825950,0,0,0,12
3,2026-07-29 08:20:04.825950,20,16,4,16
4,2026-07-29 08:20:04.825950,4,3,1,9
5,2026-07-29 08:20:04.825950,1,0,1,15
6,2026-07-29 08:20:04.825950,1,0,1,13
7,2026-07-29 08:20:04.825950,1,0,1,8
8,2026-07-29 08:20:04.825950,1,0,1,12
1,2026-07-29 09:20:04.825950,26,21,5,21
2,2026-07-29 09:20:04.825950,3,2,1,13
3,2026-07-29 09:20:04.825950,13,9,4,11
4,2026-07-29 09:20:04.825950,5,4,1,13
5,2026-07-29 09:20:04.825950,3,2,1,14
6,2026-07-29 09:20:04.825950,0,0,0,10
7,2026-07-29 09:20:04.825950,5,3,2,12
8,2026-07-29 09:20:04.825950,5,4,1,7
1,2026-07-29 10:20:04.825950,4,3,1,7
2,2026-07-29 10:20:04.825950,1,0,1,5
3,2026-07-29 10:20:04.825950,14,10,4,10
4,2026-07-29 10:20:04.825950,2,1,1,8
5,2026-07-29 10:20:04.825950,2,1,1,13
6,2026-07-29 10:20:04.825950,2,1,1,9
7,2026-07-29 10:20:04.825950,1,0,1,13
8,2026-07-29 10:20:04.825950,2,1,1,9
1,2026-07-29 11:20:04.825950,4,3,1,13
2,2026-07-29 11:20:04.825950,5,3,2,14
3,2026-07-29 11:20:04.825950,1,0,1,14
4,2026-07-29 11:20:04.825950,24,18,6,18
5,2026-07-29 11:20:04.825950,0,0,0,5
6,2026-07-29 11:20:04.825950,0,0,0,15
7,2026-07-29 11:20:04.825950,4,3,1,8
8,2026-07-29 11:20:04.825950,4,3,1,15
1,2026-07-29 12:20:04.825950,0,0,0,15
2,2026-07-29 12:20:04.825950,4,3,1,9
3,2026-07-29 12:20:04.825950,3,2,1,15
4,2026-07-29 12:20:04.825950,17,13,4,13
5,2026-07-29 12:20:04.825950,1,0,1,12
6,2026-07-29 12:20:04.825950,3,2,1,14
7,2026-07-29 12:20:04.825950,1,0,1,10
8,2026-07-29 12:20:04.825950,5,4,1,10
1,2026-07-29 13:20:04.825950,3,2,1,10
2,2026-07-29 13:20:04.825950,4,3,1,10
3,2026-07-29 13:20:04.825950,1,0,1,9
4,2026-07-29 13:20:04.825950,16,11,5,11
5,2026-07-29 13:20:04.825950,2,1,1,14
6,2026-07-29 13:20:04.825950,3,2,1,7
7,2026-07-29 13:20:04.825950,2,1,1,10
8,2026-07-29 13:20:04.825950,1,0,1,12
1,2026-07-29 14:20:04.825950,4,3,1,9
2,2026-07-29 14:20:04.825950,3,2,1,11
3,2026-07-29 14:20:04.825950,4,3,1,8
4,2026-07-29 14:20:04.825950,1,0,1,5
5,2026-07-29 14:20:04.825950,0,0,0,14
6,2026-07-29 14:20:04.825950,5,4,1,9
7,2026-07-29 14:20:04.825950,4,2,2,6
8,2026-07-29 14:20:04.825950,3,2,1,9
1,2026-07-29 15:20:04.825950,5,3,2,11
2,2026-07-29 15:20:04.825950,2,1,1,5
3,2026-07-29 15:20:04.825950,20,15,5,15
4,2026-07-29 15:20:04.825950,0,0,0,12
5,2026-07-29 15:20:04.825950,4,3,1,14
6,2026-07-29 15:20:04.825950,5,4,1,7
7,2026-07-29 15:20:04.825950,0,0,0,10
8,2026-07-29 15:20:04.825950,4,3,1,7
1,2026-07-29 16:20:04.825950,1,0,1,11
2,2026-07-29 16:20:04.825950,4,2,2,5
3,2026-07-29 16:20:04.825950,21,18,3,18
4,2026-07-29 16:20:04.825950,3,2,1,13
5,2026-07-29 16:20:04.825950,1,0,1,14
6,2026-07-29 16:20:04.825950,2,1,1,14
7,2026-07-29 16:20:04.825950,5,4,1,14
8,2026-07-29 16:20:04.825950,2,1,1,13
1,2026-07-29 17:20:04.825950,34,28,6,28
2,2026-07-29 17:20:04.825950,3,2,1,10
3,2026-07-29 17:20:04.825950,15,13,2,14
4,2026-07-29 17:20:04.825950,2,1,1,15
5,2026-07-29 17:20:04.825950,0,0,0,9
6,2026-07-29 17:20:04.825950,5,4,1,14
7,2026-07-29 17:20:04.825950,4,2,2,5
8,2026-07-29 17:20:04.825950,4,3,1,13
1,2026-07-29 18:20:04.825950,32,23,9,23
2,2026-07-29 18:20:04.825950,1,0,1,6
3,2026-07-29 18:20:04.825950,1,0,1,10
4,2026-07-29 18:20:04.825950,15,11,4,11
5,2026-07-29 18:20:04.825950,3,2,1,14
6,2026-07-29 18:20:04.825950,3,2,1,5
7,2026-07-29 18:20:04.825950,5,3,2,8
8,2026-07-29 18:20:04.825950,4,3,1,15
1,2026-07-29 19:20:04.825950,30,22,8,22
2,2026-07-29 19:20:04.825950,3,2,1,10
3,2026-07-29 19:20:04.825950,4,3,1,15
4,2026-07-29 19:20:04.825950,19,15,4,15
5,2026-07-29 19:20:04.825950,1,0,1,9
6,2026-07-29 19:20:04.825950,1,0,1,9
7,2026-07-29 19:20:04.825950,2,1,1,12
8,2026-07-29 19:20:04.825950,2,1,1,13
1,2026-07-29 20:20:04.825950,28,21,7,21
2,2026-07-29 20:20:04.825950,5,4,1,11
3,2026-07-29 20:20:04.825950,2,1,1,7
4,2026-07-29 20:20:04.825950,12,9,3,9
5,2026-07-29 20:20:04.825950,2,1,1,15
6,2026-07-29 20:20:04.825950,2,1,1,8
7,2026-07-29 20:20:04.825950,1,0,1,9
8,2026-07-29 20:20:04.825950,4,3,1,7
1,2026-07-29 21:20:04.825950,0,0,0,14
2,2026-07-29 21:20:04.825950,1,0,1,15
3,2026-07-29 21:20:04.825950,4,2,2,8
4,2026-07-29 21:20:04.825950,11,8,3,12
5,2026-07-29 21:20:04.825950,0,0,0,7
6,2026-07-29 21:20:04.825950,0,0,0,7
7,2026-07-29 21:20:04.825950,3,2,1,12
8,2026-07-29 21:20:04.825950,3,2,1,9
1,2026-07-29 22:20:04.825950,2,1,1,5
2,2026-07-29 22:20:04.825950,0,0,0,8
3,2026-07-29 22:20:04.825950,4,3,1,5
4,2026-07-29 22:20:04.825950,1,0,1,7
5,2026-07-29 22:20:04.825950,0,0,0,11
6,2026-07-29 22:20:04.825950,3,2,1,9
7,2026-07-29 22:20:04.825950,0,0,0,14
8,2026-07-29 22:20:04.825950,4,2,2,10
1,2026-07-29 23:20:04.825950,2,1,1,15
2,2026-07-29 23:20:04.825950,4,3,1,7
3,2026-07-29 23:20:04.825950,4,3,1,8
4,2026-07-29 23:20:04.825950,0,0,0,12
5,2026-07-29 23:20:04.825950,5,3,2,7
6,2026-07-29 23:20:04.825950,0,0,0,9
7,2026-07-29 23:20:04.825950,4,3,1,8
8,2026-07-29 23:20:04.825950,1,0,1,15
1,2026-07-30 00:20:04.825950,3,2,1,13
2,2026-07-30 00:20:04.825950,2,1,1,15
3,2026-07-30 00:20:04.825950,0,0,0,7
4,2026-07-30 00:20:04.825950,3,2,1,8
5,2026-07-30 00:20:04.825950,0,0,0,8
6,2026-07-30 00:20:04.825950,3,2,1,10
7,2026-07-30 00:20:04.825950,2,1,1,14
8,2026-07-30 00:20:04.825950,0,0,0,10
1,2026-07-30 01:20:04.825950,5,3,2,15
2,2026-07-30 01:20:04.825950,0,0,0,7
3,2026-07-30 01:20:04.825950,3,2,1,9
4,2026-07-30 01:20:04.825950,5,3,2,9
5,2026-07-30 01:20:04.825950,2,1,1,8
6,2026-07-30 01:20:04.825950,1,0,1,12
7,2026-07-30 01:20:04.825950,5,4,1,10
8,2026-07-30 01:20:04.825950,3,2,1,12
1,2026-07-30 02:20:04.825950,4,3,1,8
2,2026-07-30 02:20:04.825950,1,0,1,14
3,2026-07-30 02:20:04.825950,0,0,0,13
4,2026-07-30 02:20:04.825950,5,3,2,14
5,2026-07-30 02:20:04.825950,0,0,0,13
6,2026-07-30 02:20:04.825950,4,2,2,13
7,2026-07-30 02:20:04.825950,1,0,1,13
8,2026-07-30 02:20:04.825950,3,2,1,8
1,2026-07-30 03:20:04.825950,5,4,1,6
2,2026-07-30 03:20:04.825950,4,3,1,5
3,2026-07-30 03:20:04.825950,3,2,1,11
4,2026-07-30 03:20:04.825950,3,2,1,13
5,2026-07-30 03:20:04.825950,3,2,1,9
6,2026-07-30 03:20:04.825950,5,3,2,9
7,2026-07-30 03:20:04.825950,0,0,0,14
8,2026-07-30 03:20:04.825950,0,0,0,10
1,2026-07-30 04:20:04.825950,5,3,2,5
2,2026-07-30 04:20:04.825950,0,0,0,12
3,2026-07-30 04:20:04.825950,0,0,0,7
4,2026-07-30 04:20:04.825950,1,0,1,15
5,2026-07-30 04:20:04.825950,3,2,1,11
6,2026-07-30 04:20:04.825950,3,2,1,11
7,2026-07-30 04:20:04.825950,3,2,1,15
8,2026-07-30 04:20:04.825950,4,2,2,10
1,2026-07-30 05:20:04.825950,0,0,0,13
2,2026-07-30 05:20:04.825950,3,2,1,8
3,2026-07-30 05:20:04.825950,0,0,0,9
4,2026-07-30 05:20:04.825950,3,2,1,13
5,2026-07-30 05:20:04.825950,3,2,1,8
6,2026-07-30 05:20:04.825950,1,0,1,7
7,2026-07-30 05:20:04.825950,2,1,1,6
8,2026-07-30 05:20:04.825950,0,0,0,11
1,2026-07-30 06:20:04.825950,4,3,1,5
2,2026-07-30 06:20:04.825950,1,0,1,6
3,2026-07-30 06:20:04.825950,4,2,2,14
4,2026-07-30 06:20:04.825950,5,4,1,5
5,2026-07-30 06:20:04.825950,1,0,1,11
6,2026-07-30 06:20:04.825950,3,2,1,8
7,2026-07-30 06:20:04.825950,0,0,0,9
8,2026-07-30 06:20:04.825950,1,0,1,14
1,2026-07-30 07:20:04.825950,27,20,7,20
2,2026-07-30 07:20:04.825950,5,4,1,11
3,2026-07-30 07:20:04.825950,2,1,1,13
4,2026-07-30 07:20:04.825950,4,3,1,7
5,2026-07-30 07:20:04.825950,5,4,1,13
6,2026-07-30 07:20:04.825950,3,2,1,10
7,2026-07-30 07:20:04.825950,5,4,1,13
8,2026-07-30 07:20:04.825950,2,1,1,11
1,2026-07-30 08:20:04.825950,25,19,6,19
2,2026-07-30 08:20:04.825950,3,2,1,8
3,2026-07-30 08:20:04.825950,16,13,3,13
4,2026-07-30 08:20:04.825950,4,3,1,11
5,2026-07-30 08:20:04.825950,4,3,1,11
6,2026-07-30 08:20:04.825950,1,0,1,10
7,2026-07-30 08:20:04.825950,5,3,2,12
8,2026-07-30 08:20:04.825950,2,1,1,8
1,2026-07-30 09:20:04.825950,23,17,6,17
2,2026-07-30 09:20:04.825950,4,2,2,6
3,2026-07-30 09:20:04.825950,17,13,4,13
4,2026-07-30 09:20:04.825950,2,1,1,5
5,2026-07-30 09:20:04.825950,1,0,1,6
6,2026-07-30 09:20:04.825950,5,4,1,12
7,2026-07-30 09:20:04.825950,1,0,1,8
8,2026-07-30 09:20:04.825950,3,2,1,13
1,2026-07-30 10:20:04.825950,2,1,1,11
2,2026-07-30 10:20:04.825950,3,2,1,10
3,2026-07-30 10:20:04.825950,20,15,5,15
4,2026-07-30 10:20:04.825950,3,2,1,12
5,2026-07-30 10:20:04.825950,2,1,1,10
6,2026-07-30 10:20:04.825950,2,1,1,14
7,2026-07-30 10:20:04.825950,1,0,1,5
8,2026-07-30 10:20:04.825950,2,1,1,14
1,2026-07-30 11:20:04.825950,4,3,1,9
2,2026-07-30 11:20:04.825950,1,0,1,8
3,2026-07-30 11:20:04.825950,3,2,1,8
4,2026-07-30 11:20:04.825950,21,17,4,17
5,2026-07-30 11:20:04.825950,2,1,1,12
6,2026-07-30 11:20:04.825950,5,4,1,12
7,2026-07-30 11:20:04.825950,3,2,1,10
8,2026-07-30 11:20:04.825950,1,0,1,13
1,2026-07-30 12:20:04.825950,3,2,1,13
2,2026-07-30 12:20:04.825950,5,4,1,13
3,2026-07-30 12:20:04.825950,0,0,0,6
4,2026-07-30 12:20:04.825950,15,12,3,12
5,2026-07-30 12:20:04.825950,1,0,1,8
6,2026-07-30 12:20:04.825950,0,0,0,5
7,2026-07-30 12:20:04.825950,1,0,1,10
8,2026-07-30 12:20:04.825950,0,0,0,15
1,2026-07-30 13:20:04.825950,4,3,1,15
2,2026-07-30 13:20:04.825950,3,2,1,13
3,2026-07-30 13:20:04.825950,4,3,1,5
4,2026-07-30 13:20:04.825950,18,14,4,14
5,2026-07-30 13:20:04.825950,0,0,0,15
6,2026-07-30 13:20:04.825950,3,2,1,7
7,2026-07-30 13:20:04.825950,0,0,0,13
8,2026-07-30 13:20:04.825950,1,0,1,14
1,2026-07-30 14:20:04.825950,4,3,1,10
2,2026-07-30 14:20:04.825950,2,1,1,6
3,2026-07-30 14:20:04.825950,2,1,1,12
4,2026-07-30 14:20:04.825950,4,2,2,8
5,2026-07-30 14:20:04.825950,2,1,1,6
6,2026-07-30 14:20:04.825950,5,4,1,15
7,2026-07-30 14:20:04.825950,0,0,0,11
8,2026-07-30 14:20:04.825950,3,2,1,5
1,2026-07-30 15:20:04.825950,5,3,2,7
2,2026-07-30 15:20:04.825950,0,0,0,11
3,2026-07-30 15:20:04.825950,25,20,5,20
4,2026-07-30 15:20:04.825950,4,3,1,8
5,2026-07-30 15:20:04.825950,1,0,1,14
6,2026-07-30 15:20:04.825950,3,2,1,6
7,2026-07-30 15:20:04.825950,5,4,1,13
8,2026-07-30 15:20:04.825950,4,3,1,7
1,2026-07-30 16:20:04.825950,2,1,1,8
2,2026-07-30 16:20:04.825950,4,2,2,11
3,2026-07-30 16:20:04.825950,19,13,6,13
4,2026-07-30 16:20:04.825950,4,3,1,11
5,2026-07-30 16:20:04.825950,5,4,1,10
6,2026-07-30 16:20:04.825950,3,2,1,7
7,2026-07-30 16:20:04.825950,5,4,1,13
8,2026-07-30 16:20:04.825950,5,4,1,5
1,2026-07-30 17:20:04.825950,28,20,8,20
2,2026-07-30 17:20:04.825950,2,1,1,14
3,2026-07-30 17:20:04.825950,26,23,3,23
4,2026-07-30 17:20:04.825950,0,0,0,12
5,2026-07-30 17:20:04.825950,3,2,1,13
6,2026-07-30 17:20:04.825950,3,2,1,15
7,2026-07-30 17:20:04.825950,4,3,1,6
8,2026-07-30 17:20:04.825950,4,3,1,8
1,2026-07-30 18:20:04.825950,22,15,7,15
2,2026-07-30 18:20:04.825950,3,2,1,15
3,2026-07-30 18:20:04.825950,1,0,1,10
4,2026-07-30 18:20:04.825950,13,9,4,9
5,2026-07-30 18:20:04.825950,3,2,1,9
6,2026-07-30 18:20:04.825950,0,0,0,7
7,2026-07-30 18:20:04.825950,3,2,1,13
8,2026-07-30 18:20:04.825950,4,3,1,5
1,2026-07-30 19:20:04.825950,26,21,5,21
2,2026-07-30 19:20:04.825950,4,3,1,11
3,2026-07-30 19:20:04.825950,0,0,0,11
4,2026-07-30 19:20:04.825950,18,15,3,15
5,2026-07-30 19:20:04.825950,4,3,1,15
6,2026-07-30 19:20:04.825950,3,2,1,9
7,2026-07-30 19:20:04.825950,2,1,1,7
8,2026-07-30 19:20:04.825950,0,0,0,9
1,2026-07-30 20:20:04.825950,27,21,6,21
2,2026-07-30 20:20:04.825950,2,1,1,8
3,2026-07-30 20:20:04.825950,5,4,1,14
4,2026-07-30 20:20:04.825950,17,13,4,13
5,2026-07-30 20:20:04.825950,2,1,1,11
6,2026-07-30 20:20:04.825950,2,1,1,11
7,2026-07-30 20:20:04.825950,2,1,1,11
8,2026-07-30 20:20:04.825950,5,4,1,7
1,2026-07-30 21:20:04.825950,2,1,1,8
2,2026-07-30 21:20:04.825950,3,2,1,11
3,2026-07-30 21:20:04.825950,2,1,1,15
4,2026-07-30 21:20:04.825950,22,18,4,18
5,2026-07-30 21:20:04.825950,3,2,1,11
6,2026-07-30 21:20:04.825950,2,1,1,14
7,2026-07-30 21:20:04.825950,1,0,1,13
8,2026-07-30 21:20:04.825950,1,0,1,13
1,2026-07-30 22:20:04.825950,0,0,0,12
2,2026-07-30 22:20:04.825950,5,3,2,9
3,2026-07-30 22:20:04.825950,5,3,2,11
4,2026-07-30 22:20:04.825950,5,3,2,15
5,2026-07-30 22:20:04.825950,2,1,1,15
6,2026-07-30 22:20:04.825950,1,0,1,11
7,2026-07-30 22:20:04.825950,0,0,0,14
8,2026-07-30 22:20:04.825950,3,2,1,13
1,2026-07-30 23:20:04.825950,4,3,1,11
2,2026-07-30 23:20:04.825950,4,2,2,10
3,2026-07-30 23:20:04.825950,5,4,1,13
4,2026-07-30 23:20:04.825950,4,3,1,6
5,2026-07-30 23:20:04.825950,0,0,0,15
6,2026-07-30 23:20:04.825950,5,3,2,15
7,2026-07-30 23:20:04.825950,4,2,2,15
8,2026-07-30 23:20:04.825950,5,4,1,10
1,2026-07-31 00:20:04.825950,3,2,1,6
2,2026-07-31 00:20:04.825950,2,1,1,13
3,2026-07-31 00:20:04.825950,4,3,1,14
4,2026-07-31 00:20:04.825950,1,0,1,11
5,2026-07-31 00:20:04.825950,3,2,1,14
6,2026-07-31 00:20:04.825950,5,4,1,10
7,2026-07-31 00:20:04.825950,0,0,0,9
8,2026-07-31 00:20:04.825950,3,2,1,6
1,2026-07-31 01:20:04.825950,0,0,0,7
2,2026-07-31 01:20:04.825950,2,1,1,12
3,2026-07-31 01:20:04.825950,1,0,1,10
4,2026-07-31 01:20:04.825950,3,2,1,12
5,2026-07-31 01:20:04.825950,2,1,1,5
6,2026-07-31 01:20:04.825950,5,3,2,10
7,2026-07-31 01:20:04.825950,5,3,2,7
8,2026-07-31 01:20:04.825950,5,3,2,7
1,2026-07-31 02:20:04.825950,4,2,2,13
2,2026-07-31 02:20:04.825950,3,2,1,8
3,2026-07-31 02:20:04.825950,3,2,1,7
4,2026-07-31 02:20:04.825950,5,4,1,11
5,2026-07-31 02:20:04.825950,0,0,0,8
6,2026-07-31 02:20:04.825950,3,2,1,11
7,2026-07-31 02:20:04.825950,0,0,0,8
8,2026-07-31 02:20:04.825950,2,1,1,6
1,2026-07-31 03:20:04.825950,4,2,2,13
2,2026-07-31 03:20:04.825950,1,0,1,8
3,2026-07-31 03:20:04.825950,3,2,1,15
4,2026-07-31 03:20:04.825950,3,2,1,15
5,2026-07-31 03:20:04.825950,2,1,1,14
6,2026-07-31 03:20:04.825950,3,2,1,10
7,2026-07-31 03:20:04.825950,2,1,1,14
8,2026-07-31 03:20:04.825950,1,0,1,9
1,2026-07-31 04:20:04.825950,4,3,1,15
2,2026-07-31 04:20:04.825950,1,0,1,8
3,2026-07-31 04:20:04.825950,2,1,1,10
4,2026-07-31 04:20:04.825950,5,3,2,11
5,2026-07-31 04:20:04.825950,3,2,1,14
6,2026-07-31 04:20:04.825950,3,2,1,12
7,2026-07-31 04:20:04.825950,5,4,1,15
8,2026-07-31 04:20:04.825950,1,0,1,12
1,2026-07-31 05:20:04.825950,2,1,1,10
2,2026-07-31 05:20:04.825950,3,2,1,10
3,2026-07-31 05:20:04.825950,0,0,0,8
4,2026-07-31 05:20:04.825950,3,2,1,13
5,2026-07-31 05:20:04.825950,5,3,2,15
6,2026-07-31 05:20:04.825950,3,2,1,12
7,2026-07-31 05:20:04.825950,3,2,1,14
8,2026-07-31 05:20:04.825950,0,0,0,8
1,2026-07-31 06:20:04.825950,2,1,1,8
2,2026-07-31 06:20:04.825950,4,3,1,12
3,2026-07-31 06:20:04.825950,4,3,1,12
4,2026-07-31 06:20:04.825950,4,3,1,14
5,2026-07-31 06:20:04.825950,0,0,0,13
6,2026-07-31 06:20:04.825950,2,1,1,5
7,2026-07-31 06:20:04.825950,5,3,2,8
8,2026-07-31 06:20:04.825950,3,2,1,15
1,2026-07-31 07:20:04.825950,25,21,4,21
2,2026-07-31 07:20:04.825950,3,2,1,6
3,2026-07-31 07:20:04.825950,3,2,1,6
4,2026-07-31 07:20:04.825950,1,0,1,14
5,2026-07-31 07:20:04.825950,5,3,2,14
6,2026-07-31 07:20:04.825950,5,3,2,14
7,2026-07-31 07:20:04.825950,1,0,1,8
8,2026-07-31 07:20:04.825950,0,0,0,13
1,2026-07-31 08:20:04.825950,22,16,6,16
2,2026-07-31 08:20:04.825950,2,1,1,13
3,2026-07-31 08:20:04.825950,18,13,5,13
4,2026-07-31 08:20:04.825950,0,0,0,15
5,2026-07-31 08:20:04.825950,1,0,1,7
6,2026-07-31 08:20:04.825950,1,0,1,10
7,2026-07-31 08:20:04.825950,1,0,1,15
8,2026-07-31 08:20:04.825950,3,2,1,14
1,2026-07-31 09:20:04.825950,28,23,5,23
2,2026-07-31 09:20:04.825950,3,2,1,6
3,2026-07-31 09:20:04.825950,21,17,4,17
4,2026-07-31 09:20:04.825950,3,2,1,10
5,2026-07-31 09:20:04.825950,4,2,2,6
6,2026-07-31 09:20:04.825950,5,4,1,15
7,2026-07-31 09:20:04.825950,5,4,1,6
8,2026-07-31 09:20:04.825950,4,3,1,11
1,2026-07-31 10:20:04.825950,1,0,1,10
2,2026-07-31 10:20:04.825950,2,1,1,14
3,2026-07-31 10:20:04.825950,26,22,4,22
4,2026-07-31 10:20:04.825950,0,0,0,15
5,2026-07-31 10:20:04.825950,3,2,1,7
6,2026-07-31 10:20:04.825950,3,2,1,11
7,2026-07-31 10:20:04.825950,1,0,1,7
8,2026-07-31 10:20:04.825950,5,3,2,9
1,2026-07-31 11:20:04.825950,0,0,0,9
2,2026-07-31 11:20:04.825950,0,0,0,15
3,2026-07-31 11:20:04.825950,1,0,1,15
4,2026-07-31 11:20:04.825950,15,11,4,11
5,2026-07-31 11:20:04.825950,5,3,2,8
6,2026-07-31 11:20:04.825950,3,2,1,14
7,2026-07-31 11:20:04.825950,1,0,1,12
8,2026-07-31 11:20:04.825950,0,0,0,10
1,2026-07-31 12:20:04.825950,0,0,0,11
2,2026-07-31 12:20:04.825950,5,3,2,6
3,2026-07-31 12:20:04.825950,1,0,1,6
4,2026-07-31 12:20:04.825950,15,11,4,11
5,2026-07-31 12:20:04.825950,1,0,1,7
6,2026-07-31 12:20:04.825950,5,4,1,7
7,2026-07-31 12:20:04.825950,0,0,0,5
8,2026-07-31 12:20:04.825950,4,3,1,12
1,2026-07-31 13:20:04.825950,2,1,1,15
2,2026-07-31 13:20:04.825950,5,3,2,11
3,2026-07-31 13:20:04.825950,4,3,1,8
4,2026-07-31 13:20:04.825950,11,8,3,8
5,2026-07-31 13:20:04.825950,4,3,1,10
6,2026-07-31 13:20:04.825950,3,2,1,7
7,2026-07-31 13:20:04.825950,1,0,1,6
8,2026-07-31 13:20:04.825950,1,0,1,14
1,2026-07-31 14:20:04.825950,5,4,1,5
2,2026-07-31 14:20:04.825950,5,4,1,8
3,2026-07-31 14:20:04.825950,4,3,1,8
4,2026-07-31 14:20:04.825950,5,3,2,15
5,2026-07-31 14:20:04.825950,0,0,0,8
6,2026-07-31 14:20:04.825950,3,2,1,8
7,2026-07-31 14:20:04.825950,3,2,1,6
8,2026-07-31 14:20:04.825950,4,3,1,5
1,2026-07-31 15:20:04.825950,2,1,1,7
2,2026-07-31 15:20:04.825950,3,2,1,14
3,2026-07-31 15:20:04.825950,24,19,5,19
4,2026-07-31 15:20:04.825950,3,2,1,6
5,2026-07-31 15:20:04.825950,0,0,0,5
6,2026-07-31 15:20:04.825950,2,1,1,5
7,2026-07-31 15:20:04.825950,3,2,1,15
8,2026-07-31 15:20:04.825950,5,4,1,11
1,2026-07-31 16:20:04.825950,3,2,1,6
2,2026-07-31 16:20:04.825950,5,4,1,14
3,2026-07-31 16:20:04.825950,19,13,6,13
4,2026-07-31 16:20:04.825950,4,3,1,7
5,2026-07-31 16:20:04.825950,4,3,1,14
6,2026-07-31 16:20:04.825950,5,4,1,15
7,2026-07-31 16:20:04.825950,5,4,1,9
8,2026-07-31 16:20:04.825950,5,3,2,8
1,2026-07-31 17:20:04.825950,22,15,7,15
2,2026-07-31 17:20:04.825950,0,0,0,14
3,2026-07-31 17:20:04.825950,19,15,4,15
4,2026-07-31 17:20:04.825950,5,3,2,5
5,2026-07-31 17:20:04.825950,5,3,2,5
6,2026-07-31 17:20:04.825950,1,0,1,10
7,2026-07-31 17:20:04.825950,4,3,1,9
8,2026-07-31 17:20:04.825950,1,0,1,9
1,2026-07-31 18:20:04.825950,23,19,4,19
2,2026-07-31 18:20:04.825950,2,1,1,9
3,2026-07-31 18:20:04.825950,4,2,2,14
4,2026-07-31 18:20:04.825950,16,12,4,13
5,2026-07-31 18:20:04.825950,2,1,1,14
6,2026-07-31 18:20:04.825950,1,0,1,9
7,2026-07-31 18:20:04.825950,0,0,0,15
8,2026-07-31 18:20:04.825950,5,3,2,13
1,2026-07-31 19:20:04.825950,16,13,3,13
2,2026-07-31 19:20:04.825950,1,0,1,10
3,2026-07-31 19:20:04.825950,3,2,1,7
4,2026-07-31 19:20:04.825950,18,15,3,15
5,2026-07-31 19:20:04.825950,3,2,1,8
6,2026-07-31 19:20:04.825950,3,2,1,10
7,2026-07-31 19:20:04.825950,2,1,1,14
8,2026-07-31 19:20:04.825950,2,1,1,15
1,2026-07-31 20:20:04.825950,20,14,6,14
2,2026-07-31 20:20:04.825950,0,0,0,6
3,2026-07-31 20:20:04.825950,3,2,1,9
4,2026-07-31 20:20:04.825950,13,10,3,10
5,2026-07-31 20:20:04.825950,2,1,1,14
6,2026-07-31 20:20:04.825950,2,1,1,8
7,2026-07-31 20:20:04.825950,3,2,1,12
8,2026-07-31 20:20:04.825950,1,0,1,13
1,2026-07-31 21:20:04.825950,1,0,1,11
2,2026-07-31 21:20:04.825950,0,0,0,10
3,2026-07-31 21:20:04.825950,5,4,1,5
4,2026-07-31 21:20:04.825950,12,10,2,11
5,2026-07-31 21:20:04.825950,5,4,1,6
6,2026-07-31 21:20:04.825950,1,0,1,8
7,2026-07-31 21:20:04.825950,3,2,1,5
8,2026-07-31 21:20:04.825950,1,0,1,6
1,2026-07-31 22:20:04.825950,0,0,0,13
2,2026-07-31 22:20:04.825950,3,2,1,10
3,2026-07-31 22:20:04.825950,3,2,1,6
4,2026-07-31 22:20:04.825950,4,2,2,7
5,2026-07-31 22:20:04.825950,5,4,1,6
6,2026-07-31 22:20:04.825950,4,3,1,11
7,2026-07-31 22:20:04.825950,5,4,1,8
8,2026-07-31 22:20:04.825950,2,1,1,10
1,2026-07-31 23:20:04.825950,3,2,1,10
2,2026-07-31 23:20:04.825950,2,1,1,8
3,2026-07-31 23:20:04.825950,0,0,0,7
4,2026-07-31 23:20:04.825950,4,2,2,6
5,2026-07-31 23:20:04.825950,1,0,1,10
6,2026-07-31 23:20:04.825950,3,2,1,10
7,2026-07-31 23:20:04.825950,1,0,1,12
8,2026-07-31 23:20:04.825950,2,1,1,6
1,2026-08-01 00:20:04.825950,1,0,1,9
2,2026-08-01 00:20:04.825950,5,4,1,5
3,2026-08-01 00:20:04.825950,1,0,1,10
4,2026-08-01 00:20:04.825950,1,0,1,8
5,2026-08-01 00:20:04.825950,2,1,1,5
6,2026-08-01 00:20:04.825950,5,3,2,7
7,2026-08-01 00:20:04.825950,0,0,0,12
8,2026-08-01 00:20:04.825950,4,3,1,8
1,2026-08-01 01:20:04.825950,0,0,0,7
2,2026-08-01 01:20:04.825950,0,0,0,8
3,2026-08-01 01:20:04.825950,1,0,1,11
4,2026-08-01 01:20:04.825950,2,1,1,15
5,2026-08-01 01:20:04.825950,0,0,0,9
6,2026-08-01 01:20:04.825950,0,0,0,6
7,2026-08-01 01:20:04.825950,1,0,1,12
8,2026-08-01 01:20:04.825950,1,0,1,10
1,2026-08-01 02:20:04.825950,0,0,0,12
2,2026-08-01 02:20:04.825950,0,0,0,14
3,2026-08-01 02:20:04.825950,3,2,1,11
4,2026-08-01 02:20:04.825950,3,2,1,15
5,2026-08-01 02:20:04.825950,3,2,1,8
6,2026-08-01 02:20:04.825950,1,0,1,12
7,2026-08-01 02:20:04.825950,1,0,1,14
8,2026-08-01 02:20:04.825950,4,2,2,9
1,2026-08-01 03:20:04.825950,3,2,1,13
2,2026-08-01 03:20:04.825950,3,2,1,9
3,2026-08-01 03:20:04.825950,3,2,1,8
4,2026-08-01 03:20:04.825950,5,4,1,13
5,2026-08-01 03:20:04.825950,1,0,1,13
6,2026-08-01 03:20:04.825950,0,0,0,10
7,2026-08-01 03:20:04.825950,3,2,1,12
8,2026-08-01 03:20:04.825950,2,1,1,13
1,2026-08-01 04:20:04.825950,2,1,1,7
2,2026-08-01 04:20:04.825950,0,0,0,8
3,2026-08-01 04:20:04.825950,0,0,0,9
4,2026-08-01 04:20:04.825950,0,0,0,12
5,2026-08-01 04:20:04.825950,4,3,1,14
6,2026-08-01 04:20:04.825950,1,0,1,6
7,2026-08-01 04:20:04.825950,1,0,1,9
8,2026-08-01 04:20:04.825950,4,3,1,5
1,2026-08-01 05:20:04.825950,1,0,1,11
2,2026-08-01 05:20:04.825950,2,1,1,7
3,2026-08-01 05:20:04.825950,1,0,1,10
4,2026-08-01 05:20:04.825950,5,4,1,14
5,2026-08-01 05:20:04.825950,0,0,0,10
6,2026-08-01 05:20:04.825950,4,3,1,14
7,2026-08-01 05:20:04.825950,1,0,1,12
8,2026-08-01 05:20:04.825950,4,3,1,12
1,2026-08-01 06:20:04.825950,0,0,0,8
2,2026-08-01 06:20:04.825950,4,2,2,13
3,2026-08-01 06:20:04.825950,3,2,1,14
4,2026-08-01 06:20:04.825950,1,0,1,10
5,2026-08-01 06:20:04.825950,5,3,2,10
6,2026-08-01 06:20:04.825950,0,0,0,14
7,2026-08-01 06:20:04.825950,5,4,1,6
8,2026-08-01 06:20:04.825950,4,3,1,6
1,2026-08-01 07:20:04.825950,29,23,6,23
2,2026-08-01 07:20:04.825950,2,1,1,7
3,2026-08-01 07:20:04.825950,5,4,1,15
4,2026-08-01 07:20:04.825950,3,2,1,7
5,2026-08-01 07:20:04.825950,5,4,1,14
6,2026-08-01 07:20:04.825950,2,1,1,14
7,2026-08-01 07:20:04.825950,1,0,1,9
8,2026-08-01 07:20:04.825950,1,0,1,5
1,2026-08-01 08:20:04.825950,32,27,5,27
2,2026-08-01 08:20:04.825950,0,0,0,10
3,2026-08-01 08:20:04.825950,4,2,2,14
4,2026-08-01 08:20:04.825950,0,0,0,7
5,2026-08-01 08:20:04.825950,2,1,1,8
6,2026-08-01 08:20:04.825950,2,1,1,7
7,2026-08-01 08:20:04.825950,5,4,1,6
8,2026-08-01 08:20:04.825950,5,4,1,10
1,2026-08-01 09:20:04.825950,18,13,5,13
2,2026-08-01 09:20:04.825950,5,3,2,9
3,2026-08-01 09:20:04.825950,0,0,0,5
4,2026-08-01 09:20:04.825950,3,2,1,11
5,2026-08-01 09:20:04.825950,1,0,1,12
6,2026-08-01 09:20:04.825950,3,2,1,11
7,2026-08-01 09:20:04.825950,0,0,0,14
8,2026-08-01 09:20:04.825950,5,4,1,8
1,2026-08-01 10:20:04.825950,1,0,1,5
2,2026-08-01 10:20:04.825950,2,1,1,9
3,2026-08-01 10:20:04.825950,0,0,0,7
4,2026-08-01 10:20:04.825950,3,2,1,6
5,2026-08-01 10:20:04.825950,4,3,1,6
6,2026-08-01 10:20:04.825950,2,1,1,14
7,2026-08-01 10:20:04.825950,3,2,1,11
8,2026-08-01 10:20:04.825950,5,3,2,11
1,2026-08-01 11:20:04.825950,1,0,1,10
2,2026-08-01 11:20:04.825950,1,0,1,11
3,2026-08-01 11:20:04.825950,5,4,1,13
4,2026-08-01 11:20:04.825950,22,16,6,16
5,2026-08-01 11:20:04.825950,0,0,0,14
6,2026-08-01 11:20:04.825950,4,3,1,7
7,2026-08-01 11:20:04.825950,0,0,0,11
8,2026-08-01 11:20:04.825950,0,0,0,15
1,2026-08-01 12:20:04.825950,5,4,1,8
2,2026-08-01 12:20:04.825950,0,0,0,7
3,2026-08-01 12:20:04.825950,5,3,2,6
4,2026-08-01 12:20:04.825950,14,10,4,11
5,2026-08-01 12:20:04.825950,3,2,1,15
6,2026-08-01 12:20:04.825950,2,1,1,13
7,2026-08-01 12:20:04.825950,3,2,1,11
8,2026-08-01 12:20:04.825950,2,1,1,5
1,2026-08-01 13:20:04.825950,2,1,1,9
2,2026-08-01 13:20:04.825950,1,0,1,14
3,2026-08-01 13:20:04.825950,0,0,0,15
4,2026-08-01 13:20:04.825950,11,9,2,13
5,2026-08-01 13:20:04.825950,3,2,1,14
6,2026-08-01 13:20:04.825950,1,0,1,11
7,2026-08-01 13:20:04.825950,4,3,1,13
8,2026-08-01 13:20:04.825950,5,4,1,12
1,2026-08-01 14:20:04.825950,4,3,1,12
2,2026-08-01 14:20:04.825950,2,1,1,5
3,2026-08-01 14:20:04.825950,4,3,1,13
4,2026-08-01 14:20:04.825950,4,3,1,14
5,2026-08-01 14:20:04.825950,1,0,1,12
6,2026-08-01 14:20:04.825950,1,0,1,7
7,2026-08-01 14:20:04.825950,1,0,1,7
8,2026-08-01 14:20:04.825950,0,0,0,15
1,2026-08-01 15:20:04.825950,3,2,1,15
2,2026-08-01 15:20:04.825950,1,0,1,9
3,2026-08-01 15:20:04.825950,2,1,1,6
4,2026-08-01 15:20:04.825950,0,0,0,11
5,2026-08-01 15:20:04.825950,4,3,1,9
6,2026-08-01 15:20:04.825950,4,3,1,5
7,2026-08-01 15:20:04.825950,5,4,1,13
8,2026-08-01 15:20:04.825950,3,2,1,7
1,2026-08-01 16:20:04.825950,1,0,1,14
2,2026-08-01 16:20:04.825950,0,0,0,14
3,2026-08-01 16:20:04.825950,0,0,0,13
4,2026-08-01 16:20:04.825950,2,1,1,9
5,2026-08-01 16:20:04.825950,3,2,1,14
6,2026-08-01 16:20:04.825950,4,3,1,7
7,2026-08-01 16:20:04.825950,2,1,1,14
8,2026-08-01 16:20:04.825950,4,3,1,11
1,2026-08-01 17:20:04.825950,27,23,4,23
2,2026-08-01 17:20:04.825950,5,3,2,12
3,2026-08-01 17:20:04.825950,2,1,1,5
4,2026-08-01 17:20:04.825950,2,1,1,9
5,2026-08-01 17:20:04.825950,2,1,1,12
6,2026-08-01 17:20:04.825950,5,4,1,8
7,2026-08-01 17:20:04.825950,1,0,1,12
8,2026-08-01 17:20:04.825950,2,1,1,11
1,2026-08-01 18:20:04.825950,21,15,6,15
2,2026-08-01 18:20:04.825950,3,2,1,13
3,2026-08-01 18:20:04.825950,2,1,1,13
4,2026-08-01 18:20:04.825950,12,9,3,13
5,2026-08-01 18:20:04.825950,3,2,1,13
6,2026-08-01 18:20:04.825950,4,2,2,8
7,2026-08-01 18:20:04.825950,1,0,1,8
8,2026-08-01 18:20:04.825950,0,0,0,10
1,2026-08-01 19:20:04.825950,26,19,7,19
2,2026-08-01 19:20:04.825950,4,3,1,6
3,2026-08-01 19:20:04.825950,5,3,2,10
4,2026-08-01 19:20:04.825950,22,17,5,17
5,2026-08-01 19:20:04.825950,4,3,1,10
6,2026-08-01 19:20:04.825950,1,0,1,9
7,2026-08-01 19:20:04.825950,5,4,1,6
8,2026-08-01 19:20:04.825950,2,1,1,5
1,2026-08-01 20:20:04.825950,22,19,3,19
2,2026-08-01 20:20:04.825950,1,0,1,9
3,2026-08-01 20:20:04.825950,5,3,2,5
4,2026-08-01 20:20:04.825950,15,11,4,11
5,2026-08-01 20:20:04.825950,5,3,2,5
6,2026-08-01 20:20:04.825950,1,0,1,9
7,2026-08-01 20:20:04.825950,5,4,1,15
8,2026-08-01 20:20:04.825950,2,1,1,11
1,2026-08-01 21:20:04.825950,2,1,1,8
2,2026-08-01 21:20:04.825950,3,2,1,13
3,2026-08-01 21:20:04.825950,4,3,1,6
4,2026-08-01 21:20:04.825950,18,16,2,16
5,2026-08-01 21:20:04.825950,4,3,1,14
6,2026-08-01 21:20:04.825950,2,1,1,6
7,2026-08-01 21:20:04.825950,3,2,1,9
8,2026-08-01 21:20:04.825950,5,3,2,9
1,2026-08-01 22:20:04.825950,2,1,1,15
2,2026-08-01 22:20:04.825950,2,1,1,13
3,2026-08-01 22:20:04.825950,1,0,1,14
4,2026-08-01 22:20:04.825950,3,2,1,15
5,2026-08-01 22:20:04.825950,1,0,1,15
6,2026-08-01 22:20:04.825950,3,2,1,9
7,2026-08-01 22:20:04.825950,3,2,1,5
8,2026-08-01 22:20:04.825950,4,3,1,14
1,2026-08-01 23:20:04.825950,1,0,1,8
2,2026-08-01 23:20:04.825950,5,4,1,12
3,2026-08-01 23:20:04.825950,5,3,2,9
4,2026-08-01 23:20:04.825950,1,0,1,13
5,2026-08-01 23:20:04.825950,1,0,1,12
6,2026-08-01 23:20:04.825950,1,0,1,13
7,2026-08-01 23:20:04.825950,1,0,1,10
8,2026-08-01 23:20:04.825950,5,3,2,10
1,2026-08-02 00:20:04.825950,1,0,1,9
2,2026-08-02 00:20:04.825950,3,2,1,10
3,2026-08-02 00:20:04.825950,2,1,1,9
4,2026-08-02 00:20:04.825950,3,2,1,12
5,2026-08-02 00:20:04.825950,0,0,0,14
6,2026-08-02 00:20:04.825950,4,3,1,6
7,2026-08-02 00:20:04.825950,3,2,1,13
8,2026-08-02 00:20:04.825950,0,0,0,11
1,2026-08-02 01:20:04.825950,4,3,1,5
2,2026-08-02 01:20:04.825950,1,0,1,8
3,2026-08-02 01:20:04.825950,2,1,1,14
4,2026-08-02 01:20:04.825950,3,2,1,7
5,2026-08-02 01:20:04.825950,0,0,0,15
6,2026-08-02 01:20:04.825950,1,0,1,5
7,2026-08-02 01:20:04.825950,0,0,0,8
8,2026-08-02 01:20:04.825950,1,0,1,7
1,2026-08-02 02:20:04.825950,3,2,1,6
2,2026-08-02 02:20:04.825950,1,0,1,15
3,2026-08-02 02:20:04.825950,3,2,1,12
4,2026-08-02 02:20:04.825950,3,2,1,13
5,2026-08-02 02:20:04.825950,1,0,1,5
6,2026-08-02 02:20:04.825950,2,1,1,13
7,2026-08-02 02:20:04.825950,1,0,1,5
8,2026-08-02 02:20:04.825950,5,4,1,8
1,2026-08-02 03:20:04.825950,5,4,1,9
2,2026-08-02 03:20:04.825950,1,0,1,13
3,2026-08-02 03:20:04.825950,4,3,1,6
4,2026-08-02 03:20:04.825950,0,0,0,9
5,2026-08-02 03:20:04.825950,3,2,1,14
6,2026-08-02 03:20:04.825950,4,3,1,15
7,2026-08-02 03:20:04.825950,1,0,1,12
8,2026-08-02 03:20:04.825950,2,1,1,7
1,2026-08-02 04:20:04.825950,3,2,1,8
2,2026-08-02 04:20:04.825950,5,4,1,8
3,2026-08-02 04:20:04.825950,5,3,2,13
4,2026-08-02 04:20:04.825950,1,0,1,15
5,2026-08-02 04:20:04.825950,0,0,0,15
6,2026-08-02 04:20:04.825950,2,1,1,14
7,2026-08-02 04:20:04.825950,0,0,0,5
8,2026-08-02 04:20:04.825950,5,3,2,5
1,2026-08-02 05:20:04.825950,0,0,0,11
2,2026-08-02 05:20:04.825950,3,2,1,13
3,2026-08-02 05:20:04.825950,2,1,1,7
4,2026-08-02 05:20:04.825950,1,0,1,15
5,2026-08-02 05:20:04.825950,0,0,0,15
6,2026-08-02 05:20:04.825950,0,0,0,9
7,2026-08-02 05:20:04.825950,4,3,1,7
8,2026-08-02 05:20:04.825950,3,2,1,6
1,2026-08-02 06:20:04.825950,4,3,1,6
2,2026-08-02 06:20:04.825950,2,1,1,6
3,2026-08-02 06:20:04.825950,3,2,1,8
4,2026-08-02 06:20:04.825950,2,1,1,8
5,2026-08-02 06:20:04.825950,2,1,1,9
6,2026-08-02 06:20:04.825950,1,0,1,12
7,2026-08-02 06:20:04.825950,1,0,1,12
8,2026-08-02 06:20:04.825950,2,1,1,5
1,2026-08-02 07:20:04.825950,22,19,3,19
2,2026-08-02 07:20:04.825950,5,3,2,6
3,2026-08-02 07:20:04.825950,4,2,2,6
4,2026-08-02 07:20:04.825950,2,1,1,12
5,2026-08-02 07:20:04.825950,2,1,1,5
6,2026-08-02 07:20:04.825950,0,0,0,5
7,2026-08-02 07:20:04.825950,2,1,1,15
8,2026-08-02 07:20:04.825950,2,1,1,6
1,2026-08-02 08:20:04.825950,16,11,5,11
2,2026-08-02 08:20:04.825950,5,4,1,10
3,2026-08-02 08:20:04.825950,2,1,1,14
4,2026-08-02 08:20:04.825950,2,1,1,6
5,2026-08-02 08:20:04.825950,2,1,1,7
6,2026-08-02 08:20:04.825950,0,0,0,12
7,2026-08-02 08:20:04.825950,2,1,1,12
8,2026-08-02 08:20:04.825950,3,2,1,7
1,2026-08-02 09:20:04.825950,19,15,4,15
2,2026-08-02 09:20:04.825950,1,0,1,14
3,2026-08-02 09:20:04.825950,3,2,1,15
4,2026-08-02 09:20:04.825950,3,2,1,11
5,2026-08-02 09:20:04.825950,2,1,1,15
6,2026-08-02 09:20:04.825950,5,4,1,7
7,2026-08-02 09:20:04.825950,3,2,1,6
8,2026-08-02 09:20:04.825950,3,2,1,6
1,2026-08-02 10:20:04.825950,2,1,1,5
2,2026-08-02 10:20:04.825950,5,4,1,13
3,2026-08-02 10:20:04.825950,5,4,1,14
4,2026-08-02 10:20:04.825950,1,0,1,15
5,2026-08-02 10:20:04.825950,2,1,1,14
6,2026-08-02 10:20:04.825950,0,0,0,8
7,2026-08-02 10:20:04.825950,3,2,1,15
8,2026-08-02 10:20:04.825950,5,3,2,13
1,2026-08-02 11:20:04.825950,4,2,2,15
2,2026-08-02 11:20:04.825950,1,0,1,12
3,2026-08-02 11:20:04.825950,3,2,1,6
4,2026-08-02 11:20:04.825950,18,13,5,13
5,2026-08-02 11:20:04.825950,0,0,0,13
6,2026-08-02 11:20:04.825950,5,3,2,8
7,2026-08-02 11:20:04.825950,0,0,0,14
8,2026-08-02 11:20:04.825950,3,2,1,12
1,2026-08-02 12:20:04.825950,3,2,1,12
2,2026-08-02 12:20:04.825950,5,4,1,6
3,2026-08-02 12:20:04.825950,3,2,1,13
4,2026-08-02 12:20:04.825950,14,12,2,14
5,2026-08-02 12:20:04.825950,4,3,1,13
6,2026-08-02 12:20:04.825950,4,2,2,15
7,2026-08-02 12:20:04.825950,3,2,1,10
8,2026-08-02 12:20:04.825950,0,0,0,12
1,2026-08-02 13:20:04.825950,2,1,1,14
2,2026-08-02 13:20:04.825950,4,3,1,15
3,2026-08-02 13:20:04.825950,2,1,1,6
4,2026-08-02 13:20:04.825950,20,14,6,14
5,2026-08-02 13:20:04.825950,2,1,1,9
6,2026-08-02 13:20:04.825950,4,3,1,6
7,2026-08-02 13:20:04.825950,0,0,0,12
8,2026-08-02 13:20:04.825950,1,0,1,11
1,2026-08-02 14:20:04.825950,0,0,0,8
2,2026-08-02 14:20:04.825950,1,0,1,11
3,2026-08-02 14:20:04.825950,1,0,1,8
4,2026-08-02 14:20:04.825950,5,3,2,11
5,2026-08-02 14:20:04.825950,0,0,0,15
6,2026-08-02 14:20:04.825950,4,2,2,12
7,2026-08-02 14:20:04.825950,3,2,1,13
8,2026-08-02 14:20:04.825950,1,0,1,5
1,2026-08-02 15:20:04.825950,4,3,1,13
2,2026-08-02 15:20:04.825950,3,2,1,12
3,2026-08-02 15:20:04.825950,4,3,1,7
4,2026-08-02 15:20:04.825950,5,4,1,7
5,2026-08-02 15:20:04.825950,0,0,0,14
6,2026-08-02 15:20:04.825950,4,3,1,13
7,2026-08-02 15:20:04.825950,3,2,1,14
8,2026-08-02 15:20:04.825950,5,4,1,9
1,2026-08-02 16:20:04.825950,3,2,1,9
2,2026-08-02 16:20:04.825950,3,2,1,7
3,2026-08-02 16:20:04.825950,3,2,1,13
4,2026-08-02 16:20:04.825950,2,1,1,13
5,2026-08-02 16:20:04.825950,2,1,1,13
6,2026-08-02 16:20:04.825950,5,3,2,8
7,2026-08-02 16:20:04.825950,4,3,1,15
8,2026-08-02 16:20:04.825950,2,1,1,7
1,2026-08-02 17:20:04.825950,25,20,5,20
2,2026-08-02 17:20:04.825950,2,1,1,10
3,2026-08-02 17:20:04.825950,4,3,1,14
4,2026-08-02 17:20:04.825950,5,4,1,15
5,2026-08-02 17:20:04.825950,5,4,1,13
6,2026-08-02 17:20:04.825950,2,1,1,11
7,2026-08-02 17:20:04.825950,0,0,0,5
8,2026-08-02 17:20:04.825950,3,2,1,15
1,2026-08-02 18:20:04.825950,21,15,6,15
2,2026-08-02 18:20:04.825950,2,1,1,7
3,2026-08-02 18:20:04.825950,0,0,0,9
4,2026-08-02 18:20:04.825950,19,13,6,13
5,2026-08-02 18:20:04.825950,0,0,0,15
6,2026-08-02 18:20:04.825950,5,4,1,8
7,2026-08-02 18:20:04.825950,5,4,1,11
8,2026-08-02 18:20:04.825950,1,0,1,9
1,2026-08-02 19:20:04.825950,21,18,3,18
2,2026-08-02 19:20:04.825950,3,2,1,15
3,2026-08-02 19:20:04.825950,2,1,1,5
4,2026-08-02 19:20:04.825950,14,10,4,12
5,2026-08-02 19:20:04.825950,1,0,1,15
6,2026-08-02 19:20:04.825950,2,1,1,13
7,2026-08-02 19:20:04.825950,5,4,1,8
8,2026-08-02 19:20:04.825950,2,1,1,15
1,2026-08-02 20:20:04.825950,20,17,3,17
2,2026-08-02 20:20:04.825950,0,0,0,11
3,2026-08-02 20:20:04.825950,2,1,1,7
4,2026-08-02 20:20:04.825950,20,17,3,17
5,2026-08-02 20:20:04.825950,2,1,1,7
6,2026-08-02 20:20:04.825950,0,0,0,10
7,2026-08-02 20:20:04.825950,4,2,2,15
8,2026-08-02 20:20:04.825950,4,3,1,9
1,2026-08-02 21:20:04.825950,3,2,1,13
2,2026-08-02 21:20:04.825950,2,1,1,10
3,2026-08-02 21:20:04.825950,4,2,2,7
4,2026-08-02 21:20:04.825950,15,12,3,12
5,2026-08-02 21:20:04.825950,3,2,1,11
6,2026-08-02 21:20:04.825950,0,0,0,8
7,2026-08-02 21:20:04.825950,5,3,2,10
8,2026-08-02 21:20:04.825950,2,1,1,14
1,2026-08-02 22:20:04.825950,4,3,1,13
2,2026-08-02 22:20:04.825950,5,3,2,15
3,2026-08-02 22:20:04.825950,2,1,1,15
4,2026-08-02 22:20:04.825950,4,3,1,8
5,2026-08-02 22:20:04.825950,0,0,0,10
6,2026-08-02 22:20:04.825950,3,2,1,6
7,2026-08-02 22:20:04.825950,3,2,1,9
8,2026-08-02 22:20:04.825950,0,0,0,10
1,2026-08-02 23:20:04.825950,4,3,1,12
2,2026-08-02 23:20:04.825950,3,2,1,15
3,2026-08-02 23:20:04.825950,1,0,1,6
4,2026-08-02 23:20:04.825950,0,0,0,13
5,2026-08-02 23:20:04.825950,4,2,2,6
6,2026-08-02 23:20:04.825950,1,0,1,8
7,2026-08-02 23:20:04.825950,5,3,2,6
8,2026-08-02 23:20:04.825950,1,0,1,11
1,2026-08-03 00:20:04.825950,5,4,1,6
2,2026-08-03 00:20:04.825950,5,4,1,5
3,2026-08-03 00:20:04.825950,3,2,1,5
4,2026-08-03 00:20:04.825950,0,0,0,7
5,2026-08-03 00:20:04.825950,2,1,1,14
6,2026-08-03 00:20:04.825950,1,0,1,11
7,2026-08-03 00:20:04.825950,3,2,1,11
8,2026-08-03 00:20:04.825950,3,2,1,11
1,2026-08-03 01:20:04.825950,5,3,2,5
2,2026-08-03 01:20:04.825950,5,4,1,6
3,2026-08-03 01:20:04.825950,5,4,1,6
4,2026-08-03 01:20:04.825950,2,1,1,6
5,2026-08-03 01:20:04.825950,2,1,1,9
6,2026-08-03 01:20:04.825950,4,2,2,12
7,2026-08-03 01:20:04.825950,3,2,1,15
8,2026-08-03 01:20:04.825950,0,0,0,13
1,2026-08-03 02:20:04.825950,1,0,1,11
2,2026-08-03 02:20:04.825950,4,3,1,15
3,2026-08-03 02:20:04.825950,1,0,1,15
4,2026-08-03 02:20:04.825950,2,1,1,5
5,2026-08-03 02:20:04.825950,4,3,1,7
6,2026-08-03 02:20:04.825950,0,0,0,14
7,2026-08-03 02:20:04.825950,4,3,1,13
8,2026-08-03 02:20:04.825950,0,0,0,10
1,2026-08-03 03:20:04.825950,1,0,1,15
2,2026-08-03 03:20:04.825950,4,2,2,7
3,2026-08-03 03:20:04.825950,1,0,1,9
4,2026-08-03 03:20:04.825950,1,0,1,15
5,2026-08-03 03:20:04.825950,4,3,1,13
6,2026-08-03 03:20:04.825950,3,2,1,6
7,2026-08-03 03:20:04.825950,2,1,1,9
8,2026-08-03 03:20:04.825950,0,0,0,14
1,2026-08-03 04:20:04.825950,3,2,1,10
2,2026-08-03 04:20:04.825950,1,0,1,8
3,2026-08-03 04:20:04.825950,0,0,0,6
4,2026-08-03 04:20:04.825950,1,0,1,12
5,2026-08-03 04:20:04.825950,2,1,1,9
6,2026-08-03 04:20:04.825950,5,4,1,14
7,2026-08-03 04:20:04.825950,4,3,1,10
8,2026-08-03 04:20:04.825950,3,2,1,10
1,2026-08-03 05:20:04.825950,1,0,1,15
2,2026-08-03 05:20:04.825950,3,2,1,10
3,2026-08-03 05:20:04.825950,1,0,1,10
4,2026-08-03 05:20:04.825950,3,2,1,10
5,2026-08-03 05:20:04.825950,2,1,1,6
6,2026-08-03 05:20:04.825950,1,0,1,6
7,2026-08-03 05:20:04.825950,2,1,1,7
8,2026-08-03 05:20:04.825950,4,2,2,15
1,2026-08-03 06:20:04.825950,0,0,0,5
2,2026-08-03 06:20:04.825950,4,3,1,14
3,2026-08-03 06:20:04.825950,4,3,1,14
4,2026-08-03 06:20:04.825950,1,0,1,13
5,2026-08-03 06:20:04.825950,2,1,1,13
6,2026-08-03 06:20:04.825950,3,2,1,7
7,2026-08-03 06:20:04.825950,2,1,1,14
8,2026-08-03 06:20:04.825950,5,4,1,7
1,2026-08-03 07:20:04.825950,20,15,5,15
2,2026-08-03 07:20:04.825950,0,0,0,14
3,2026-08-03 07:20:04.825950,5,3,2,13
4,2026-08-03 07:20:04.825950,1,0,1,7
5,2026-08-03 07:20:04.825950,4,3,1,15
6,2026-08-03 07:20:04.825950,1,0,1,12
7,2026-08-03 07:20:04.825950,2,1,1,12
8,2026-08-03 07:20:04.825950,1,0,1,10
1,2026-08-03 08:20:04.825950,17,14,3,14
2,2026-08-03 08:20:04.825950,2,1,1,12
3,2026-08-03 08:20:04.825950,11,9,2,10
4,2026-08-03 08:20:04.825950,0,0,0,13
5,2026-08-03 08:20:04.825950,5,4,1,9
6,2026-08-03 08:20:04.825950,4,3,1,7
7,2026-08-03 08:20:04.825950,3,2,1,10
8,2026-08-03 08:20:04.825950,4,3,1,6
1,2026-08-03 09:20:04.825950,27,20,7,20
2,2026-08-03 09:20:04.825950,4,3,1,10
3,2026-08-03 09:20:04.825950,28,24,4,24
4,2026-08-03 09:20:04.825950,4,3,1,12
5,2026-08-03 09:20:04.825950,1,0,1,13
6,2026-08-03 09:20:04.825950,5,3,2,7
7,2026-08-03 09:20:04.825950,1,0,1,14
8,2026-08-03 09:20:04.825950,5,4,1,15
1,2026-08-03 10:20:04.825950,1,0,1,10
2,2026-08-03 10:20:04.825950,5,3,2,15
3,2026-08-03 10:20:04.825950,28,20,8,20
4,2026-08-03 10:20:04.825950,5,4,1,5
5,2026-08-03 10:20:04.825950,1,0,1,14
6,2026-08-03 10:20:04.825950,4,2,2,15
7,2026-08-03 10:20:04.825950,4,2,2,14
8,2026-08-03 10:20:04.825950,1,0,1,9
1,2026-08-03 11:20:04.825950,1,0,1,11
2,2026-08-03 11:20:04.825950,4,3,1,15
3,2026-08-03 11:20:04.825950,0,0,0,15
4,2026-08-03 11:20:04.825950,13,9,4,14
5,2026-08-03 11:20:04.825950,3,2,1,7
6,2026-08-03 11:20:04.825950,1,0,1,14
7,2026-08-03 11:20:04.825950,1,0,1,7
8,2026-08-03 11:20:04.825950,4,3,1,9
1,2026-08-03 12:20:04.825950,1,0,1,10
2,2026-08-03 12:20:04.825950,3,2,1,6
3,2026-08-03 12:20:04.825950,1,0,1,7
4,2026-08-03 12:20:04.825950,10,7,3,13
5,2026-08-03 12:20:04.825950,5,3,2,7
6,2026-08-03 12:20:04.825950,4,2,2,12
7,2026-08-03 12:20:04.825950,4,3,1,13
8,2026-08-03 12:20:04.825950,4,3,1,6
1,2026-08-03 13:20:04.825950,3,2,1,14
2,2026-08-03 13:20:04.825950,4,3,1,15
3,2026-08-03 13:20:04.825950,5,3,2,11
4,2026-08-03 13:20:04.825950,12,10,2,11
5,2026-08-03 13:20:04.825950,1,0,1,12
6,2026-08-03 13:20:04.825950,3,2,1,14
7,2026-08-03 13:20:04.825950,0,0,0,9
8,2026-08-03 13:20:04.825950,3,2,1,6
1,2026-08-03 14:20:04.825950,2,1,1,13
2,2026-08-03 14:20:04.825950,3,2,1,5
3,2026-08-03 14:20:04.825950,5,4,1,5
4,2026-08-03 14:20:04.825950,4,3,1,13
5,2026-08-03 14:20:04.825950,0,0,0,8
6,2026-08-03 14:20:04.825950,5,4,1,11
7,2026-08-03 14:20:04.825950,2,1,1,11
8,2026-08-03 14:20:04.825950,5,4,1,9
1,2026-08-03 15:20:04.825950,4,3,1,10
2,2026-08-03 15:20:04.825950,4,3,1,15
3,2026-08-03 15:20:04.825950,19,14,5,14
4,2026-08-03 15:20:04.825950,3,2,1,13
5,2026-08-03 15:20:04.825950,4,3,1,9
6,2026-08-03 15:20:04.825950,4,3,1,11
7,2026-08-03 15:20:04.825950,5,3,2,15
8,2026-08-03 15:20:04.825950,0,0,0,12
1,2026-08-03 16:20:04.825950,5,4,1,6
2,2026-08-03 16:20:04.825950,1,0,1,10
3,2026-08-03 16:20:04.825950,15,10,5,15
4,2026-08-03 16:20:04.825950,0,0,0,7
5,2026-08-03 16:20:04.825950,3,2,1,11
6,2026-08-03 16:20:04.825950,0,0,0,8
7,2026-08-03 16:20:04.825950,2,1,1,5
8,2026-08-03 16:20:04.825950,5,3,2,11
1,2026-08-03 17:20:04.825950,28,23,5,23
2,2026-08-03 17:20:04.825950,0,0,0,7
3,2026-08-03 17:20:04.825950,30,23,7,23
4,2026-08-03 17:20:04.825950,5,4,1,13
5,2026-08-03 17:20:04.825950,2,1,1,14
6,2026-08-03 17:20:04.825950,4,3,1,8
7,2026-08-03 17:20:04.825950,4,2,2,5
8,2026-08-03 17:20:04.825950,2,1,1,5
1,2026-08-03 18:20:04.825950,18,16,2,16
2,2026-08-03 18:20:04.825950,2,1,1,11
3,2026-08-03 18:20:04.825950,4,2,2,5
4,2026-08-03 18:20:04.825950,16,14,2,14
5,2026-08-03 18:20:04.825950,2,1,1,13
6,2026-08-03 18:20:04.825950,4,3,1,9
7,2026-08-03 18:20:04.825950,1,0,1,8
8,2026-08-03 18:20:04.825950,3,2,1,14
1,2026-08-03 19:20:04.825950,23,16,7,16
2,2026-08-03 19:20:04.825950,0,0,0,13
3,2026-08-03 19:20:04.825950,2,1,1,6
4,2026-08-03 19:20:04.825950,18,15,3,15
5,2026-08-03 19:20:04.825950,2,1,1,11
6,2026-08-03 19:20:04.825950,4,3,1,8
7,2026-08-03 19:20:04.825950,2,1,1,12
8,2026-08-03 19:20:04.825950,5,3,2,14
1,2026-08-03 20:20:04.825950,30,21,9,21
2,2026-08-03 20:20:04.825950,3,2,1,8
3,2026-08-03 20:20:04.825950,5,4,1,10
4,2026-08-03 20:20:04.825950,18,14,4,14
5,2026-08-03 20:20:04.825950,5,4,1,8
6,2026-08-03 20:20:04.825950,2,1,1,15
7,2026-08-03 20:20:04.825950,5,4,1,6
8,2026-08-03 20:20:04.825950,4,3,1,12
1,2026-08-03 21:20:04.825950,2,1,1,14
2,2026-08-03 21:20:04.825950,2,1,1,15
3,2026-08-03 21:20:04.825950,1,0,1,8
4,2026-08-03 21:20:04.825950,14,12,2,12
5,2026-08-03 21:20:04.825950,1,0,1,8
6,2026-08-03 21:20:04.825950,4,3,1,6
7,2026-08-03 21:20:04.825950,0,0,0,15
8,2026-08-03 21:20:04.825950,5,3,2,5
1,2026-08-03 22:20:04.825950,4,3,1,12
2,2026-08-03 22:20:04.825950,2,1,1,12
3,2026-08-03 22:20:04.825950,4,3,1,12
4,2026-08-03 22:20:04.825950,1,0,1,13
5,2026-08-03 22:20:04.825950,2,1,1,14
6,2026-08-03 22:20:04.825950,1,0,1,11
7,2026-08-03 22:20:04.825950,3,2,1,5
8,2026-08-03 22:20:04.825950,4,3,1,15
1,2026-08-03 23:20:04.825950,1,0,1,6
2,2026-08-03 23:20:04.825950,5,4,1,10
3,2026-08-03 23:20:04.825950,5,3,2,15
4,2026-08-03 23:20:04.825950,1,0,1,6
5,2026-08-03 23:20:04.825950,2,1,1,9
6,2026-08-03 23:20:04.825950,1,0,1,8
7,2026-08-03 23:20:04.825950,2,1,1,14
8,2026-08-03 23:20:04.825950,2,1,1,12
1,2026-08-04 00:20:04.825950,3,2,1,10
2,2026-08-04 00:20:04.825950,2,1,1,9
3,2026-08-04 00:20:04.825950,3,2,1,7
4,2026-08-04 00:20:04.825950,4,3,1,6
5,2026-08-04 00:20:04.825950,5,3,2,8
6,2026-08-04 00:20:04.825950,4,3,1,11
7,2026-08-04 00:20:04.825950,1,0,1,7
8,2026-08-04 00:20:04.825950,3,2,1,7
1,2026-08-04 01:20:04.825950,3,2,1,15
2,2026-08-04 01:20:04.825950,4,3,1,10
3,2026-08-04 01:20:04.825950,3,2,1,13
4,2026-08-04 01:20:04.825950,4,2,2,6
5,2026-08-04 01:20:04.825950,5,3,2,8
6,2026-08-04 01:20:04.825950,2,1,1,15
7,2026-08-04 01:20:04.825950,0,0,0,10
8,2026-08-04 01:20:04.825950,2,1,1,13
1,2026-08-04 02:20:04.825950,4,3,1,9
2,2026-08-04 02:20:04.825950,2,1,1,6
3,2026-08-04 02:20:04.825950,2,1,1,14
4,2026-08-04 02:20:04.825950,1,0,1,15
5,2026-08-04 02:20:04.825950,5,4,1,9
6,2026-08-04 02:20:04.825950,2,1,1,13
7,2026-08-04 02:20:04.825950,3,2,1,12
8,2026-08-04 02:20:04.825950,0,0,0,9
1,2026-08-04 03:20:04.825950,3,2,1,7
2,2026-08-04 03:20:04.825950,1,0,1,10
3,2026-08-04 03:20:04.825950,3,2,1,14
4,2026-08-04 03:20:04.825950,3,2,1,6
5,2026-08-04 03:20:04.825950,0,0,0,8
6,2026-08-04 03:20:04.825950,2,1,1,9
7,2026-08-04 03:20:04.825950,5,3,2,15
8,2026-08-04 03:20:04.825950,3,2,1,12
1,2026-08-04 04:20:04.825950,2,1,1,13
2,2026-08-04 04:20:04.825950,3,2,1,7
3,2026-08-04 04:20:04.825950,0,0,0,8
4,2026-08-04 04:20:04.825950,5,3,2,6
5,2026-08-04 04:20:04.825950,1,0,1,6
6,2026-08-04 04:20:04.825950,0,0,0,12
7,2026-08-04 04:20:04.825950,4,2,2,11
8,2026-08-04 04:20:04.825950,4,3,1,6
1,2026-08-04 05:20:04.825950,0,0,0,7
2,2026-08-04 05:20:04.825950,0,0,0,11
3,2026-08-04 05:20:04.825950,2,1,1,9
4,2026-08-04 05:20:04.825950,3,2,1,7
5,2026-08-04 05:20:04.825950,4,3,1,5
6,2026-08-04 05:20:04.825950,0,0,0,10
7,2026-08-04 05:20:04.825950,3,2,1,13
8,2026-08-04 05:20:04.825950,2,1,1,7
1,2026-08-04 06:20:04.825950,5,4,1,14
2,2026-08-04 06:20:04.825950,4,3,1,15
3,2026-08-04 06:20:04.825950,4,3,1,15
4,2026-08-04 06:20:04.825950,5,4,1,10
5,2026-08-04 06:20:04.825950,3,2,1,6
6,2026-08-04 06:20:04.825950,3,2,1,11
7,2026-08-04 06:20:04.825950,2,1,1,5
8,2026-08-04 06:20:04.825950,0,0,0,7
1,2026-08-04 07:20:04.825950,26,20,6,20
2,2026-08-04 07:20:04.825950,5,4,1,12
3,2026-08-04 07:20:04.825950,2,1,1,11
4,2026-08-04 07:20:04.825950,2,1,1,5
5,2026-08-04 07:20:04.825950,4,3,1,11
6,2026-08-04 07:20:04.825950,4,3,1,8
7,2026-08-04 07:20:04.825950,1,0,1,15
8,2026-08-04 07:20:04.825950,3,2,1,8
1,2026-08-04 08:20:04.825950,19,14,5,14
2,2026-08-04 08:20:04.825950,4,3,1,14
3,2026-08-04 08:20:04.825950,23,17,6,17
4,2026-08-04 08:20:04.825950,2,1,1,6
5,2026-08-04 08:20:04.825950,1,0,1,6
6,2026-08-04 08:20:04.825950,5,3,2,12
7,2026-08-04 08:20:04.825950,2,1,1,12
8,2026-08-04 08:20:04.825950,1,0,1,7
1,2026-08-04 09:20:04.825950,15,11,4,11
2,2026-08-04 09:20:04.825950,2,1,1,12
3,2026-08-04 09:20:04.825950,15,11,4,11
4,2026-08-04 09:20:04.825950,0,0,0,10
5,2026-08-04 09:20:04.825950,3,2,1,12
6,2026-08-04 09:20:04.825950,2,1,1,5
7,2026-08-04 09:20:04.825950,2,1,1,7
8,2026-08-04 09:20:04.825950,0,0,0,11
1,2026-08-04 10:20:04.825950,0,0,0,7
2,2026-08-04 10:20:04.825950,1,0,1,9
3,2026-08-04 10:20:04.825950,13,9,4,9
4,2026-08-04 10:20:04.825950,3,2,1,12
5,2026-08-04 10:20:04.825950,1,0,1,5
6,2026-08-04 10:20:04.825950,1,0,1,6
7,2026-08-04 10:20:04.825950,4,3,1,8
8,2026-08-04 10:20:04.825950,3,2,1,9
1,2026-08-04 11:20:04.825950,2,1,1,5
2,2026-08-04 11:20:04.825950,5,4,1,13
3,2026-08-04 11:20:04.825950,0,0,0,15
4,2026-08-04 11:20:04.825950,15,11,4,11
5,2026-08-04 11:20:04.825950,5,3,2,6
6,2026-08-04 11:20:04.825950,1,0,1,10
7,2026-08-04 11:20:04.825950,0,0,0,9
8,2026-08-04 11:20:04.825950,4,2,2,8
1,2026-08-04 12:20:04.825950,0,0,0,14
2,2026-08-04 12:20:04.825950,5,3,2,14
3,2026-08-04 12:20:04.825950,1,0,1,6
4,2026-08-04 12:20:04.825950,13,10,3,15
5,2026-08-04 12:20:04.825950,4,3,1,15
6,2026-08-04 12:20:04.825950,0,0,0,15
7,2026-08-04 12:20:04.825950,1,0,1,6
8,2026-08-04 12:20:04.825950,1,0,1,10
1,2026-08-04 13:20:04.825950,4,3,1,10
2,2026-08-04 13:20:04.825950,3,2,1,5
3,2026-08-04 13:20:04.825950,5,3,2,7
4,2026-08-04 13:20:04.825950,12,9,3,12
5,2026-08-04 13:20:04.825950,4,3,1,12
6,2026-08-04 13:20:04.825950,1,0,1,13
7,2026-08-04 13:20:04.825950,2,1,1,12
8,2026-08-04 13:20:04.825950,2,1,1,14
1,2026-08-04 14:20:04.825950,4,2,2,13
2,2026-08-04 14:20:04.825950,1,0,1,9
3,2026-08-04 14:20:04.825950,4,3,1,5
4,2026-08-04 14:20:04.825950,5,4,1,7
5,2026-08-04 14:20:04.825950,0,0,0,10
6,2026-08-04 14:20:04.825950,4,2,2,6
7,2026-08-04 14:20:04.825950,5,4,1,11
8,2026-08-04 14:20:04.825950,1,0,1,12
1,2026-08-04 15:20:04.825950,4,2,2,9
2,2026-08-04 15:20:04.825950,2,1,1,10
3,2026-08-04 15:20:04.825950,13,10,3,10
4,2026-08-04 15:20:04.825950,0,0,0,7
5,2026-08-04 15:20:04.825950,1,0,1,8
6,2026-08-04 15:20:04.825950,0,0,0,6
7,2026-08-04 15:20:04.825950,0,0,0,11
8,2026-08-04 15:20:04.825950,5,3,2,14
1,2026-08-04 16:20:04.825950,5,4,1,5
2,2026-08-04 16:20:04.825950,2,1,1,6
3,2026-08-04 16:20:04.825950,16,13,3,13
4,2026-08-04 16:20:04.825950,3,2,1,5
5,2026-08-04 16:20:04.825950,2,1,1,11
6,2026-08-04 16:20:04.825950,2,1,1,5
7,2026-08-04 16:20:04.825950,4,3,1,5
8,2026-08-04 16:20:04.825950,5,3,2,9
1,2026-08-04 17:20:04.825950,21,18,3,18
2,2026-08-04 17:20:04.825950,0,0,0,13
3,2026-08-04 17:20:04.825950,19,14,5,15
4,2026-08-04 17:20:04.825950,1,0,1,7
5,2026-08-04 17:20:04.825950,4,3,1,11
6,2026-08-04 17:20:04.825950,5,3,2,15
7,2026-08-04 17:20:04.825950,4,3,1,12
8,2026-08-04 17:20:04.825950,5,4,1,6
1,2026-08-04 18:20:04.825950,21,17,4,17
2,2026-08-04 18:20:04.825950,2,1,1,13
3,2026-08-04 18:20:04.825950,4,3,1,10
4,2026-08-04 18:20:04.825950,20,17,3,17
5,2026-08-04 18:20:04.825950,2,1,1,15
6,2026-08-04 18:20:04.825950,3,2,1,10
7,2026-08-04 18:20:04.825950,4,2,2,13
8,2026-08-04 18:20:04.825950,1,0,1,13
1,2026-08-04 19:20:04.825950,28,21,7,21
2,2026-08-04 19:20:04.825950,3,2,1,5
3,2026-08-04 19:20:04.825950,5,3,2,9
4,2026-08-04 19:20:04.825950,14,11,3,11
5,2026-08-04 19:20:04.825950,0,0,0,8
6,2026-08-04 19:20:04.825950,1,0,1,5
7,2026-08-04 19:20:04.825950,5,4,1,13
8,2026-08-04 19:20:04.825950,4,3,1,14
1,2026-08-04 20:20:04.825950,19,13,6,13
2,2026-08-04 20:20:04.825950,1,0,1,10
3,2026-08-04 20:20:04.825950,4,2,2,9
4,2026-08-04 20:20:04.825950,13,10,3,14
5,2026-08-04 20:20:04.825950,1,0,1,10
6,2026-08-04 20:20:04.825950,3,2,1,14
7,2026-08-04 20:20:04.825950,0,0,0,9
8,2026-08-04 20:20:04.825950,0,0,0,14
1,2026-08-04 21:20:04.825950,3,2,1,5
2,2026-08-04 21:20:04.825950,2,1,1,11
3,2026-08-04 21:20:04.825950,3,2,1,6
4,2026-08-04 21:20:04.825950,21,18,3,18
5,2026-08-04 21:20:04.825950,5,4,1,11
6,2026-08-04 21:20:04.825950,0,0,0,5
7,2026-08-04 21:20:04.825950,2,1,1,7
8,2026-08-04 21:20:04.825950,2,1,1,8
1,2026-08-04 22:20:04.825950,1,0,1,11
2,2026-08-04 22:20:04.825950,3,2,1,14
3,2026-08-04 22:20:04.825950,4,2,2,11
4,2026-08-04 22:20:04.825950,2,1,1,7
5,2026-08-04 22:20:04.825950,1,0,1,12
6,2026-08-04 22:20:04.825950,4,3,1,13
7,2026-08-04 22:20:04.825950,3,2,1,11
8,2026-08-04 22:20:04.825950,4,3,1,7
1,2026-08-04 23:20:04.825950,1,0,1,8
2,2026-08-04 23:20:04.825950,3,2,1,14
3,2026-08-04 23:20:04.825950,1,0,1,13
4,2026-08-04 23:20:04.825950,1,0,1,9
5,2026-08-04 23:20:04.825950,3,2,1,14
6,2026-08-04 23:20:04.825950,0,0,0,11
7,2026-08-04 23:20:04.825950,3,2,1,8
8,2026-08-04 23:20:04.825950,2,1,1,15
1,2026-08-05 00:20:04.825950,0,0,0,7
2,2026-08-05 00:20:04.825950,2,1,1,12
3,2026-08-05 00:20:04.825950,4,2,2,5
4,2026-08-05 00:20:04.825950,1,0,1,10
5,2026-08-05 00:20:04.825950,1,0,1,6
6,2026-08-05 00:20:04.825950,0,0,0,8
7,2026-08-05 00:20:04.825950,4,3,1,9
8,2026-08-05 00:20:04.825950,0,0,0,6
1,2026-08-05 01:20:04.825950,2,1,1,5
2,2026-08-05 01:20:04.825950,2,1,1,13
3,2026-08-05 01:20:04.825950,1,0,1,13
4,2026-08-05 01:20:04.825950,2,1,1,14
5,2026-08-05 01:20:04.825950,5,4,1,15
6,2026-08-05 01:20:04.825950,0,0,0,15
7,2026-08-05 01:20:04.825950,4,2,2,7
8,2026-08-05 01:20:04.825950,0,0,0,14
1,2026-08-05 02:20:04.825950,2,1,1,15
2,2026-08-05 02:20:04.825950,0,0,0,15
3,2026-08-05 02:20:04.825950,2,1,1,15
4,2026-08-05 02:20:04.825950,2,1,1,5
5,2026-08-05 02:20:04.825950,2,1,1,15
6,2026-08-05 02:20:04.825950,3,2,1,11
7,2026-08-05 02:20:04.825950,4,3,1,6
8,2026-08-05 02:20:04.825950,2,1,1,14
1,2026-08-05 03:20:04.825950,4,2,2,8
2,2026-08-05 03:20:04.825950,4,3,1,13
3,2026-08-05 03:20:04.825950,5,3,2,8
4,2026-08-05 03:20:04.825950,4,3,1,12
5,2026-08-05 03:20:04.825950,3,2,1,5
6,2026-08-05 03:20:04.825950,2,1,1,10
7,2026-08-05 03:20:04.825950,5,3,2,13
8,2026-08-05 03:20:04.825950,2,1,1,15
1,2026-08-05 04:20:04.825950,2,1,1,5
2,2026-08-05 04:20:04.825950,4,3,1,8
3,2026-08-05 04:20:04.825950,1,0,1,11
4,2026-08-05 04:20:04.825950,5,3,2,11
5,2026-08-05 04:20:04.825950,4,3,1,14
6,2026-08-05 04:20:04.825950,5,4,1,11
7,2026-08-05 04:20:04.825950,1,0,1,11
8,2026-08-05 04:20:04.825950,2,1,1,10
1,2026-08-05 05:20:04.825950,3,2,1,8
2,2026-08-05 05:20:04.825950,5,3,2,13
3,2026-08-05 05:20:04.825950,5,4,1,7
4,2026-08-05 05:20:04.825950,2,1,1,13
5,2026-08-05 05:20:04.825950,1,0,1,7
6,2026-08-05 05:20:04.825950,5,4,1,7
7,2026-08-05 05:20:04.825950,2,1,1,13
8,2026-08-05 05:20:04.825950,5,3,2,10
1,2026-08-05 06:20:04.825950,1,0,1,10
2,2026-08-05 06:20:04.825950,3,2,1,9
3,2026-08-05 06:20:04.825950,3,2,1,15
4,2026-08-05 06:20:04.825950,5,3,2,8
5,2026-08-05 06:20:04.825950,0,0,0,5
6,2026-08-05 06:20:04.825950,4,3,1,14
7,2026-08-05 06:20:04.825950,4,3,1,14
8,2026-08-05 06:20:04.825950,1,0,1,5
1,2026-08-05 07:20:04.825950,19,15,4,15
2,2026-08-05 07:20:04.825950,1,0,1,14
3,2026-08-05 07:20:04.825950,3,2,1,10
4,2026-08-05 07:20:04.825950,1,0,1,12
5,2026-08-05 07:20:04.825950,3,2,1,8
6,2026-08-05 07:20:04.825950,1,0,1,5
7,2026-08-05 07:20:04.825950,2,1,1,8
8,2026-08-05 07:20:04.825950,5,4,1,8
1,2026-08-05 08:20:04.825950,18,13,5,13
2,2026-08-05 08:20:04.825950,4,3,1,10
3,2026-08-05 08:20:04.825950,20,15,5,15
4,2026-08-05 08:20:04.825950,4,3,1,11
5,2026-08-05 08:20:04.825950,5,3,2,14
6,2026-08-05 08:20:04.825950,5,4,1,13
7,2026-08-05 08:20:04.825950,4,3,1,5
8,2026-08-05 08:20:04.825950,4,2,2,12
1,2026-08-05 09:20:04.825950,22,17,5,17
2,2026-08-05 09:20:04.825950,5,3,2,11
3,2026-08-05 09:20:04.825950,15,11,4,12
4,2026-08-05 09:20:04.825950,3,2,1,9
5,2026-08-05 09:20:04.825950,3,2,1,9
6,2026-08-05 09:20:04.825950,4,3,1,13
7,2026-08-05 09:20:04.825950,1,0,1,15
8,2026-08-05 09:20:04.825950,3,2,1,13
1,2026-08-05 10:20:04.825950,0,0,0,14
2,2026-08-05 10:20:04.825950,5,4,1,11
3,2026-08-05 10:20:04.825950,23,18,5,18
4,2026-08-05 10:20:04.825950,3,2,1,8
5,2026-08-05 10:20:04.825950,3,2,1,10
6,2026-08-05 10:20:04.825950,5,4,1,7
7,2026-08-05 10:20:04.825950,5,4,1,6
8,2026-08-05 10:20:04.825950,0,0,0,15
1,2026-08-05 11:20:04.825950,2,1,1,11
2,2026-08-05 11:20:04.825950,5,4,1,13
3,2026-08-05 11:20:04.825950,4,3,1,11
4,2026-08-05 11:20:04.825950,20,14,6,14
5,2026-08-05 11:20:04.825950,2,1,1,15
6,2026-08-05 11:20:04.825950,1,0,1,7
7,2026-08-05 11:20:04.825950,1,0,1,5
8,2026-08-05 11:20:04.825950,3,2,1,12
1,2026-08-05 12:20:04.825950,2,1,1,6
2,2026-08-05 12:20:04.825950,1,0,1,5
3,2026-08-05 12:20:04.825950,4,3,1,5
4,2026-08-05 12:20:04.825950,20,17,3,17
5,2026-08-05 12:20:04.825950,0,0,0,12
6,2026-08-05 12:20:04.825950,1,0,1,15
7,2026-08-05 12:20:04.825950,3,2,1,12
8,2026-08-05 12:20:04.825950,0,0,0,5
1,2026-08-05 13:20:04.825950,1,0,1,9
2,2026-08-05 13:20:04.825950,4,3,1,8
3,2026-08-05 13:20:04.825950,0,0,0,5
4,2026-08-05 13:20:04.825950,20,14,6,14
5,2026-08-05 13:20:04.825950,5,4,1,14
6,2026-08-05 13:20:04.825950,2,1,1,6
7,2026-08-05 13:20:04.825950,0,0,0,7
8,2026-08-05 13:20:04.825950,1,0,1,14
1,2026-08-05 14:20:04.825950,5,4,1,14
2,2026-08-05 14:20:04.825950,4,3,1,7
3,2026-08-05 14:20:04.825950,3,2,1,10
4,2026-08-05 14:20:04.825950,0,0,0,9
5,2026-08-05 14:20:04.825950,2,1,1,11
6,2026-08-05 14:20:04.825950,0,0,0,13
7,2026-08-05 14:20:04.825950,0,0,0,7
8,2026-08-05 14:20:04.825950,0,0,0,9
1,2026-08-05 15:20:04.825950,2,1,1,13
2,2026-08-05 15:20:04.825950,1,0,1,14
3,2026-08-05 15:20:04.825950,13,10,3,15
4,2026-08-05 15:20:04.825950,4,3,1,12
5,2026-08-05 15:20:04.825950,5,4,1,9
6,2026-08-05 15:20:04.825950,3,2,1,10
7,2026-08-05 15:20:04.825950,2,1,1,14
8,2026-08-05 15:20:04.825950,2,1,1,14
1,2026-08-05 16:20:04.825950,4,3,1,15
2,2026-08-05 16:20:04.825950,3,2,1,7
3,2026-08-05 16:20:04.825950,21,17,4,17
4,2026-08-05 16:20:04.825950,0,0,0,12
5,2026-08-05 16:20:04.825950,5,4,1,8
6,2026-08-05 16:20:04.825950,4,3,1,11
7,2026-08-05 16:20:04.825950,0,0,0,13
8,2026-08-05 16:20:04.825950,5,3,2,15
1,2026-08-05 17:20:04.825950,25,18,7,18
2,2026-08-05 17:20:04.825950,2,1,1,13
3,2026-08-05 17:20:04.825950,12,8,4,10
4,2026-08-05 17:20:04.825950,2,1,1,14
5,2026-08-05 17:20:04.825950,4,3,1,7
6,2026-08-05 17:20:04.825950,1,0,1,10
7,2026-08-05 17:20:04.825950,5,3,2,12
8,2026-08-05 17:20:04.825950,0,0,0,12
1,2026-08-05 18:20:04.825950,30,26,4,26
2,2026-08-05 18:20:04.825950,2,1,1,11
3,2026-08-05 18:20:04.825950,5,3,2,13
4,2026-08-05 18:20:04.825950,21,17,4,17
5,2026-08-05 18:20:04.825950,4,3,1,8
6,2026-08-05 18:20:04.825950,4,3,1,10
7,2026-08-05 18:20:04.825950,0,0,0,9
8,2026-08-05 18:20:04.825950,0,0,0,11
1,2026-08-05 19:20:04.825950,25,20,5,20
2,2026-08-05 19:20:04.825950,1,0,1,9
3,2026-08-05 19:20:04.825950,5,4,1,5
4,2026-08-05 19:20:04.825950,18,12,6,12
5,2026-08-05 19:20:04.825950,2,1,1,9
6,2026-08-05 19:20:04.825950,1,0,1,7
7,2026-08-05 19:20:04.825950,0,0,0,5
8,2026-08-05 19:20:04.825950,1,0,1,12
1,2026-08-05 20:20:04.825950,19,16,3,16
2,2026-08-05 20:20:04.825950,1,0,1,12
3,2026-08-05 20:20:04.825950,5,4,1,9
4,2026-08-05 20:20:04.825950,14,11,3,11
5,2026-08-05 20:20:04.825950,4,3,1,7
6,2026-08-05 20:20:04.825950,1,0,1,12
7,2026-08-05 20:20:04.825950,3,2,1,13
8,2026-08-05 20:20:04.825950,0,0,0,5
1,2026-08-05 21:20:04.825950,5,4,1,6
2,2026-08-05 21:20:04.825950,2,1,1,5
3,2026-08-05 21:20:04.825950,0,0,0,15
4,2026-08-05 21:20:04.825950,19,13,6,13
5,2026-08-05 21:20:04.825950,5,4,1,10
6,2026-08-05 21:20:04.825950,1,0,1,9
7,2026-08-05 21:20:04.825950,4,3,1,12
8,2026-08-05 21:20:04.825950,5,3,2,7
1,2026-08-05 22:20:04.825950,1,0,1,5
2,2026-08-05 22:20:04.825950,4,3,1,6
3,2026-08-05 22:20:04.825950,1,0,1,13
4,2026-08-05 22:20:04.825950,2,1,1,9
5,2026-08-05 22:20:04.825950,4,2,2,6
6,2026-08-05 22:20:04.825950,2,1,1,10
7,2026-08-05 22:20:04.825950,4,3,1,7
8,2026-08-05 22:20:04.825950,0,0,0,15
1,2026-08-05 23:20:04.825950,0,0,0,5
2,2026-08-05 23:20:04.825950,0,0,0,7
3,2026-08-05 23:20:04.825950,5,4,1,14
4,2026-08-05 23:20:04.825950,5,4,1,12
5,2026-08-05 23:20:04.825950,4,3,1,10
6,2026-08-05 23:20:04.825950,1,0,1,15
7,2026-08-05 23:20:04.825950,4,2,2,12
8,2026-08-05 23:20:04.825950,4,2,2,12
1,2026-08-06 00:20:04.825950,0,0,0,15
2,2026-08-06 00:20:04.825950,5,4,1,12
3,2026-08-06 00:20:04.825950,3,2,1,8
4,2026-08-06 00:20:04.825950,1,0,1,14
5,2026-08-06 00:20:04.825950,2,1,1,11
6,2026-08-06 00:20:04.825950,1,0,1,15
7,2026-08-06 00:20:04.825950,2,1,1,10
8,2026-08-06 00:20:04.825950,3,2,1,6
1,2026-08-06 01:20:04.825950,3,2,1,12
2,2026-08-06 01:20:04.825950,3,2,1,9
3,2026-08-06 01:20:04.825950,2,1,1,7
4,2026-08-06 01:20:04.825950,4,2,2,6
5,2026-08-06 01:20:04.825950,2,1,1,6
6,2026-08-06 01:20:04.825950,2,1,1,11
7,2026-08-06 01:20:04.825950,4,3,1,14
8,2026-08-06 01:20:04.825950,1,0,1,12
1,2026-08-06 02:20:04.825950,3,2,1,8
2,2026-08-06 02:20:04.825950,5,4,1,11
3,2026-08-06 02:20:04.825950,4,3,1,13
4,2026-08-06 02:20:04.825950,5,3,2,15
5,2026-08-06 02:20:04.825950,5,3,2,14
6,2026-08-06 02:20:04.825950,3,2,1,14
7,2026-08-06 02:20:04.825950,3,2,1,6
8,2026-08-06 02:20:04.825950,3,2,1,11
1,2026-08-06 03:20:04.825950,0,0,0,15
2,2026-08-06 03:20:04.825950,4,3,1,11
3,2026-08-06 03:20:04.825950,2,1,1,15
4,2026-08-06 03:20:04.825950,0,0,0,7
5,2026-08-06 03:20:04.825950,4,3,1,15
6,2026-08-06 03:20:04.825950,0,0,0,15
7,2026-08-06 03:20:04.825950,1,0,1,9
8,2026-08-06 03:20:04.825950,3,2,1,12
1,2026-08-06 04:20:04.825950,1,0,1,10
2,2026-08-06 04:20:04.825950,2,1,1,15
3,2026-08-06 04:20:04.825950,2,1,1,11
4,2026-08-06 04:20:04.825950,5,4,1,10
5,2026-08-06 04:20:04.825950,0,0,0,14
6,2026-08-06 04:20:04.825950,4,3,1,7
7,2026-08-06 04:20:04.825950,2,1,1,13
8,2026-08-06 04:20:04.825950,0,0,0,13
1,2026-08-06 05:20:04.825950,2,1,1,9
2,2026-08-06 05:20:04.825950,0,0,0,14
3,2026-08-06 05:20:04.825950,3,2,1,11
4,2026-08-06 05:20:04.825950,3,2,1,13
5,2026-08-06 05:20:04.825950,1,0,1,12
6,2026-08-06 05:20:04.825950,1,0,1,11
7,2026-08-06 05:20:04.825950,2,1,1,7
8,2026-08-06 05:20:04.825950,2,1,1,15
1,2026-08-06 06:20:04.825950,1,0,1,6
2,2026-08-06 06:20:04.825950,5,3,2,12
3,2026-08-06 06:20:04.825950,5,3,2,7
4,2026-08-06 06:20:04.825950,0,0,0,11
5,2026-08-06 06:20:04.825950,3,2,1,14
6,2026-08-06 06:20:04.825950,3,2,1,12
7,2026-08-06 06:20:04.825950,4,3,1,12
8,2026-08-06 06:20:04.825950,3,2,1,7
1,2026-08-06 07:20:04.825950,18,14,4,14
2,2026-08-06 07:20:04.825950,5,4,1,11
3,2026-08-06 07:20:04.825950,4,3,1,5
4,2026-08-06 07:20:04.825950,0,0,0,10
5,2026-08-06 07:20:04.825950,0,0,0,6
6,2026-08-06 07:20:04.825950,1,0,1,13
7,2026-08-06 07:20:04.825950,2,1,1,6
8,2026-08-06 07:20:04.825950,4,3,1,6
1,2026-08-06 08:20:04.825950,31,25,6,25
2,2026-08-06 08:20:04.825950,5,3,2,15
3,2026-08-06 08:20:04.825950,23,18,5,18
4,2026-08-06 08:20:04.825950,4,3,1,12
5,2026-08-06 08:20:04.825950,3,2,1,12
6,2026-08-06 08:20:04.825950,4,3,1,11
7,2026-08-06 08:20:04.825950,2,1,1,9
8,2026-08-06 08:20:04.825950,2,1,1,14
1,2026-08-06 09:20:04.825950,29,24,5,24
2,2026-08-06 09:20:04.825950,2,1,1,12
3,2026-08-06 09:20:04.825950,19,15,4,15
4,2026-08-06 09:20:04.825950,2,1,1,14
5,2026-08-06 09:20:04.825950,0,0,0,6
6,2026-08-06 09:20:04.825950,1,0,1,9
7,2026-08-06 09:20:04.825950,2,1,1,9
8,2026-08-06 09:20:04.825950,2,1,1,5
1,2026-08-06 10:20:04.825950,5,3,2,7
2,2026-08-06 10:20:04.825950,4,3,1,15
3,2026-08-06 10:20:04.825950,24,20,4,20
4,2026-08-06 10:20:04.825950,5,3,2,7
5,2026-08-06 10:20:04.825950,4,3,1,10
6,2026-08-06 10:20:04.825950,0,0,0,14
7,2026-08-06 10:20:04.825950,1,0,1,11
8,2026-08-06 10:20:04.825950,3,2,1,12
1,2026-08-06 11:20:04.825950,5,4,1,8
2,2026-08-06 11:20:04.825950,4,3,1,10
3,2026-08-06 11:20:04.825950,0,0,0,6
4,2026-08-06 11:20:04.825950,12,9,3,12
5,2026-08-06 11:20:04.825950,2,1,1,13
6,2026-08-06 11:20:04.825950,1,0,1,11
7,2026-08-06 11:20:04.825950,3,2,1,13
8,2026-08-06 11:20:04.825950,3,2,1,12
1,2026-08-06 12:20:04.825950,3,2,1,13
2,2026-08-06 12:20:04.825950,5,4,1,6
3,2026-08-06 12:20:04.825950,4,3,1,11
4,2026-08-06 12:20:04.825950,24,20,4,20
5,2026-08-06 12:20:04.825950,2,1,1,6
6,2026-08-06 12:20:04.825950,2,1,1,11
7,2026-08-06 12:20:04.825950,3,2,1,8
8,2026-08-06 12:20:04.825950,5,4,1,8
1,2026-08-06 13:20:04.825950,4,3,1,7
2,2026-08-06 13:20:04.825950,2,1,1,15
3,2026-08-06 13:20:04.825950,0,0,0,5
4,2026-08-06 13:20:04.825950,14,11,3,15
5,2026-08-06 13:20:04.825950,3,2,1,9
6,2026-08-06 13:20:04.825950,2,1,1,5
7,2026-08-06 13:20:04.825950,4,2,2,14
8,2026-08-06 13:20:04.825950,5,4,1,8
1,2026-08-06 14:20:04.825950,4,3,1,6
2,2026-08-06 14:20:04.825950,0,0,0,7
3,2026-08-06 14:20:04.825950,3,2,1,15
4,2026-08-06 14:20:04.825950,4,3,1,7
5,2026-08-06 14:20:04.825950,0,0,0,9
6,2026-08-06 14:20:04.825950,2,1,1,6
7,2026-08-06 14:20:04.825950,5,3,2,9
8,2026-08-06 14:20:04.825950,3,2,1,15
1,2026-08-06 15:20:04.825950,2,1,1,6
2,2026-08-06 15:20:04.825950,2,1,1,11
3,2026-08-06 15:20:04.825950,23,20,3,20
4,2026-08-06 15:20:04.825950,2,1,1,6
5,2026-08-06 15:20:04.825950,3,2,1,8
6,2026-08-06 15:20:04.825950,4,3,1,15
7,2026-08-06 15:20:04.825950,3,2,1,13
8,2026-08-06 15:20:04.825950,3,2,1,15
1,2026-08-06 16:20:04.825950,0,0,0,9
2,2026-08-06 16:20:04.825950,0,0,0,6
3,2026-08-06 16:20:04.825950,22,18,4,18
4,2026-08-06 16:20:04.825950,3,2,1,15
5,2026-08-06 16:20:04.825950,0,0,0,15
6,2026-08-06 16:20:04.825950,3,2,1,10
7,2026-08-06 16:20:04.825950,3,2,1,13
8,2026-08-06 16:20:04.825950,5,4,1,12
1,2026-08-06 17:20:04.825950,31,24,7,24
2,2026-08-06 17:20:04.825950,4,2,2,11
3,2026-08-06 17:20:04.825950,30,21,9,21
4,2026-08-06 17:20:04.825950,2,1,1,9
5,2026-08-06 17:20:04.825950,3,2,1,15
6,2026-08-06 17:20:04.825950,0,0,0,10
7,2026-08-06 17:20:04.825950,0,0,0,9
8,2026-08-06 17:20:04.825950,5,3,2,13
1,2026-08-06 18:20:04.825950,27,22,5,22
2,2026-08-06 18:20:04.825950,5,3,2,6
3,2026-08-06 18:20:04.825950,5,4,1,12
4,2026-08-06 18:20:04.825950,20,15,5,15
5,2026-08-06 18:20:04.825950,1,0,1,5
6,2026-08-06 18:20:04.825950,5,4,1,8
7,2026-08-06 18:20:04.825950,3,2,1,13
8,2026-08-06 18:20:04.825950,5,3,2,13
1,2026-08-06 19:20:04.825950,18,12,6,12
2,2026-08-06 19:20:04.825950,2,1,1,5
3,2026-08-06 19:20:04.825950,3,2,1,15
4,2026-08-06 19:20:04.825950,23,18,5,18
5,2026-08-06 19:20:04.825950,4,2,2,14
6,2026-08-06 19:20:04.825950,1,0,1,5
7,2026-08-06 19:20:04.825950,5,3,2,15
8,2026-08-06 19:20:04.825950,0,0,0,14
1,2026-08-06 20:20:04.825950,22,18,4,18
2,2026-08-06 20:20:04.825950,0,0,0,5
3,2026-08-06 20:20:04.825950,2,1,1,6
4,2026-08-06 20:20:04.825950,22,16,6,16
5,2026-08-06 20:20:04.825950,0,0,0,6
6,2026-08-06 20:20:04.825950,0,0,0,14
7,2026-08-06 20:20:04.825950,1,0,1,8
8,2026-08-06 20:20:04.825950,3,2,1,15
1,2026-08-06 21:20:04.825950,3,2,1,15
2,2026-08-06 21:20:04.825950,4,3,1,10
3,2026-08-06 21:20:04.825950,1,0,1,14
4,2026-08-06 21:20:04.825950,16,11,5,11
5,2026-08-06 21:20:04.825950,1,0,1,7
6,2026-08-06 21:20:04.825950,5,3,2,7
7,2026-08-06 21:20:04.825950,3,2,1,14
8,2026-08-06 21:20:04.825950,0,0,0,15
1,2026-08-06 22:20:04.825950,4,3,1,7
2,2026-08-06 22:20:04.825950,0,0,0,6
3,2026-08-06 22:20:04.825950,0,0,0,6
4,2026-08-06 22:20:04.825950,5,4,1,9
5,2026-08-06 22:20:04.825950,3,2,1,12
6,2026-08-06 22:20:04.825950,5,3,2,7
7,2026-08-06 22:20:04.825950,5,3,2,12
8,2026-08-06 22:20:04.825950,3,2,1,7
1,2026-08-06 23:20:04.825950,4,3,1,14
2,2026-08-06 23:20:04.825950,1,0,1,14
3,2026-08-06 23:20:04.825950,0,0,0,9
4,2026-08-06 23:20:04.825950,2,1,1,13
5,2026-08-06 23:20:04.825950,1,0,1,13
6,2026-08-06 23:20:04.825950,0,0,0,13
7,2026-08-06 23:20:04.825950,4,2,2,15
8,2026-08-06 23:20:04.825950,5,3,2,5
1,2026-08-07 00:20:04.825950,1,0,1,7
2,2026-08-07 00:20:04.825950,5,4,1,12
3,2026-08-07 00:20:04.825950,3,2,1,15
4,2026-08-07 00:20:04.825950,0,0,0,10
5,2026-08-07 00:20:04.825950,2,1,1,9
6,2026-08-07 00:20:04.825950,2,1,1,12
7,2026-08-07 00:20:04.825950,0,0,0,5
8,2026-08-07 00:20:04.825950,4,2,2,5
1,2026-08-07 01:20:04.825950,3,2,1,6
2,2026-08-07 01:20:04.825950,1,0,1,14
3,2026-08-07 01:20:04.825950,4,3,1,8
4,2026-08-07 01:20:04.825950,5,4,1,10
5,2026-08-07 01:20:04.825950,1,0,1,10
6,2026-08-07 01:20:04.825950,1,0,1,11
7,2026-08-07 01:20:04.825950,1,0,1,8
8,2026-08-07 01:20:04.825950,0,0,0,12
1,2026-08-07 02:20:04.825950,0,0,0,7
2,2026-08-07 02:20:04.825950,1,0,1,12
3,2026-08-07 02:20:04.825950,1,0,1,7
4,2026-08-07 02:20:04.825950,3,2,1,15
5,2026-08-07 02:20:04.825950,2,1,1,8
6,2026-08-07 02:20:04.825950,2,1,1,14
7,2026-08-07 02:20:04.825950,0,0,0,6
8,2026-08-07 02:20:04.825950,3,2,1,7
1,2026-08-07 03:20:04.825950,2,1,1,9
2,2026-08-07 03:20:04.825950,4,2,2,15
3,2026-08-07 03:20:04.825950,4,3,1,14
4,2026-08-07 03:20:04.825950,4,3,1,6
5,2026-08-07 03:20:04.825950,3,2,1,12
6,2026-08-07 03:20:04.825950,1,0,1,12
7,2026-08-07 03:20:04.825950,2,1,1,11
8,2026-08-07 03:20:04.825950,5,4,1,8
1,2026-08-07 04:20:04.825950,2,1,1,8
2,2026-08-07 04:20:04.825950,4,3,1,14
3,2026-08-07 04:20:04.825950,0,0,0,5
4,2026-08-07 04:20:04.825950,0,0,0,13
5,2026-08-07 04:20:04.825950,0,0,0,11
6,2026-08-07 04:20:04.825950,3,2,1,6
7,2026-08-07 04:20:04.825950,3,2,1,6
8,2026-08-07 04:20:04.825950,4,3,1,11
1,2026-08-07 05:20:04.825950,1,0,1,9
2,2026-08-07 05:20:04.825950,1,0,1,6
3,2026-08-07 05:20:04.825950,0,0,0,9
4,2026-08-07 05:20:04.825950,1,0,1,14
5,2026-08-07 05:20:04.825950,5,4,1,12
6,2026-08-07 05:20:04.825950,3,2,1,11
7,2026-08-07 05:20:04.825950,1,0,1,10
8,2026-08-07 05:20:04.825950,5,3,2,15
1,2026-08-07 06:20:04.825950,0,0,0,6
2,2026-08-07 06:20:04.825950,3,2,1,10
3,2026-08-07 06:20:04.825950,4,2,2,11
4,2026-08-07 06:20:04.825950,2,1,1,14
5,2026-08-07 06:20:04.825950,4,3,1,8
6,2026-08-07 06:20:04.825950,5,3,2,10
7,2026-08-07 06:20:04.825950,5,4,1,13
8,2026-08-07 06:20:04.825950,5,3,2,5
1,2026-08-07 07:20:04.825950,27,20,7,20
2,2026-08-07 07:20:04.825950,0,0,0,7
3,2026-08-07 07:20:04.825950,5,4,1,6
4,2026-08-07 07:20:04.825950,4,3,1,8
5,2026-08-07 07:20:04.825950,1,0,1,8
6,2026-08-07 07:20:04.825950,4,2,2,12
7,2026-08-07 07:20:04.825950,5,4,1,14
8,2026-08-07 07:20:04.825950,5,3,2,8
1,2026-08-07 08:20:04.825950,28,24,4,24
2,2026-08-07 08:20:04.825950,5,3,2,5
3,2026-08-07 08:20:04.825950,21,16,5,16
4,2026-08-07 08:20:04.825950,4,3,1,6
5,2026-08-07 08:20:04.825950,3,2,1,15
6,2026-08-07 08:20:04.825950,4,3,1,12
7,2026-08-07 08:20:04.825950,4,3,1,15
8,2026-08-07 08:20:04.825950,5,4,1,6
1,2026-08-07 09:20:04.825950,30,21,9,21
2,2026-08-07 09:20:04.825950,1,0,1,6
3,2026-08-07 09:20:04.825950,15,11,4,11
4,2026-08-07 09:20:04.825950,3,2,1,8
5,2026-08-07 09:20:04.825950,4,3,1,5
6,2026-08-07 09:20:04.825950,2,1,1,15
7,2026-08-07 09:20:04.825950,4,3,1,12
8,2026-08-07 09:20:04.825950,2,1,1,15
1,2026-08-07 10:20:04.825950,0,0,0,6
2,2026-08-07 10:20:04.825950,0,0,0,8
3,2026-08-07 10:20:04.825950,24,18,6,18
4,2026-08-07 10:20:04.825950,5,4,1,10
5,2026-08-07 10:20:04.825950,3,2,1,13
6,2026-08-07 10:20:04.825950,4,3,1,9
7,2026-08-07 10:20:04.825950,4,2,2,9
8,2026-08-07 10:20:04.825950,1,0,1,8
1,2026-08-07 11:20:04.825950,3,2,1,9
2,2026-08-07 11:20:04.825950,0,0,0,9
3,2026-08-07 11:20:04.825950,3,2,1,14
4,2026-08-07 11:20:04.825950,19,14,5,14
5,2026-08-07 11:20:04.825950,5,4,1,15
6,2026-08-07 11:20:04.825950,1,0,1,6
7,2026-08-07 11:20:04.825950,0,0,0,14
8,2026-08-07 11:20:04.825950,1,0,1,10
1,2026-08-07 12:20:04.825950,1,0,1,5
2,2026-08-07 12:20:04.825950,5,3,2,10
3,2026-08-07 12:20:04.825950,1,0,1,13
4,2026-08-07 12:20:04.825950,19,14,5,14
5,2026-08-07 12:20:04.825950,3,2,1,7
6,2026-08-07 12:20:04.825950,3,2,1,7
7,2026-08-07 12:20:04.825950,0,0,0,13
8,2026-08-07 12:20:04.825950,4,3,1,9
1,2026-08-07 13:20:04.825950,3,2,1,14
2,2026-08-07 13:20:04.825950,5,3,2,14
3,2026-08-07 13:20:04.825950,5,4,1,12
4,2026-08-07 13:20:04.825950,13,11,2,11
5,2026-08-07 13:20:04.825950,1,0,1,6
6,2026-08-07 13:20:04.825950,2,1,1,14
7,2026-08-07 13:20:04.825950,1,0,1,6
8,2026-08-07 13:20:04.825950,2,1,1,15
1,2026-08-07 14:20:04.825950,1,0,1,8
2,2026-08-07 14:20:04.825950,2,1,1,6
3,2026-08-07 14:20:04.825950,4,3,1,15
4,2026-08-07 14:20:04.825950,5,4,1,13
5,2026-08-07 14:20:04.825950,3,2,1,10
6,2026-08-07 14:20:04.825950,4,3,1,5
7,2026-08-07 14:20:04.825950,5,3,2,7
8,2026-08-07 14:20:04.825950,5,4,1,10
1,2026-08-07 15:20:04.825950,3,2,1,9
2,2026-08-07 15:20:04.825950,2,1,1,12
3,2026-08-07 15:20:04.825950,16,11,5,12
4,2026-08-07 15:20:04.825950,5,4,1,12
5,2026-08-07 15:20:04.825950,2,1,1,11
6,2026-08-07 15:20:04.825950,5,4,1,7
7,2026-08-07 15:20:04.825950,4,3,1,7
8,2026-08-07 15:20:04.825950,1,0,1,13
1,2026-08-07 16:20:04.825950,2,1,1,14
2,2026-08-07 16:20:04.825950,3,2,1,11
3,2026-08-07 16:20:04.825950,23,18,5,18
4,2026-08-07 16:20:04.825950,3,2,1,7
5,2026-08-07 16:20:04.825950,1,0,1,11
6,2026-08-07 16:20:04.825950,2,1,1,5
7,2026-08-07 16:20:04.825950,2,1,1,9
8,2026-08-07 16:20:04.825950,3,2,1,12
1,2026-08-07 17:20:04.825950,16,13,3,13
2,2026-08-07 17:20:04.825950,2,1,1,15
3,2026-08-07 17:20:04.825950,30,21,9,21
4,2026-08-07 17:20:04.825950,2,1,1,12
5,2026-08-07 17:20:04.825950,5,4,1,5
6,2026-08-07 17:20:04.825950,0,0,0,12
7,2026-08-07 17:20:04.825950,0,0,0,10
8,2026-08-07 17:20:04.825950,4,3,1,11
1,2026-08-07 18:20:04.825950,32,28,4,28
2,2026-08-07 18:20:04.825950,2,1,1,14
3,2026-08-07 18:20:04.825950,0,0,0,7
4,2026-08-07 18:20:04.825950,14,10,4,12
5,2026-08-07 18:20:04.825950,5,3,2,7
6,2026-08-07 18:20:04.825950,0,0,0,11
7,2026-08-07 18:20:04.825950,5,4,1,10
8,2026-08-07 18:20:04.825950,0,0,0,13
1,2026-08-07 19:20:04.825950,22,17,5,17
2,2026-08-07 19:20:04.825950,1,0,1,14
3,2026-08-07 19:20:04.825950,1,0,1,10
4,2026-08-07 19:20:04.825950,19,14,5,14
5,2026-08-07 19:20:04.825950,0,0,0,10
6,2026-08-07 19:20:04.825950,1,0,1,13
7,2026-08-07 19:20:04.825950,2,1,1,12
8,2026-08-07 19:20:04.825950,3,2,1,7
1,2026-08-07 20:20:04.825950,21,15,6,15
2,2026-08-07 20:20:04.825950,1,0,1,13
3,2026-08-07 20:20:04.825950,4,3,1,13
4,2026-08-07 20:20:04.825950,22,18,4,18
5,2026-08-07 20:20:04.825950,3,2,1,6
6,2026-08-07 20:20:04.825950,0,0,0,5
7,2026-08-07 20:20:04.825950,3,2,1,10
8,2026-08-07 20:20:04.825950,1,0,1,14
1,2026-08-07 21:20:04.825950,4,3,1,10
2,2026-08-07 21:20:04.825950,1,0,1,5
3,2026-08-07 21:20:04.825950,5,4,1,8
4,2026-08-07 21:20:04.825950,13,10,3,10
5,2026-08-07 21:20:04.825950,1,0,1,6
6,2026-08-07 21:20:04.825950,3,2,1,6
7,2026-08-07 21:20:04.825950,0,0,0,12
8,2026-08-07 21:20:04.825950,3,2,1,6
1,2026-08-07 22:20:04.825950,0,0,0,13
2,2026-08-07 22:20:04.825950,4,2,2,6
3,2026-08-07 22:20:04.825950,2,1,1,9
4,2026-08-07 22:20:04.825950,5,3,2,6
5,2026-08-07 22:20:04.825950,0,0,0,8
6,2026-08-07 22:20:04.825950,4,3,1,7
7,2026-08-07 22:20:04.825950,5,3,2,6
8,2026-08-07 22:20:04.825950,1,0,1,9
1,2026-08-07 23:20:04.825950,4,3,1,7
2,2026-08-07 23:20:04.825950,4,3,1,14
3,2026-08-07 23:20:04.825950,1,0,1,6
4,2026-08-07 23:20:04.825950,0,0,0,5
5,2026-08-07 23:20:04.825950,4,2,2,8
6,2026-08-07 23:20:04.825950,2,1,1,13
7,2026-08-07 23:20:04.825950,0,0,0,6
8,2026-08-07 23:20:04.825950,1,0,1,12
1,2026-08-08 00:20:04.825950,2,1,1,7
2,2026-08-08 00:20:04.825950,3,2,1,6
3,2026-08-08 00:20:04.825950,1,0,1,11
4,2026-08-08 00:20:04.825950,3,2,1,8
5,2026-08-08 00:20:04.825950,3,2,1,10
6,2026-08-08 00:20:04.825950,0,0,0,13
7,2026-08-08 00:20:04.825950,1,0,1,10
8,2026-08-08 00:20:04.825950,5,3,2,5
1,2026-08-08 01:20:04.825950,0,0,0,6
2,2026-08-08 01:20:04.825950,3,2,1,14
3,2026-08-08 01:20:04.825950,5,3,2,12
4,2026-08-08 01:20:04.825950,1,0,1,9
5,2026-08-08 01:20:04.825950,3,2,1,6
6,2026-08-08 01:20:04.825950,3,2,1,10
7,2026-08-08 01:20:04.825950,1,0,1,15
8,2026-08-08 01:20:04.825950,3,2,1,11
1,2026-08-08 02:20:04.825950,3,2,1,15
2,2026-08-08 02:20:04.825950,0,0,0,11
3,2026-08-08 02:20:04.825950,3,2,1,6
4,2026-08-08 02:20:04.825950,5,4,1,7
5,2026-08-08 02:20:04.825950,0,0,0,8
6,2026-08-08 02:20:04.825950,2,1,1,11
7,2026-08-08 02:20:04.825950,0,0,0,11
8,2026-08-08 02:20:04.825950,5,3,2,14
1,2026-08-08 03:20:04.825950,4,3,1,15
2,2026-08-08 03:20:04.825950,3,2,1,15
3,2026-08-08 03:20:04.825950,4,3,1,12
4,2026-08-08 03:20:04.825950,4,3,1,12
5,2026-08-08 03:20:04.825950,0,0,0,12
6,2026-08-08 03:20:04.825950,3,2,1,7
7,2026-08-08 03:20:04.825950,0,0,0,5
8,2026-08-08 03:20:04.825950,0,0,0,5
1,2026-08-08 04:20:04.825950,1,0,1,15
2,2026-08-08 04:20:04.825950,2,1,1,14
3,2026-08-08 04:20:04.825950,4,2,2,6
4,2026-08-08 04:20:04.825950,5,4,1,12
5,2026-08-08 04:20:04.825950,3,2,1,15
6,2026-08-08 04:20:04.825950,3,2,1,9
7,2026-08-08 04:20:04.825950,4,3,1,13
8,2026-08-08 04:20:04.825950,4,2,2,5
1,2026-08-08 05:20:04.825950,3,2,1,6
2,2026-08-08 05:20:04.825950,3,2,1,11
3,2026-08-08 05:20:04.825950,3,2,1,5
4,2026-08-08 05:20:04.825950,1,0,1,9
5,2026-08-08 05:20:04.825950,5,3,2,11
6,2026-08-08 05:20:04.825950,1,0,1,11
7,2026-08-08 05:20:04.825950,3,2,1,14
8,2026-08-08 05:20:04.825950,5,3,2,13
1,2026-08-08 06:20:04.825950,5,4,1,12
2,2026-08-08 06:20:04.825950,3,2,1,7
3,2026-08-08 06:20:04.825950,4,2,2,9
4,2026-08-08 06:20:04.825950,3,2,1,11
5,2026-08-08 06:20:04.825950,4,3,1,9
6,2026-08-08 06:20:04.825950,2,1,1,14
7,2026-08-08 06:20:04.825950,0,0,0,10
8,2026-08-08 06:20:04.825950,2,1,1,14
1,2026-08-08 07:20:04.825950,25,19,6,19
2,2026-08-08 07:20:04.825950,2,1,1,11
3,2026-08-08 07:20:04.825950,2,1,1,8
4,2026-08-08 07:20:04.825950,1,0,1,9
5,2026-08-08 07:20:04.825950,4,2,2,6
6,2026-08-08 07:20:04.825950,2,1,1,7
7,2026-08-08 07:20:04.825950,0,0,0,5
8,2026-08-08 07:20:04.825950,3,2,1,11
1,2026-08-08 08:20:04.825950,32,24,8,24
2,2026-08-08 08:20:04.825950,4,2,2,10
3,2026-08-08 08:20:04.825950,3,2,1,10
4,2026-08-08 08:20:04.825950,4,2,2,12
5,2026-08-08 08:20:04.825950,0,0,0,8
6,2026-08-08 08:20:04.825950,2,1,1,15
7,2026-08-08 08:20:04.825950,2,1,1,9
8,2026-08-08 08:20:04.825950,2,1,1,8
1,2026-08-08 09:20:04.825950,20,17,3,17
2,2026-08-08 09:20:04.825950,1,0,1,5
3,2026-08-08 09:20:04.825950,2,1,1,11
4,2026-08-08 09:20:04.825950,1,0,1,6
5,2026-08-08 09:20:04.825950,5,4,1,6
6,2026-08-08 09:20:04.825950,4,3,1,6
7,2026-08-08 09:20:04.825950,4,3,1,12
8,2026-08-08 09:20:04.825950,3,2,1,6
1,2026-08-08 10:20:04.825950,5,4,1,13
2,2026-08-08 10:20:04.825950,2,1,1,13
3,2026-08-08 10:20:04.825950,2,1,1,11
4,2026-08-08 10:20:04.825950,2,1,1,12
5,2026-08-08 10:20:04.825950,5,4,1,7
6,2026-08-08 10:20:04.825950,0,0,0,13
7,2026-08-08 10:20:04.825950,1,0,1,8
8,2026-08-08 10:20:04.825950,5,4,1,12
1,2026-08-08 11:20:04.825950,2,1,1,13
2,2026-08-08 11:20:04.825950,4,3,1,11
3,2026-08-08 11:20:04.825950,4,3,1,5
4,2026-08-08 11:20:04.825950,17,13,4,13
5,2026-08-08 11:20:04.825950,1,0,1,15
6,2026-08-08 11:20:04.825950,2,1,1,11
7,2026-08-08 11:20:04.825950,2,1,1,6
8,2026-08-08 11:20:04.825950,5,3,2,11
1,2026-08-08 12:20:04.825950,2,1,1,15
2,2026-08-08 12:20:04.825950,1,0,1,14
3,2026-08-08 12:20:04.825950,1,0,1,6
4,2026-08-08 12:20:04.825950,14,9,5,9
5,2026-08-08 12:20:04.825950,3,2,1,11
6,2026-08-08 12:20:04.825950,3,2,1,5
7,2026-08-08 12:20:04.825950,1,0,1,7
8,2026-08-08 12:20:04.825950,0,0,0,9
1,2026-08-08 13:20:04.825950,5,4,1,15
2,2026-08-08 13:20:04.825950,0,0,0,12
3,2026-08-08 13:20:04.825950,0,0,0,6
4,2026-08-08 13:20:04.825950,21,15,6,15
5,2026-08-08 13:20:04.825950,3,2,1,15
6,2026-08-08 13:20:04.825950,5,4,1,11
7,2026-08-08 13:20:04.825950,5,4,1,8
8,2026-08-08 13:20:04.825950,0,0,0,13
1,2026-08-08 14:20:04.825950,0,0,0,14
2,2026-08-08 14:20:04.825950,4,3,1,6
3,2026-08-08 14:20:04.825950,1,0,1,10
4,2026-08-08 14:20:04.825950,2,1,1,11
5,2026-08-08 14:20:04.825950,5,4,1,11
6,2026-08-08 14:20:04.825950,1,0,1,7
7,2026-08-08 14:20:04.825950,1,0,1,12
8,2026-08-08 14:20:04.825950,3,2,1,14
1,2026-08-08 15:20:04.825950,0,0,0,10
2,2026-08-08 15:20:04.825950,5,4,1,10
3,2026-08-08 15:20:04.825950,4,3,1,15
4,2026-08-08 15:20:04.825950,1,0,1,7
5,2026-08-08 15:20:04.825950,2,1,1,10
6,2026-08-08 15:20:04.825950,2,1,1,14
7,2026-08-08 15:20:04.825950,0,0,0,15
8,2026-08-08 15:20:04.825950,0,0,0,15
1,2026-08-08 16:20:04.825950,1,0,1,11
2,2026-08-08 16:20:04.825950,2,1,1,10
3,2026-08-08 16:20:04.825950,5,3,2,8
4,2026-08-08 16:20:04.825950,3,2,1,11
5,2026-08-08 16:20:04.825950,2,1,1,8
6,2026-08-08 16:20:04.825950,2,1,1,7
7,2026-08-08 16:20:04.825950,3,2,1,15
8,2026-08-08 16:20:04.825950,3,2,1,9
1,2026-08-08 17:20:04.825950,30,23,7,23
2,2026-08-08 17:20:04.825950,2,1,1,6
3,2026-08-08 17:20:04.825950,1,0,1,13
4,2026-08-08 17:20:04.825950,0,0,0,14
5,2026-08-08 17:20:04.825950,5,4,1,10
6,2026-08-08 17:20:04.825950,3,2,1,5
7,2026-08-08 17:20:04.825950,5,4,1,15
8,2026-08-08 17:20:04.825950,3,2,1,7
1,2026-08-08 18:20:04.825950,27,19,8,19
2,2026-08-08 18:20:04.825950,2,1,1,6
3,2026-08-08 18:20:04.825950,1,0,1,15
4,2026-08-08 18:20:04.825950,20,16,4,16
5,2026-08-08 18:20:04.825950,3,2,1,7
6,2026-08-08 18:20:04.825950,2,1,1,14
7,2026-08-08 18:20:04.825950,2,1,1,8
8,2026-08-08 18:20:04.825950,0,0,0,7
1,2026-08-08 19:20:04.825950,30,26,4,26
2,2026-08-08 19:20:04.825950,1,0,1,5
3,2026-08-08 19:20:04.825950,4,3,1,15
4,2026-08-08 19:20:04.825950,12,10,2,10
5,2026-08-08 19:20:04.825950,2,1,1,7
6,2026-08-08 19:20:04.825950,0,0,0,11
7,2026-08-08 19:20:04.825950,4,3,1,6
8,2026-08-08 19:20:04.825950,2,1,1,14
1,2026-08-08 20:20:04.825950,15,12,3,12
2,2026-08-08 20:20:04.825950,3,2,1,12
3,2026-08-08 20:20:04.825950,0,0,0,8
4,2026-08-08 20:20:04.825950,15,11,4,12
5,2026-08-08 20:20:04.825950,3,2,1,8
6,2026-08-08 20:20:04.825950,4,2,2,9
7,2026-08-08 20:20:04.825950,5,4,1,11
8,2026-08-08 20:20:04.825950,1,0,1,7
1,2026-08-08 21:20:04.825950,0,0,0,9
2,2026-08-08 21:20:04.825950,1,0,1,8
3,2026-08-08 21:20:04.825950,2,1,1,15
4,2026-08-08 21:20:04.825950,14,9,5,9
5,2026-08-08 21:20:04.825950,2,1,1,11
6,2026-08-08 21:20:04.825950,5,3,2,11
7,2026-08-08 21:20:04.825950,5,3,2,14
8,2026-08-08 21:20:04.825950,2,1,1,13
1,2026-08-08 22:20:04.825950,0,0,0,8
2,2026-08-08 22:20:04.825950,3,2,1,14
3,2026-08-08 22:20:04.825950,5,4,1,14
4,2026-08-08 22:20:04.825950,5,4,1,5
5,2026-08-08 22:20:04.825950,0,0,0,14
6,2026-08-08 22:20:04.825950,3,2,1,11
7,2026-08-08 22:20:04.825950,5,3,2,13
8,2026-08-08 22:20:04.825950,0,0,0,9
1,2026-08-08 23:20:04.825950,1,0,1,10
2,2026-08-08 23:20:04.825950,3,2,1,10
3,2026-08-08 23:20:04.825950,5,4,1,7
4,2026-08-08 23:20:04.825950,2,1,1,5
5,2026-08-08 23:20:04.825950,1,0,1,9
6,2026-08-08 23:20:04.825950,5,3,2,11
7,2026-08-08 23:20:04.825950,2,1,1,9
8,2026-08-08 23:20:04.825950,4,3,1,9
1,2026-08-09 00:20:04.825950,4,3,1,7
2,2026-08-09 00:20:04.825950,2,1,1,12
3,2026-08-09 00:20:04.825950,1,0,1,15
4,2026-08-09 00:20:04.825950,5,4,1,5
5,2026-08-09 00:20:04.825950,1,0,1,8
6,2026-08-09 00:20:04.825950,1,0,1,9
7,2026-08-09 00:20:04.825950,1,0,1,11
8,2026-08-09 00:20:04.825950,0,0,0,12
1,2026-08-09 01:20:04.825950,0,0,0,13
2,2026-08-09 01:20:04.825950,3,2,1,6
3,2026-08-09 01:20:04.825950,5,4,1,6
4,2026-08-09 01:20:04.825950,2,1,1,9
5,2026-08-09 01:20:04.825950,1,0,1,13
6,2026-08-09 01:20:04.825950,2,1,1,15
7,2026-08-09 01:20:04.825950,4,2,2,5
8,2026-08-09 01:20:04.825950,4,3,1,7
1,2026-08-09 02:20:04.825950,3,2,1,8
2,2026-08-09 02:20:04.825950,3,2,1,10
3,2026-08-09 02:20:04.825950,0,0,0,15
4,2026-08-09 02:20:04.825950,0,0,0,14
5,2026-08-09 02:20:04.825950,0,0,0,7
6,2026-08-09 02:20:04.825950,0,0,0,15
7,2026-08-09 02:20:04.825950,3,2,1,9
8,2026-08-09 02:20:04.825950,4,3,1,10
1,2026-08-09 03:20:04.825950,0,0,0,12
2,2026-08-09 03:20:04.825950,2,1,1,14
3,2026-08-09 03:20:04.825950,1,0,1,5
4,2026-08-09 03:20:04.825950,5,3,2,5
5,2026-08-09 03:20:04.825950,5,3,2,14
6,2026-08-09 03:20:04.825950,3,2,1,9
7,2026-08-09 03:20:04.825950,1,0,1,11
8,2026-08-09 03:20:04.825950,0,0,0,8
1,2026-08-09 04:20:04.825950,1,0,1,11
2,2026-08-09 04:20:04.825950,2,1,1,15
3,2026-08-09 04:20:04.825950,1,0,1,12
4,2026-08-09 04:20:04.825950,3,2,1,9
5,2026-08-09 04:20:04.825950,5,4,1,10
6,2026-08-09 04:20:04.825950,5,3,2,10
7,2026-08-09 04:20:04.825950,4,2,2,12
8,2026-08-09 04:20:04.825950,3,2,1,14
1,2026-08-09 05:20:04.825950,4,3,1,11
2,2026-08-09 05:20:04.825950,2,1,1,11
3,2026-08-09 05:20:04.825950,5,3,2,5
4,2026-08-09 05:20:04.825950,4,3,1,12
5,2026-08-09 05:20:04.825950,5,3,2,15
6,2026-08-09 05:20:04.825950,5,3,2,12
7,2026-08-09 05:20:04.825950,4,3,1,13
8,2026-08-09 05:20:04.825950,0,0,0,11
1,2026-08-09 06:20:04.825950,0,0,0,12
2,2026-08-09 06:20:04.825950,2,1,1,7
3,2026-08-09 06:20:04.825950,5,4,1,8
4,2026-08-09 06:20:04.825950,4,3,1,14
5,2026-08-09 06:20:04.825950,0,0,0,5
6,2026-08-09 06:20:04.825950,4,2,2,11
7,2026-08-09 06:20:04.825950,3,2,1,15
8,2026-08-09 06:20:04.825950,5,4,1,9
1,2026-08-09 07:20:04.825950,25,20,5,20
2,2026-08-09 07:20:04.825950,0,0,0,15
3,2026-08-09 07:20:04.825950,3,2,1,7
4,2026-08-09 07:20:04.825950,3,2,1,11
5,2026-08-09 07:20:04.825950,5,3,2,14
6,2026-08-09 07:20:04.825950,5,3,2,15
7,2026-08-09 07:20:04.825950,3,2,1,9
8,2026-08-09 07:20:04.825950,2,1,1,7
1,2026-08-09 08:20:04.825950,21,15,6,15
2,2026-08-09 08:20:04.825950,2,1,1,6
3,2026-08-09 08:20:04.825950,3,2,1,5
4,2026-08-09 08:20:04.825950,3,2,1,7
5,2026-08-09 08:20:04.825950,5,3,2,11
6,2026-08-09 08:20:04.825950,5,4,1,14
7,2026-08-09 08:20:04.825950,5,3,2,14
8,2026-08-09 08:20:04.825950,4,3,1,15
1,2026-08-09 09:20:04.825950,32,27,5,27
2,2026-08-09 09:20:04.825950,1,0,1,8
3,2026-08-09 09:20:04.825950,0,0,0,8
4,2026-08-09 09:20:04.825950,0,0,0,15
5,2026-08-09 09:20:04.825950,1,0,1,11
6,2026-08-09 09:20:04.825950,5,4,1,13
7,2026-08-09 09:20:04.825950,1,0,1,12
8,2026-08-09 09:20:04.825950,1,0,1,5
1,2026-08-09 10:20:04.825950,0,0,0,7
2,2026-08-09 10:20:04.825950,5,4,1,12
3,2026-08-09 10:20:04.825950,3,2,1,12
4,2026-08-09 10:20:04.825950,4,2,2,9
5,2026-08-09 10:20:04.825950,4,3,1,11
6,2026-08-09 10:20:04.825950,0,0,0,6
7,2026-08-09 10:20:04.825950,5,4,1,11
8,2026-08-09 10:20:04.825950,3,2,1,14
1,2026-08-09 11:20:04.825950,4,3,1,9
2,2026-08-09 11:20:04.825950,0,0,0,12
3,2026-08-09 11:20:04.825950,4,3,1,14
4,2026-08-09 11:20:04.825950,22,16,6,16
5,2026-08-09 11:20:04.825950,4,2,2,14
6,2026-08-09 11:20:04.825950,2,1,1,9
7,2026-08-09 11:20:04.825950,5,3,2,12
8,2026-08-09 11:20:04.825950,0,0,0,15
1,2026-08-09 12:20:04.825950,2,1,1,11
2,2026-08-09 12:20:04.825950,0,0,0,8
3,2026-08-09 12:20:04.825950,3,2,1,8
4,2026-08-09 12:20:04.825950,17,13,4,15
5,2026-08-09 12:20:04.825950,2,1,1,15
6,2026-08-09 12:20:04.825950,3,2,1,9
7,2026-08-09 12:20:04.825950,5,4,1,11
8,2026-08-09 12:20:04.825950,5,4,1,10
1,2026-08-09 13:20:04.825950,3,2,1,7
2,2026-08-09 13:20:04.825950,4,2,2,6
3,2026-08-09 13:20:04.825950,5,3,2,7
4,2026-08-09 13:20:04.825950,13,10,3,10
5,2026-08-09 13:20:04.825950,3,2,1,12
6,2026-08-09 13:20:04.825950,2,1,1,13
7,2026-08-09 13:20:04.825950,0,0,0,10
8,2026-08-09 13:20:04.825950,2,1,1,7
1,2026-08-09 14:20:04.825950,1,0,1,13
2,2026-08-09 14:20:04.825950,0,0,0,10
3,2026-08-09 14:20:04.825950,3,2,1,8
4,2026-08-09 14:20:04.825950,0,0,0,12
5,2026-08-09 14:20:04.825950,2,1,1,10
6,2026-08-09 14:20:04.825950,0,0,0,13
7,2026-08-09 14:20:04.825950,2,1,1,13
8,2026-08-09 14:20:04.825950,4,3,1,5
1,2026-08-09 15:20:04.825950,3,2,1,6
2,2026-08-09 15:20:04.825950,0,0,0,14
3,2026-08-09 15:20:04.825950,0,0,0,5
4,2026-08-09 15:20:04.825950,4,2,2,15
5,2026-08-09 15:20:04.825950,0,0,0,10
6,2026-08-09 15:20:04.825950,1,0,1,12
7,2026-08-09 15:20:04.825950,4,3,1,6
8,2026-08-09 15:20:04.825950,1,0,1,10
1,2026-08-09 16:20:04.825950,1,0,1,8
2,2026-08-09 16:20:04.825950,3,2,1,5
3,2026-08-09 16:20:04.825950,1,0,1,12
4,2026-08-09 16:20:04.825950,2,1,1,7
5,2026-08-09 16:20:04.825950,0,0,0,11
6,2026-08-09 16:20:04.825950,2,1,1,8
7,2026-08-09 16:20:04.825950,1,0,1,13
8,2026-08-09 16:20:04.825950,3,2,1,7
1,2026-08-09 17:20:04.825950,31,27,4,27
2,2026-08-09 17:20:04.825950,4,3,1,10
3,2026-08-09 17:20:04.825950,0,0,0,5
4,2026-08-09 17:20:04.825950,5,4,1,6
5,2026-08-09 17:20:04.825950,0,0,0,11
6,2026-08-09 17:20:04.825950,1,0,1,11
7,2026-08-09 17:20:04.825950,0,0,0,15
8,2026-08-09 17:20:04.825950,1,0,1,5
1,2026-08-09 18:20:04.825950,29,22,7,22
2,2026-08-09 18:20:04.825950,5,4,1,9
3,2026-08-09 18:20:04.825950,5,4,1,10
4,2026-08-09 18:20:04.825950,14,12,2,14
5,2026-08-09 18:20:04.825950,1,0,1,12
6,2026-08-09 18:20:04.825950,5,3,2,13
7,2026-08-09 18:20:04.825950,4,3,1,15
8,2026-08-09 18:20:04.825950,3,2,1,15
1,2026-08-09 19:20:04.825950,24,21,3,21
2,2026-08-09 19:20:04.825950,0,0,0,11
3,2026-08-09 19:20:04.825950,5,4,1,7
4,2026-08-09 19:20:04.825950,22,16,6,16
5,2026-08-09 19:20:04.825950,4,3,1,13
6,2026-08-09 19:20:04.825950,2,1,1,7
7,2026-08-09 19:20:04.825950,0,0,0,13
8,2026-08-09 19:20:04.825950,4,3,1,9
1,2026-08-09 20:20:04.825950,33,29,4,29
2,2026-08-09 20:20:04.825950,5,3,2,10
3,2026-08-09 20:20:04.825950,2,1,1,10
4,2026-08-09 20:20:04.825950,10,8,2,8
5,2026-08-09 20:20:04.825950,3,2,1,5
6,2026-08-09 20:20:04.825950,3,2,1,8
7,2026-08-09 20:20:04.825950,5,4,1,14
8,2026-08-09 20:20:04.825950,5,4,1,15
1,2026-08-09 21:20:04.825950,5,4,1,14
2,2026-08-09 21:20:04.825950,1,0,1,9
3,2026-08-09 21:20:04.825950,5,4,1,14
4,2026-08-09 21:20:04.825950,17,14,3,14
5,2026-08-09 21:20:04.825950,5,3,2,10
6,2026-08-09 21:20:04.825950,4,3,1,10
7,2026-08-09 21:20:04.825950,3,2,1,11
8,2026-08-09 21:20:04.825950,3,2,1,5
1,2026-08-09 22:20:04.825950,3,2,1,12
2,2026-08-09 22:20:04.825950,1,0,1,10
3,2026-08-09 22:20:04.825950,5,4,1,14
4,2026-08-09 22:20:04.825950,4,3,1,11
5,2026-08-09 22:20:04.825950,2,1,1,15
6,2026-08-09 22:20:04.825950,3,2,1,12
7,2026-08-09 22:20:04.825950,5,4,1,7
8,2026-08-09 22:20:04.825950,1,0,1,12
1,2026-08-09 23:20:04.825950,5,3,2,13
2,2026-08-09 23:20:04.825950,4,2,2,8
3,2026-08-09 23:20:04.825950,3,2,1,7
4,2026-08-09 23:20:04.825950,4,3,1,6
5,2026-08-09 23:20:04.825950,4,3,1,6
6,2026-08-09 23:20:04.825950,0,0,0,9
7,2026-08-09 23:20:04.825950,0,0,0,6
8,2026-08-09 23:20:04.825950,2,1,1,10
1,2026-08-10 00:20:04.825950,2,1,1,5
2,2026-08-10 00:20:04.825950,1,0,1,14
3,2026-08-10 00:20:04.825950,3,2,1,9
4,2026-08-10 00:20:04.825950,2,1,1,12
5,2026-08-10 00:20:04.825950,0,0,0,10
6,2026-08-10 00:20:04.825950,0,0,0,11
7,2026-08-10 00:20:04.825950,3,2,1,14
8,2026-08-10 00:20:04.825950,3,2,1,11
1,2026-08-10 01:20:04.825950,3,2,1,14
2,2026-08-10 01:20:04.825950,1,0,1,13
3,2026-08-10 01:20:04.825950,5,3,2,12
4,2026-08-10 01:20:04.825950,5,3,2,10
5,2026-08-10 01:20:04.825950,0,0,0,15
6,2026-08-10 01:20:04.825950,4,3,1,8
7,2026-08-10 01:20:04.825950,3,2,1,5
8,2026-08-10 01:20:04.825950,5,4,1,9
1,2026-08-10 02:20:04.825950,5,3,2,7
2,2026-08-10 02:20:04.825950,5,3,2,15
3,2026-08-10 02:20:04.825950,5,3,2,15
4,2026-08-10 02:20:04.825950,0,0,0,6
5,2026-08-10 02:20:04.825950,1,0,1,13
6,2026-08-10 02:20:04.825950,4,3,1,14
7,2026-08-10 02:20:04.825950,4,2,2,12
8,2026-08-10 02:20:04.825950,4,3,1,6
1,2026-08-10 03:20:04.825950,5,4,1,7
2,2026-08-10 03:20:04.825950,0,0,0,8
3,2026-08-10 03:20:04.825950,1,0,1,14
4,2026-08-10 03:20:04.825950,3,2,1,13
5,2026-08-10 03:20:04.825950,4,3,1,14
6,2026-08-10 03:20:04.825950,0,0,0,5
7,2026-08-10 03:20:04.825950,2,1,1,11
8,2026-08-10 03:20:04.825950,0,0,0,10
1,2026-08-10 04:20:04.825950,3,2,1,6
2,2026-08-10 04:20:04.825950,0,0,0,9
3,2026-08-10 04:20:04.825950,1,0,1,6
4,2026-08-10 04:20:04.825950,1,0,1,11
5,2026-08-10 04:20:04.825950,5,3,2,14
6,2026-08-10 04:20:04.825950,2,1,1,5
7,2026-08-10 04:20:04.825950,2,1,1,10
8,2026-08-10 04:20:04.825950,1,0,1,10
1,2026-08-10 05:20:04.825950,2,1,1,6
2,2026-08-10 05:20:04.825950,0,0,0,14
3,2026-08-10 05:20:04.825950,4,2,2,13
4,2026-08-10 05:20:04.825950,4,3,1,6
5,2026-08-10 05:20:04.825950,2,1,1,12
6,2026-08-10 05:20:04.825950,4,3,1,12
7,2026-08-10 05:20:04.825950,0,0,0,8
8,2026-08-10 05:20:04.825950,0,0,0,14
1,2026-08-10 06:20:04.825950,5,3,2,13
2,2026-08-10 06:20:04.825950,5,4,1,9
3,2026-08-10 06:20:04.825950,4,3,1,6
4,2026-08-10 06:20:04.825950,5,4,1,7
5,2026-08-10 06:20:04.825950,2,1,1,7
6,2026-08-10 06:20:04.825950,1,0,1,11
7,2026-08-10 06:20:04.825950,4,3,1,5
8,2026-08-10 06:20:04.825950,3,2,1,14
1,2026-08-10 07:20:04.825950,22,15,7,15
2,2026-08-10 07:20:04.825950,2,1,1,15
3,2026-08-10 07:20:04.825950,3,2,1,15
4,2026-08-10 07:20:04.825950,1,0,1,13
5,2026-08-10 07:20:04.825950,2,1,1,13
6,2026-08-10 07:20:04.825950,4,2,2,6
7,2026-08-10 07:20:04.825950,3,2,1,7
8,2026-08-10 07:20:04.825950,5,4,1,9
1,2026-08-10 08:20:04.825950,24,19,5,19
2,2026-08-10 08:20:04.825950,5,4,1,15
3,2026-08-10 08:20:04.825950,26,19,7,19
4,2026-08-10 08:20:04.825950,2,1,1,12
5,2026-08-10 08:20:04.825950,4,3,1,7
6,2026-08-10 08:20:04.825950,5,4,1,14
7,2026-08-10 08:20:04.825950,3,2,1,5
8,2026-08-10 08:20:04.825950,5,3,2,13
1,2026-08-10 09:20:04.825950,35,29,6,29
2,2026-08-10 09:20:04.825950,0,0,0,15
3,2026-08-10 09:20:04.825950,17,13,4,15
4,2026-08-10 09:20:04.825950,3,2,1,10
5,2026-08-10 09:20:04.825950,3,2,1,10
6,2026-08-10 09:20:04.825950,3,2,1,5
7,2026-08-10 09:20:04.825950,0,0,0,8
8,2026-08-10 09:20:04.825950,3,2,1,5
1,2026-08-10 10:20:04.825950,2,1,1,10
2,2026-08-10 10:20:04.825950,1,0,1,14
3,2026-08-10 10:20:04.825950,24,20,4,20
4,2026-08-10 10:20:04.825950,1,0,1,10
5,2026-08-10 10:20:04.825950,0,0,0,14
6,2026-08-10 10:20:04.825950,1,0,1,15
7,2026-08-10 10:20:04.825950,3,2,1,9
8,2026-08-10 10:20:04.825950,4,3,1,7
1,2026-08-10 11:20:04.825950,4,2,2,14
2,2026-08-10 11:20:04.825950,5,4,1,14
3,2026-08-10 11:20:04.825950,1,0,1,7
4,2026-08-10 11:20:04.825950,16,11,5,14
5,2026-08-10 11:20:04.825950,1,0,1,9
6,2026-08-10 11:20:04.825950,1,0,1,5
7,2026-08-10 11:20:04.825950,5,4,1,14
8,2026-08-10 11:20:04.825950,2,1,1,12
1,2026-08-10 12:20:04.825950,0,0,0,15
2,2026-08-10 12:20:04.825950,5,4,1,5
3,2026-08-10 12:20:04.825950,2,1,1,11
4,2026-08-10 12:20:04.825950,13,10,3,12
5,2026-08-10 12:20:04.825950,3,2,1,5
6,2026-08-10 12:20:04.825950,5,3,2,9
7,2026-08-10 12:20:04.825950,3,2,1,10
8,2026-08-10 12:20:04.825950,0,0,0,10
1,2026-08-10 13:20:04.825950,0,0,0,5
2,2026-08-10 13:20:04.825950,5,3,2,11
3,2026-08-10 13:20:04.825950,0,0,0,8
4,2026-08-10 13:20:04.825950,16,12,4,15
5,2026-08-10 13:20:04.825950,5,3,2,12
6,2026-08-10 13:20:04.825950,3,2,1,14
7,2026-08-10 13:20:04.825950,5,4,1,9
8,2026-08-10 13:20:04.825950,1,0,1,8
1,2026-08-10 14:20:04.825950,2,1,1,10
2,2026-08-10 14:20:04.825950,4,3,1,6
3,2026-08-10 14:20:04.825950,4,3,1,6
4,2026-08-10 14:20:04.825950,5,3,2,6
5,2026-08-10 14:20:04.825950,0,0,0,5
6,2026-08-10 14:20:04.825950,3,2,1,6
7,2026-08-10 14:20:04.825950,1,0,1,12
8,2026-08-10 14:20:04.825950,0,0,0,15
1,2026-08-10 15:20:04.825950,3,2,1,15
2,2026-08-10 15:20:04.825950,0,0,0,9
3,2026-08-10 15:20:04.825950,25,17,8,17
4,2026-08-10 15:20:04.825950,1,0,1,15
5,2026-08-10 15:20:04.825950,4,2,2,11
6,2026-08-10 15:20:04.825950,3,2,1,14
7,2026-08-10 15:20:04.825950,4,2,2,15
8,2026-08-10 15:20:04.825950,5,4,1,12
1,2026-08-10 16:20:04.825950,4,3,1,8
2,2026-08-10 16:20:04.825950,0,0,0,14
3,2026-08-10 16:20:04.825950,17,13,4,13
4,2026-08-10 16:20:04.825950,4,2,2,13
5,2026-08-10 16:20:04.825950,2,1,1,12
6,2026-08-10 16:20:04.825950,5,4,1,7
7,2026-08-10 16:20:04.825950,1,0,1,5
8,2026-08-10 16:20:04.825950,0,0,0,14
1,2026-08-10 17:20:04.825950,29,22,7,22
2,2026-08-10 17:20:04.825950,1,0,1,9
3,2026-08-10 17:20:04.825950,24,18,6,18
4,2026-08-10 17:20:04.825950,4,3,1,15
5,2026-08-10 17:20:04.825950,1,0,1,13
6,2026-08-10 17:20:04.825950,4,3,1,11
7,2026-08-10 17:20:04.825950,2,1,1,8
8,2026-08-10 17:20:04.825950,5,4,1,6
1,2026-08-10 18:20:04.825950,23,19,4,19
2,2026-08-10 18:20:04.825950,4,3,1,14
3,2026-08-10 18:20:04.825950,4,3,1,14
4,2026-08-10 18:20:04.825950,18,13,5,13
5,2026-08-10 18:20:04.825950,3,2,1,5
6,2026-08-10 18:20:04.825950,3,2,1,5
7,2026-08-10 18:20:04.825950,5,3,2,8
8,2026-08-10 18:20:04.825950,3,2,1,8
1,2026-08-10 19:20:04.825950,28,24,4,24
2,2026-08-10 19:20:04.825950,1,0,1,5
3,2026-08-10 19:20:04.825950,2,1,1,10
4,2026-08-10 19:20:04.825950,18,13,5,13
5,2026-08-10 19:20:04.825950,3,2,1,14
6,2026-08-10 19:20:04.825950,2,1,1,5
7,2026-08-10 19:20:04.825950,1,0,1,7
8,2026-08-10 19:20:04.825950,1,0,1,7
1,2026-08-10 20:20:04.825950,24,17,7,17
2,2026-08-10 20:20:04.825950,1,0,1,6
3,2026-08-10 20:20:04.825950,0,0,0,7
4,2026-08-10 20:20:04.825950,23,19,4,19
5,2026-08-10 20:20:04.825950,2,1,1,9
6,2026-08-10 20:20:04.825950,3,2,1,10
7,2026-08-10 20:20:04.825950,5,3,2,13
8,2026-08-10 20:20:04.825950,4,3,1,6
1,2026-08-10 21:20:04.825950,0,0,0,7
2,2026-08-10 21:20:04.825950,1,0,1,11
3,2026-08-10 21:20:04.825950,5,3,2,14
4,2026-08-10 21:20:04.825950,23,17,6,17
5,2026-08-10 21:20:04.825950,4,3,1,13
6,2026-08-10 21:20:04.825950,2,1,1,10
7,2026-08-10 21:20:04.825950,1,0,1,9
8,2026-08-10 21:20:04.825950,1,0,1,14
1,2026-08-10 22:20:04.825950,3,2,1,6
2,2026-08-10 22:20:04.825950,3,2,1,14
3,2026-08-10 22:20:04.825950,0,0,0,11
4,2026-08-10 22:20:04.825950,5,4,1,10
5,2026-08-10 22:20:04.825950,3,2,1,7
6,2026-08-10 22:20:04.825950,2,1,1,13
7,2026-08-10 22:20:04.825950,5,3,2,12
8,2026-08-10 22:20:04.825950,3,2,1,11
1,2026-08-10 23:20:04.825950,5,4,1,14
2,2026-08-10 23:20:04.825950,5,3,2,8
3,2026-08-10 23:20:04.825950,1,0,1,8
4,2026-08-10 23:20:04.825950,3,2,1,11
5,2026-08-10 23:20:04.825950,3,2,1,10
6,2026-08-10 23:20:04.825950,2,1,1,7
7,2026-08-10 23:20:04.825950,0,0,0,13
8,2026-08-10 23:20:04.825950,2,1,1,5
1,2026-08-11 00:20:04.825950,3,2,1,10
2,2026-08-11 00:20:04.825950,3,2,1,11
3,2026-08-11 00:20:04.825950,3,2,1,12
4,2026-08-11 00:20:04.825950,2,1,1,5
5,2026-08-11 00:20:04.825950,1,0,1,9
6,2026-08-11 00:20:04.825950,5,3,2,6
7,2026-08-11 00:20:04.825950,2,1,1,13
8,2026-08-11 00:20:04.825950,4,3,1,9
1,2026-08-11 01:20:04.825950,1,0,1,6
2,2026-08-11 01:20:04.825950,2,1,1,8
3,2026-08-11 01:20:04.825950,2,1,1,10
4,2026-08-11 01:20:04.825950,2,1,1,15
5,2026-08-11 01:20:04.825950,2,1,1,14
6,2026-08-11 01:20:04.825950,1,0,1,13
7,2026-08-11 01:20:04.825950,2,1,1,9
8,2026-08-11 01:20:04.825950,2,1,1,11
1,2026-08-11 02:20:04.825950,3,2,1,15
2,2026-08-11 02:20:04.825950,0,0,0,13
3,2026-08-11 02:20:04.825950,1,0,1,8
4,2026-08-11 02:20:04.825950,1,0,1,8
5,2026-08-11 02:20:04.825950,3,2,1,14
6,2026-08-11 02:20:04.825950,4,3,1,12
7,2026-08-11 02:20:04.825950,2,1,1,10
8,2026-08-11 02:20:04.825950,1,0,1,11
1,2026-08-11 03:20:04.825950,1,0,1,13
2,2026-08-11 03:20:04.825950,0,0,0,14
3,2026-08-11 03:20:04.825950,1,0,1,5
4,2026-08-11 03:20:04.825950,3,2,1,10
5,2026-08-11 03:20:04.825950,2,1,1,11
6,2026-08-11 03:20:04.825950,5,4,1,13
7,2026-08-11 03:20:04.825950,2,1,1,5
8,2026-08-11 03:20:04.825950,4,3,1,7
1,2026-08-11 04:20:04.825950,1,0,1,10
2,2026-08-11 04:20:04.825950,4,3,1,14
3,2026-08-11 04:20:04.825950,4,3,1,11
4,2026-08-11 04:20:04.825950,3,2,1,11
5,2026-08-11 04:20:04.825950,0,0,0,8
6,2026-08-11 04:20:04.825950,3,2,1,14
7,2026-08-11 04:20:04.825950,3,2,1,9
8,2026-08-11 04:20:04.825950,0,0,0,15
1,2026-08-11 05:20:04.825950,4,2,2,14
2,2026-08-11 05:20:04.825950,3,2,1,8
3,2026-08-11 05:20:04.825950,0,0,0,11
4,2026-08-11 05:20:04.825950,2,1,1,9
5,2026-08-11 05:20:04.825950,5,4,1,12
6,2026-08-11 05:20:04.825950,0,0,0,5
7,2026-08-11 05:20:04.825950,1,0,1,11
8,2026-08-11 05:20:04.825950,3,2,1,6
1,2026-08-11 06:20:04.825950,1,0,1,12
2,2026-08-11 06:20:04.825950,5,3,2,8
3,2026-08-11 06:20:04.825950,1,0,1,9
4,2026-08-11 06:20:04.825950,3,2,1,15
5,2026-08-11 06:20:04.825950,3,2,1,14
6,2026-08-11 06:20:04.825950,2,1,1,13
7,2026-08-11 06:20:04.825950,5,4,1,9
8,2026-08-11 06:20:04.825950,1,0,1,7
1,2026-08-11 07:20:04.825950,20,17,3,17
2,2026-08-11 07:20:04.825950,1,0,1,14
3,2026-08-11 07:20:04.825950,3,2,1,14
4,2026-08-11 07:20:04.825950,0,0,0,9
5,2026-08-11 07:20:04.825950,5,4,1,12
6,2026-08-11 07:20:04.825950,2,1,1,9
7,2026-08-11 07:20:04.825950,3,2,1,7
8,2026-08-11 07:20:04.825950,3,2,1,14
1,2026-08-11 08:20:04.825950,33,26,7,26
2,2026-08-11 08:20:04.825950,1,0,1,6
3,2026-08-11 08:20:04.825950,14,10,4,10
4,2026-08-11 08:20:04.825950,2,1,1,13
5,2026-08-11 08:20:04.825950,2,1,1,6
6,2026-08-11 08:20:04.825950,5,4,1,8
7,2026-08-11 08:20:04.825950,3,2,1,13
8,2026-08-11 08:20:04.825950,0,0,0,6
1,2026-08-11 09:20:04.825950,25,19,6,19
2,2026-08-11 09:20:04.825950,2,1,1,5
3,2026-08-11 09:20:04.825950,13,9,4,15
4,2026-08-11 09:20:04.825950,5,3,2,10
5,2026-08-11 09:20:04.825950,5,3,2,8
6,2026-08-11 09:20:04.825950,3,2,1,9
7,2026-08-11 09:20:04.825950,0,0,0,7
8,2026-08-11 09:20:04.825950,2,1,1,12
1,2026-08-11 10:20:04.825950,3,2,1,6
2,2026-08-11 10:20:04.825950,4,3,1,12
3,2026-08-11 10:20:04.825950,26,22,4,22
4,2026-08-11 10:20:04.825950,1,0,1,14
5,2026-08-11 10:20:04.825950,0,0,0,6
6,2026-08-11 10:20:04.825950,4,3,1,7
7,2026-08-11 10:20:04.825950,0,0,0,5
8,2026-08-11 10:20:04.825950,5,3,2,12
1,2026-08-11 11:20:04.825950,2,1,1,5
2,2026-08-11 11:20:04.825950,5,4,1,12
3,2026-08-11 11:20:04.825950,5,3,2,15
4,2026-08-11 11:20:04.825950,24,19,5,19
5,2026-08-11 11:20:04.825950,0,0,0,9
6,2026-08-11 11:20:04.825950,3,2,1,5
7,2026-08-11 11:20:04.825950,0,0,0,8
8,2026-08-11 11:20:04.825950,1,0,1,8
1,2026-08-11 12:20:04.825950,1,0,1,11
2,2026-08-11 12:20:04.825950,0,0,0,10
3,2026-08-11 12:20:04.825950,1,0,1,6
4,2026-08-11 12:20:04.825950,12,10,2,15
5,2026-08-11 12:20:04.825950,1,0,1,5
6,2026-08-11 12:20:04.825950,3,2,1,10
7,2026-08-11 12:20:04.825950,2,1,1,8
8,2026-08-11 12:20:04.825950,4,2,2,13
1,2026-08-11 13:20:04.825950,3,2,1,6
2,2026-08-11 13:20:04.825950,1,0,1,10
3,2026-08-11 13:20:04.825950,2,1,1,11
4,2026-08-11 13:20:04.825950,20,14,6,14
5,2026-08-11 13:20:04.825950,3,2,1,15
6,2026-08-11 13:20:04.825950,2,1,1,10
7,2026-08-11 13:20:04.825950,0,0,0,8
8,2026-08-11 13:20:04.825950,3,2,1,14
1,2026-08-11 14:20:04.825950,3,2,1,6
2,2026-08-11 14:20:04.825950,5,4,1,14
3,2026-08-11 14:20:04.825950,1,0,1,6
4,2026-08-11 14:20:04.825950,4,3,1,15
5,2026-08-11 14:20:04.825950,5,3,2,7
6,2026-08-11 14:20:04.825950,2,1,1,10
7,2026-08-11 14:20:04.825950,5,3,2,10
8,2026-08-11 14:20:04.825950,0,0,0,14
1,2026-08-11 15:20:04.825950,3,2,1,15
2,2026-08-11 15:20:04.825950,5,3,2,14
3,2026-08-11 15:20:04.825950,15,11,4,14
4,2026-08-11 15:20:04.825950,0,0,0,11
5,2026-08-11 15:20:04.825950,1,0,1,5
6,2026-08-11 15:20:04.825950,1,0,1,9
7,2026-08-11 15:20:04.825950,1,0,1,8
8,2026-08-11 15:20:04.825950,5,3,2,14
1,2026-08-11 16:20:04.825950,3,2,1,10
2,2026-08-11 16:20:04.825950,1,0,1,15
3,2026-08-11 16:20:04.825950,23,19,4,19
4,2026-08-11 16:20:04.825950,0,0,0,10
5,2026-08-11 16:20:04.825950,2,1,1,13
6,2026-08-11 16:20:04.825950,0,0,0,15
7,2026-08-11 16:20:04.825950,1,0,1,8
8,2026-08-11 16:20:04.825950,4,3,1,13
1,2026-08-11 17:20:04.825950,22,17,5,17
2,2026-08-11 17:20:04.825950,0,0,0,6
3,2026-08-11 17:20:04.825950,12,9,3,9
4,2026-08-11 17:20:04.825950,1,0,1,7
5,2026-08-11 17:20:04.825950,4,3,1,8
6,2026-08-11 17:20:04.825950,1,0,1,11
7,2026-08-11 17:20:04.825950,5,3,2,7
8,2026-08-11 17:20:04.825950,5,3,2,11
1,2026-08-11 18:20:04.825950,23,17,6,17
2,2026-08-11 18:20:04.825950,3,2,1,8
3,2026-08-11 18:20:04.825950,2,1,1,12
4,2026-08-11 18:20:04.825950,15,11,4,11
5,2026-08-11 18:20:04.825950,3,2,1,13
6,2026-08-11 18:20:04.825950,4,3,1,7
7,2026-08-11 18:20:04.825950,3,2,1,11
8,2026-08-11 18:20:04.825950,3,2,1,9
1,2026-08-11 19:20:04.825950,23,18,5,18
2,2026-08-11 19:20:04.825950,2,1,1,9
3,2026-08-11 19:20:04.825950,3,2,1,13
4,2026-08-11 19:20:04.825950,21,15,6,15
5,2026-08-11 19:20:04.825950,5,3,2,7
6,2026-08-11 19:20:04.825950,1,0,1,13
7,2026-08-11 19:20:04.825950,5,4,1,12
8,2026-08-11 19:20:04.825950,3,2,1,11
1,2026-08-11 20:20:04.825950,31,24,7,24
2,2026-08-11 20:20:04.825950,5,4,1,6
3,2026-08-11 20:20:04.825950,3,2,1,6
4,2026-08-11 20:20:04.825950,22,16,6,16
5,2026-08-11 20:20:04.825950,2,1,1,10
6,2026-08-11 20:20:04.825950,4,3,1,15
7,2026-08-11 20:20:04.825950,5,3,2,5
8,2026-08-11 20:20:04.825950,5,3,2,11
1,2026-08-11 21:20:04.825950,5,3,2,12
2,2026-08-11 21:20:04.825950,0,0,0,10
3,2026-08-11 21:20:04.825950,5,4,1,5
4,2026-08-11 21:20:04.825950,25,20,5,20
5,2026-08-11 21:20:04.825950,4,3,1,15
6,2026-08-11 21:20:04.825950,1,0,1,14
7,2026-08-11 21:20:04.825950,4,3,1,7
8,2026-08-11 21:20:04.825950,0,0,0,6
1,2026-08-11 22:20:04.825950,5,4,1,11
2,2026-08-11 22:20:04.825950,3,2,1,6
3,2026-08-11 22:20:04.825950,4,3,1,11
4,2026-08-11 22:20:04.825950,1,0,1,9
5,2026-08-11 22:20:04.825950,5,3,2,13
6,2026-08-11 22:20:04.825950,5,4,1,14
7,2026-08-11 22:20:04.825950,2,1,1,6
8,2026-08-11 22:20:04.825950,0,0,0,10
1,2026-08-11 23:20:04.825950,1,0,1,8
2,2026-08-11 23:20:04.825950,5,3,2,9
3,2026-08-11 23:20:04.825950,0,0,0,12
4,2026-08-11 23:20:04.825950,0,0,0,11
5,2026-08-11 23:20:04.825950,4,3,1,9
6,2026-08-11 23:20:04.825950,5,3,2,7
7,2026-08-11 23:20:04.825950,2,1,1,7
8,2026-08-11 23:20:04.825950,1,0,1,13
1,2026-08-12 00:20:04.825950,0,0,0,8
2,2026-08-12 00:20:04.825950,1,0,1,7
3,2026-08-12 00:20:04.825950,1,0,1,11
4,2026-08-12 00:20:04.825950,3,2,1,14
5,2026-08-12 00:20:04.825950,0,0,0,7
6,2026-08-12 00:20:04.825950,0,0,0,11
7,2026-08-12 00:20:04.825950,0,0,0,10
8,2026-08-12 00:20:04.825950,0,0,0,12
1,2026-08-12 01:20:04.825950,3,2,1,6
2,2026-08-12 01:20:04.825950,0,0,0,5
3,2026-08-12 01:20:04.825950,5,4,1,5
4,2026-08-12 01:20:04.825950,0,0,0,5
5,2026-08-12 01:20:04.825950,3,2,1,9
6,2026-08-12 01:20:04.825950,3,2,1,10
7,2026-08-12 01:20:04.825950,4,3,1,10
8,2026-08-12 01:20:04.825950,5,4,1,10
1,2026-08-12 02:20:04.825950,1,0,1,15
2,2026-08-12 02:20:04.825950,3,2,1,5
3,2026-08-12 02:20:04.825950,2,1,1,6
4,2026-08-12 02:20:04.825950,0,0,0,11
5,2026-08-12 02:20:04.825950,5,4,1,7
6,2026-08-12 02:20:04.825950,0,0,0,13
7,2026-08-12 02:20:04.825950,2,1,1,8
8,2026-08-12 02:20:04.825950,2,1,1,15
1,2026-08-12 03:20:04.825950,5,4,1,13
2,2026-08-12 03:20:04.825950,3,2,1,5
3,2026-08-12 03:20:04.825950,5,4,1,10
4,2026-08-12 03:20:04.825950,0,0,0,5
5,2026-08-12 03:20:04.825950,5,3,2,12
6,2026-08-12 03:20:04.825950,1,0,1,11
7,2026-08-12 03:20:04.825950,5,4,1,6
8,2026-08-12 03:20:04.825950,2,1,1,12
1,2026-08-12 04:20:04.825950,5,4,1,6
2,2026-08-12 04:20:04.825950,5,3,2,14
3,2026-08-12 04:20:04.825950,1,0,1,13
4,2026-08-12 04:20:04.825950,4,3,1,13
5,2026-08-12 04:20:04.825950,0,0,0,6
6,2026-08-12 04:20:04.825950,2,1,1,13
7,2026-08-12 04:20:04.825950,3,2,1,12
8,2026-08-12 04:20:04.825950,0,0,0,13
1,2026-08-12 05:20:04.825950,1,0,1,7
2,2026-08-12 05:20:04.825950,5,4,1,6
3,2026-08-12 05:20:04.825950,3,2,1,5
4,2026-08-12 05:20:04.825950,1,0,1,10
5,2026-08-12 05:20:04.825950,3,2,1,8
6,2026-08-12 05:20:04.825950,5,3,2,12
7,2026-08-12 05:20:04.825950,5,3,2,7
8,2026-08-12 05:20:04.825950,4,3,1,12
1,2026-08-12 06:20:04.825950,0,0,0,10
2,2026-08-12 06:20:04.825950,1,0,1,14
3,2026-08-12 06:20:04.825950,0,0,0,11
4,2026-08-12 06:20:04.825950,5,4,1,11
5,2026-08-12 06:20:04.825950,5,4,1,13
6,2026-08-12 06:20:04.825950,3,2,1,8
7,2026-08-12 06:20:04.825950,2,1,1,6
8,2026-08-12 06:20:04.825950,0,0,0,14
1,2026-08-12 07:20:04.825950,19,15,4,15
2,2026-08-12 07:20:04.825950,2,1,1,14
3,2026-08-12 07:20:04.825950,5,3,2,5
4,2026-08-12 07:20:04.825950,4,3,1,11
5,2026-08-12 07:20:04.825950,3,2,1,10
6,2026-08-12 07:20:04.825950,5,4,1,7
7,2026-08-12 07:20:04.825950,4,3,1,14
8,2026-08-12 07:20:04.825950,1,0,1,5
1,2026-08-12 08:20:04.825950,33,25,8,25
2,2026-08-12 08:20:04.825950,1,0,1,12
3,2026-08-12 08:20:04.825950,20,14,6,15
4,2026-08-12 08:20:04.825950,5,3,2,10
5,2026-08-12 08:20:04.825950,2,1,1,6
6,2026-08-12 08:20:04.825950,2,1,1,14
7,2026-08-12 08:20:04.825950,3,2,1,8
8,2026-08-12 08:20:04.825950,3,2,1,11
1,2026-08-12 09:20:04.825950,25,18,7,18
2,2026-08-12 09:20:04.825950,5,4,1,8
3,2026-08-12 09:20:04.825950,16,14,2,14
4,2026-08-12 09:20:04.825950,3,2,1,9
5,2026-08-12 09:20:04.825950,5,4,1,7
6,2026-08-12 09:20:04.825950,0,0,0,10
7,2026-08-12 09:20:04.825950,3,2,1,10
8,2026-08-12 09:20:04.825950,3,2,1,13
1,2026-08-12 10:20:04.825950,5,3,2,8
2,2026-08-12 10:20:04.825950,5,4,1,11
3,2026-08-12 10:20:04.825950,14,10,4,14
4,2026-08-12 10:20:04.825950,0,0,0,9
5,2026-08-12 10:20:04.825950,3,2,1,14
6,2026-08-12 10:20:04.825950,1,0,1,12
7,2026-08-12 10:20:04.825950,2,1,1,8
8,2026-08-12 10:20:04.825950,1,0,1,8
1,2026-08-12 11:20:04.825950,5,4,1,10
2,2026-08-12 11:20:04.825950,5,4,1,6
3,2026-08-12 11:20:04.825950,5,4,1,7
4,2026-08-12 11:20:04.825950,19,15,4,15
5,2026-08-12 11:20:04.825950,0,0,0,12
6,2026-08-12 11:20:04.825950,1,0,1,6
7,2026-08-12 11:20:04.825950,4,3,1,14
8,2026-08-12 11:20:04.825950,3,2,1,15
1,2026-08-12 12:20:04.825950,5,3,2,5
2,2026-08-12 12:20:04.825950,0,0,0,12
3,2026-08-12 12:20:04.825950,2,1,1,7
4,2026-08-12 12:20:04.825950,21,17,4,17
5,2026-08-12 12:20:04.825950,5,3,2,12
6,2026-08-12 12:20:04.825950,5,3,2,15
7,2026-08-12 12:20:04.825950,5,3,2,5
8,2026-08-12 12:20:04.825950,0,0,0,6
1,2026-08-12 13:20:04.825950,3,2,1,13
2,2026-08-12 13:20:04.825950,1,0,1,14
3,2026-08-12 13:20:04.825950,4,3,1,6
4,2026-08-12 13:20:04.825950,16,12,4,15
5,2026-08-12 13:20:04.825950,5,3,2,14
6,2026-08-12 13:20:04.825950,1,0,1,6
7,2026-08-12 13:20:04.825950,5,4,1,13
8,2026-08-12 13:20:04.825950,1,0,1,5
1,2026-08-12 14:20:04.825950,3,2,1,13
2,2026-08-12 14:20:04.825950,4,3,1,13
3,2026-08-12 14:20:04.825950,4,3,1,15
4,2026-08-12 14:20:04.825950,0,0,0,8
5,2026-08-12 14:20:04.825950,5,4,1,7
6,2026-08-12 14:20:04.825950,4,3,1,5
7,2026-08-12 14:20:04.825950,4,3,1,10
8,2026-08-12 14:20:04.825950,0,0,0,14
1,2026-08-12 15:20:04.825950,1,0,1,6
2,2026-08-12 15:20:04.825950,4,3,1,5
3,2026-08-12 15:20:04.825950,13,10,3,10
4,2026-08-12 15:20:04.825950,4,2,2,15
5,2026-08-12 15:20:04.825950,0,0,0,5
6,2026-08-12 15:20:04.825950,4,3,1,9
7,2026-08-12 15:20:04.825950,5,4,1,7
8,2026-08-12 15:20:04.825950,4,3,1,10
1,2026-08-12 16:20:04.825950,4,3,1,10
2,2026-08-12 16:20:04.825950,4,3,1,8
3,2026-08-12 16:20:04.825950,18,14,4,14
4,2026-08-12 16:20:04.825950,1,0,1,7
5,2026-08-12 16:20:04.825950,2,1,1,8
6,2026-08-12 16:20:04.825950,1,0,1,8
7,2026-08-12 16:20:04.825950,4,3,1,7
8,2026-08-12 16:20:04.825950,5,4,1,6
1,2026-08-12 17:20:04.825950,27,20,7,20
2,2026-08-12 17:20:04.825950,1,0,1,6
3,2026-08-12 17:20:04.825950,25,22,3,22
4,2026-08-12 17:20:04.825950,4,2,2,15
5,2026-08-12 17:20:04.825950,5,3,2,15
6,2026-08-12 17:20:04.825950,5,4,1,10
7,2026-08-12 17:20:04.825950,4,3,1,13
8,2026-08-12 17:20:04.825950,4,2,2,7
1,2026-08-12 18:20:04.825950,30,23,7,23
2,2026-08-12 18:20:04.825950,1,0,1,6
3,2026-08-12 18:20:04.825950,4,2,2,13
4,2026-08-12 18:20:04.825950,14,10,4,10
5,2026-08-12 18:20:04.825950,2,1,1,9
6,2026-08-12 18:20:04.825950,1,0,1,8
7,2026-08-12 18:20:04.825950,2,1,1,11
8,2026-08-12 18:20:04.825950,1,0,1,6
1,2026-08-12 19:20:04.825950,20,16,4,16
2,2026-08-12 19:20:04.825950,4,3,1,12
3,2026-08-12 19:20:04.825950,0,0,0,14
4,2026-08-12 19:20:04.825950,20,15,5,15
5,2026-08-12 19:20:04.825950,0,0,0,11
6,2026-08-12 19:20:04.825950,1,0,1,15
7,2026-08-12 19:20:04.825950,4,3,1,11
8,2026-08-12 19:20:04.825950,3,2,1,9
1,2026-08-12 20:20:04.825950,19,15,4,15
2,2026-08-12 20:20:04.825950,3,2,1,9
3,2026-08-12 20:20:04.825950,0,0,0,15
4,2026-08-12 20:20:04.825950,15,12,3,12
5,2026-08-12 20:20:04.825950,5,3,2,12
6,2026-08-12 20:20:04.825950,2,1,1,13
7,2026-08-12 20:20:04.825950,2,1,1,11
8,2026-08-12 20:20:04.825950,4,3,1,8
1,2026-08-12 21:20:04.825950,2,1,1,6
2,2026-08-12 21:20:04.825950,2,1,1,10
3,2026-08-12 21:20:04.825950,0,0,0,6
4,2026-08-12 21:20:04.825950,18,16,2,16
5,2026-08-12 21:20:04.825950,4,2,2,9
6,2026-08-12 21:20:04.825950,4,3,1,5
7,2026-08-12 21:20:04.825950,3,2,1,7
8,2026-08-12 21:20:04.825950,3,2,1,15
1,2026-08-12 22:20:04.825950,5,4,1,6
2,2026-08-12 22:20:04.825950,3,2,1,8
3,2026-08-12 22:20:04.825950,5,3,2,11
4,2026-08-12 22:20:04.825950,5,4,1,10
5,2026-08-12 22:20:04.825950,1,0,1,15
6,2026-08-12 22:20:04.825950,4,3,1,5
7,2026-08-12 22:20:04.825950,4,3,1,7
8,2026-08-12 22:20:04.825950,5,4,1,13
1,2026-08-12 23:20:04.825950,1,0,1,10
2,2026-08-12 23:20:04.825950,1,0,1,5
3,2026-08-12 23:20:04.825950,3,2,1,7
4,2026-08-12 23:20:04.825950,2,1,1,10
5,2026-08-12 23:20:04.825950,5,3,2,13
6,2026-08-12 23:20:04.825950,0,0,0,12
7,2026-08-12 23:20:04.825950,2,1,1,5
8,2026-08-12 23:20:04.825950,5,4,1,11
1,2026-08-13 00:20:04.825950,1,0,1,15
2,2026-08-13 00:20:04.825950,4,3,1,5
3,2026-08-13 00:20:04.825950,3,2,1,12
4,2026-08-13 00:20:04.825950,0,0,0,14
5,2026-08-13 00:20:04.825950,3,2,1,10
6,2026-08-13 00:20:04.825950,0,0,0,7
7,2026-08-13 00:20:04.825950,3,2,1,6
8,2026-08-13 00:20:04.825950,3,2,1,6
1,2026-08-13 01:20:04.825950,4,3,1,7
2,2026-08-13 01:20:04.825950,3,2,1,12
3,2026-08-13 01:20:04.825950,0,0,0,15
4,2026-08-13 01:20:04.825950,2,1,1,11
5,2026-08-13 01:20:04.825950,2,1,1,11
6,2026-08-13 01:20:04.825950,1,0,1,9
7,2026-08-13 01:20:04.825950,0,0,0,15
8,2026-08-13 01:20:04.825950,3,2,1,10
1,2026-08-13 02:20:04.825950,5,3,2,10
2,2026-08-13 02:20:04.825950,5,3,2,8
3,2026-08-13 02:20:04.825950,2,1,1,11
4,2026-08-13 02:20:04.825950,3,2,1,5
5,2026-08-13 02:20:04.825950,1,0,1,12
6,2026-08-13 02:20:04.825950,5,4,1,6
7,2026-08-13 02:20:04.825950,3,2,1,12
8,2026-08-13 02:20:04.825950,5,4,1,10
1,2026-08-13 03:20:04.825950,3,2,1,11
2,2026-08-13 03:20:04.825950,1,0,1,6
3,2026-08-13 03:20:04.825950,0,0,0,10
4,2026-08-13 03:20:04.825950,4,2,2,15
5,2026-08-13 03:20:04.825950,1,0,1,10
6,2026-08-13 03:20:04.825950,3,2,1,5
7,2026-08-13 03:20:04.825950,3,2,1,9
8,2026-08-13 03:20:04.825950,3,2,1,11
1,2026-08-13 04:20:04.825950,1,0,1,13
2,2026-08-13 04:20:04.825950,1,0,1,6
3,2026-08-13 04:20:04.825950,2,1,1,8
4,2026-08-13 04:20:04.825950,5,4,1,8
5,2026-08-13 04:20:04.825950,3,2,1,6
6,2026-08-13 04:20:04.825950,5,4,1,14
7,2026-08-13 04:20:04.825950,1,0,1,14
8,2026-08-13 04:20:04.825950,5,4,1,8
1,2026-08-13 05:20:04.825950,0,0,0,5
2,2026-08-13 05:20:04.825950,2,1,1,7
3,2026-08-13 05:20:04.825950,3,2,1,8
4,2026-08-13 05:20:04.825950,0,0,0,11
5,2026-08-13 05:20:04.825950,3,2,1,15
6,2026-08-13 05:20:04.825950,1,0,1,11
7,2026-08-13 05:20:04.825950,3,2,1,11
8,2026-08-13 05:20:04.825950,5,3,2,6
1,2026-08-13 06:20:04.825950,2,1,1,10
2,2026-08-13 06:20:04.825950,5,3,2,10
3,2026-08-13 06:20:04.825950,0,0,0,5
4,2026-08-13 06:20:04.825950,0,0,0,10
5,2026-08-13 06:20:04.825950,1,0,1,9
6,2026-08-13 06:20:04.825950,4,2,2,7
7,2026-08-13 06:20:04.825950,2,1,1,10
8,2026-08-13 06:20:04.825950,2,1,1,6
1,2026-08-13 07:20:04.825950,20,16,4,16
2,2026-08-13 07:20:04.825950,2,1,1,10
3,2026-08-13 07:20:04.825950,5,4,1,13
4,2026-08-13 07:20:04.825950,4,3,1,15
5,2026-08-13 07:20:04.825950,2,1,1,11
6,2026-08-13 07:20:04.825950,0,0,0,7
7,2026-08-13 07:20:04.825950,5,4,1,6
8,2026-08-13 07:20:04.825950,0,0,0,15
1,2026-08-13 08:20:04.825950,22,18,4,18
2,2026-08-13 08:20:04.825950,0,0,0,14
3,2026-08-13 08:20:04.825950,21,17,4,17
4,2026-08-13 08:20:04.825950,4,3,1,5
5,2026-08-13 08:20:04.825950,1,0,1,13
6,2026-08-13 08:20:04.825950,5,3,2,13
7,2026-08-13 08:20:04.825950,2,1,1,12
8,2026-08-13 08:20:04.825950,5,4,1,11
1,2026-08-13 09:20:04.825950,30,23,7,23
2,2026-08-13 09:20:04.825950,0,0,0,9
3,2026-08-13 09:20:04.825950,19,14,5,14
4,2026-08-13 09:20:04.825950,0,0,0,8
5,2026-08-13 09:20:04.825950,5,4,1,12
6,2026-08-13 09:20:04.825950,5,4,1,13
7,2026-08-13 09:20:04.825950,0,0,0,13
8,2026-08-13 09:20:04.825950,3,2,1,11
1,2026-08-13 10:20:04.825950,3,2,1,8
2,2026-08-13 10:20:04.825950,1,0,1,14
3,2026-08-13 10:20:04.825950,11,9,2,13
4,2026-08-13 10:20:04.825950,3,2,1,13
5,2026-08-13 10:20:04.825950,2,1,1,8
6,2026-08-13 10:20:04.825950,2,1,1,13
7,2026-08-13 10:20:04.825950,0,0,0,5
8,2026-08-13 10:20:04.825950,4,2,2,5
1,2026-08-13 11:20:04.825950,5,3,2,9
2,2026-08-13 11:20:04.825950,1,0,1,5
3,2026-08-13 11:20:04.825950,5,4,1,8
4,2026-08-13 11:20:04.825950,15,10,5,10
5,2026-08-13 11:20:04.825950,5,4,1,10
6,2026-08-13 11:20:04.825950,2,1,1,13
7,2026-08-13 11:20:04.825950,2,1,1,11
8,2026-08-13 11:20:04.825950,4,3,1,5
1,2026-08-13 12:20:04.825950,5,4,1,10
2,2026-08-13 12:20:04.825950,1,0,1,9
3,2026-08-13 12:20:04.825950,1,0,1,5
4,2026-08-13 12:20:04.825950,24,21,3,21
5,2026-08-13 12:20:04.825950,0,0,0,11
6,2026-08-13 12:20:04.825950,5,3,2,15
7,2026-08-13 12:20:04.825950,5,4,1,8
8,2026-08-13 12:20:04.825950,3,2,1,9
1,2026-08-13 13:20:04.825950,1,0,1,11
2,2026-08-13 13:20:04.825950,1,0,1,11
3,2026-08-13 13:20:04.825950,2,1,1,12
4,2026-08-13 13:20:04.825950,17,12,5,12
5,2026-08-13 13:20:04.825950,1,0,1,12
6,2026-08-13 13:20:04.825950,5,3,2,9
7,2026-08-13 13:20:04.825950,0,0,0,7
8,2026-08-13 13:20:04.825950,3,2,1,8
1,2026-08-13 14:20:04.825950,0,0,0,11
2,2026-08-13 14:20:04.825950,1,0,1,15
3,2026-08-13 14:20:04.825950,3,2,1,13
4,2026-08-13 14:20:04.825950,1,0,1,5
5,2026-08-13 14:20:04.825950,4,2,2,11
6,2026-08-13 14:20:04.825950,0,0,0,5
7,2026-08-13 14:20:04.825950,5,4,1,7
8,2026-08-13 14:20:04.825950,1,0,1,9
1,2026-08-13 15:20:04.825950,1,0,1,14
2,2026-08-13 15:20:04.825950,0,0,0,5
3,2026-08-13 15:20:04.825950,20,17,3,17
4,2026-08-13 15:20:04.825950,1,0,1,14
5,2026-08-13 15:20:04.825950,3,2,1,9
6,2026-08-13 15:20:04.825950,2,1,1,8
7,2026-08-13 15:20:04.825950,0,0,0,9
8,2026-08-13 15:20:04.825950,5,4,1,5
1,2026-08-13 16:20:04.825950,0,0,0,9
2,2026-08-13 16:20:04.825950,0,0,0,11
3,2026-08-13 16:20:04.825950,11,9,2,9
4,2026-08-13 16:20:04.825950,1,0,1,7
5,2026-08-13 16:20:04.825950,2,1,1,8
6,2026-08-13 16:20:04.825950,5,3,2,6
7,2026-08-13 16:20:04.825950,3,2,1,6
8,2026-08-13 16:20:04.825950,1,0,1,9
1,2026-08-13 17:20:04.825950,19,15,4,15
2,2026-08-13 17:20:04.825950,2,1,1,6
3,2026-08-13 17:20:04.825950,14,10,4,13
4,2026-08-13 17:20:04.825950,2,1,1,15
5,2026-08-13 17:20:04.825950,3,2,1,15
6,2026-08-13 17:20:04.825950,5,3,2,9
7,2026-08-13 17:20:04.825950,2,1,1,9
8,2026-08-13 17:20:04.825950,3,2,1,9
1,2026-08-13 18:20:04.825950,22,18,4,18
2,2026-08-13 18:20:04.825950,5,3,2,7
3,2026-08-13 18:20:04.825950,3,2,1,12
4,2026-08-13 18:20:04.825950,11,8,3,9
5,2026-08-13 18:20:04.825950,1,0,1,7
6,2026-08-13 18:20:04.825950,1,0,1,10
7,2026-08-13 18:20:04.825950,2,1,1,12
8,2026-08-13 18:20:04.825950,5,4,1,14
1,2026-08-13 19:20:04.825950,30,21,9,21
2,2026-08-13 19:20:04.825950,1,0,1,13
3,2026-08-13 19:20:04.825950,3,2,1,12
4,2026-08-13 19:20:04.825950,22,19,3,19
5,2026-08-13 19:20:04.825950,0,0,0,11
6,2026-08-13 19:20:04.825950,4,3,1,8
7,2026-08-13 19:20:04.825950,5,3,2,10
8,2026-08-13 19:20:04.825950,0,0,0,5
1,2026-08-13 20:20:04.825950,32,28,4,28
2,2026-08-13 20:20:04.825950,0,0,0,10
3,2026-08-13 20:20:04.825950,1,0,1,7
4,2026-08-13 20:20:04.825950,20,14,6,14
5,2026-08-13 20:20:04.825950,0,0,0,6
6,2026-08-13 20:20:04.825950,5,4,1,11
7,2026-08-13 20:20:04.825950,5,3,2,11
8,2026-08-13 20:20:04.825950,2,1,1,6
1,2026-08-13 21:20:04.825950,5,4,1,12
2,2026-08-13 21:20:04.825950,4,3,1,5
3,2026-08-13 21:20:04.825950,1,0,1,6
4,2026-08-13 21:20:04.825950,12,8,4,11
5,2026-08-13 21:20:04.825950,1,0,1,12
6,2026-08-13 21:20:04.825950,5,3,2,13
7,2026-08-13 21:20:04.825950,5,4,1,12
8,2026-08-13 21:20:04.825950,3,2,1,12
1,2026-08-13 22:20:04.825950,5,4,1,9
2,2026-08-13 22:20:04.825950,0,0,0,15
3,2026-08-13 22:20:04.825950,0,0,0,7
4,2026-08-13 22:20:04.825950,4,2,2,11
5,2026-08-13 22:20:04.825950,3,2,1,12
6,2026-08-13 22:20:04.825950,4,3,1,9
7,2026-08-13 22:20:04.825950,4,3,1,8
8,2026-08-13 22:20:04.825950,3,2,1,9
1,2026-08-13 23:20:04.825950,0,0,0,7
2,2026-08-13 23:20:04.825950,5,3,2,14
3,2026-08-13 23:20:04.825950,0,0,0,7
4,2026-08-13 23:20:04.825950,5,4,1,14
5,2026-08-13 23:20:04.825950,0,0,0,12
6,2026-08-13 23:20:04.825950,3,2,1,15
7,2026-08-13 23:20:04.825950,3,2,1,7
8,2026-08-13 23:20:04.825950,0,0,0,15
1,2026-08-14 00:20:04.825950,3,2,1,6
2,2026-08-14 00:20:04.825950,0,0,0,14
3,2026-08-14 00:20:04.825950,2,1,1,9
4,2026-08-14 00:20:04.825950,1,0,1,6
5,2026-08-14 00:20:04.825950,1,0,1,9
6,2026-08-14 00:20:04.825950,1,0,1,15
7,2026-08-14 00:20:04.825950,0,0,0,6
8,2026-08-14 00:20:04.825950,4,3,1,14
1,2026-08-14 01:20:04.825950,3,2,1,10
2,2026-08-14 01:20:04.825950,0,0,0,5
3,2026-08-14 01:20:04.825950,2,1,1,11
4,2026-08-14 01:20:04.825950,4,2,2,11
5,2026-08-14 01:20:04.825950,5,3,2,7
6,2026-08-14 01:20:04.825950,5,4,1,10
7,2026-08-14 01:20:04.825950,3,2,1,13
8,2026-08-14 01:20:04.825950,0,0,0,7
1,2026-08-14 02:20:04.825950,0,0,0,11
2,2026-08-14 02:20:04.825950,3,2,1,5
3,2026-08-14 02:20:04.825950,2,1,1,15
4,2026-08-14 02:20:04.825950,3,2,1,15
5,2026-08-14 02:20:04.825950,0,0,0,8
6,2026-08-14 02:20:04.825950,1,0,1,15
7,2026-08-14 02:20:04.825950,1,0,1,7
8,2026-08-14 02:20:04.825950,4,3,1,14
1,2026-08-14 03:20:04.825950,5,4,1,10
2,2026-08-14 03:20:04.825950,3,2,1,10
3,2026-08-14 03:20:04.825950,2,1,1,11
4,2026-08-14 03:20:04.825950,0,0,0,15
5,2026-08-14 03:20:04.825950,3,2,1,14
6,2026-08-14 03:20:04.825950,4,2,2,7
7,2026-08-14 03:20:04.825950,4,3,1,12
8,2026-08-14 03:20:04.825950,0,0,0,7
1,2026-08-14 04:20:04.825950,2,1,1,6
2,2026-08-14 04:20:04.825950,3,2,1,10
3,2026-08-14 04:20:04.825950,1,0,1,7
4,2026-08-14 04:20:04.825950,0,0,0,10
5,2026-08-14 04:20:04.825950,2,1,1,7
6,2026-08-14 04:20:04.825950,5,4,1,9
7,2026-08-14 04:20:04.825950,3,2,1,12
8,2026-08-14 04:20:04.825950,5,4,1,6
1,2026-08-14 05:20:04.825950,4,3,1,10
2,2026-08-14 05:20:04.825950,2,1,1,14
3,2026-08-14 05:20:04.825950,5,3,2,10
4,2026-08-14 05:20:04.825950,4,3,1,10
5,2026-08-14 05:20:04.825950,2,1,1,11
6,2026-08-14 05:20:04.825950,4,3,1,15
7,2026-08-14 05:20:04.825950,0,0,0,15
8,2026-08-14 05:20:04.825950,0,0,0,8
1,2026-08-14 06:20:04.825950,5,4,1,5
2,2026-08-14 06:20:04.825950,1,0,1,9
3,2026-08-14 06:20:04.825950,3,2,1,11
4,2026-08-14 06:20:04.825950,0,0,0,12
5,2026-08-14 06:20:04.825950,5,3,2,12
6,2026-08-14 06:20:04.825950,3,2,1,12
7,2026-08-14 06:20:04.825950,0,0,0,6
8,2026-08-14 06:20:04.825950,3,2,1,8
1,2026-08-14 07:20:04.825950,28,19,9,19
2,2026-08-14 07:20:04.825950,4,3,1,12
3,2026-08-14 07:20:04.825950,0,0,0,5
4,2026-08-14 07:20:04.825950,4,2,2,12
5,2026-08-14 07:20:04.825950,1,0,1,10
6,2026-08-14 07:20:04.825950,4,2,2,14
7,2026-08-14 07:20:04.825950,3,2,1,10
8,2026-08-14 07:20:04.825950,3,2,1,8
1,2026-08-14 08:20:04.825950,21,18,3,18
2,2026-08-14 08:20:04.825950,3,2,1,15
3,2026-08-14 08:20:04.825950,13,9,4,9
4,2026-08-14 08:20:04.825950,3,2,1,12
5,2026-08-14 08:20:04.825950,3,2,1,15
6,2026-08-14 08:20:04.825950,2,1,1,5
7,2026-08-14 08:20:04.825950,0,0,0,11
8,2026-08-14 08:20:04.825950,2,1,1,9
1,2026-08-14 09:20:04.825950,22,16,6,16
2,2026-08-14 09:20:04.825950,3,2,1,7
3,2026-08-14 09:20:04.825950,28,21,7,21
4,2026-08-14 09:20:04.825950,3,2,1,13
5,2026-08-14 09:20:04.825950,4,2,2,15
6,2026-08-14 09:20:04.825950,4,3,1,10
7,2026-08-14 09:20:04.825950,5,4,1,10
8,2026-08-14 09:20:04.825950,0,0,0,12
1,2026-08-14 10:20:04.825950,1,0,1,10
2,2026-08-14 10:20:04.825950,0,0,0,15
3,2026-08-14 10:20:04.825950,21,16,5,16
4,2026-08-14 10:20:04.825950,3,2,1,7
5,2026-08-14 10:20:04.825950,5,3,2,14
6,2026-08-14 10:20:04.825950,0,0,0,8
7,2026-08-14 10:20:04.825950,3,2,1,7
8,2026-08-14 10:20:04.825950,4,3,1,10
1,2026-08-14 11:20:04.825950,1,0,1,15
2,2026-08-14 11:20:04.825950,4,3,1,10
3,2026-08-14 11:20:04.825950,2,1,1,9
4,2026-08-14 11:20:04.825950,15,12,3,15
5,2026-08-14 11:20:04.825950,3,2,1,10
6,2026-08-14 11:20:04.825950,2,1,1,11
7,2026-08-14 11:20:04.825950,4,3,1,10
8,2026-08-14 11:20:04.825950,0,0,0,12
1,2026-08-14 12:20:04.825950,3,2,1,13
2,2026-08-14 12:20:04.825950,4,2,2,11
3,2026-08-14 12:20:04.825950,3,2,1,15
4,2026-08-14 12:20:04.825950,25,19,6,19
5,2026-08-14 12:20:04.825950,5,4,1,6
6,2026-08-14 12:20:04.825950,0,0,0,6
7,2026-08-14 12:20:04.825950,0,0,0,14
8,2026-08-14 12:20:04.825950,3,2,1,14
1,2026-08-14 13:20:04.825950,4,2,2,12
2,2026-08-14 13:20:04.825950,4,3,1,5
3,2026-08-14 13:20:04.825950,5,3,2,11
4,2026-08-14 13:20:04.825950,14,11,3,13
5,2026-08-14 13:20:04.825950,3,2,1,12
6,2026-08-14 13:20:04.825950,0,0,0,12
7,2026-08-14 13:20:04.825950,3,2,1,15
8,2026-08-14 13:20:04.825950,5,4,1,11
1,2026-08-14 14:20:04.825950,0,0,0,8
2,2026-08-14 14:20:04.825950,4,3,1,15
3,2026-08-14 14:20:04.825950,2,1,1,11
4,2026-08-14 14:20:04.825950,5,3,2,11
5,2026-08-14 14:20:04.825950,0,0,0,7
6,2026-08-14 14:20:04.825950,2,1,1,13
7,2026-08-14 14:20:04.825950,5,4,1,10
8,2026-08-14 14:20:04.825950,1,0,1,11
1,2026-08-14 15:20:04.825950,1,0,1,11
2,2026-08-14 15:20:04.825950,1,0,1,11
3,2026-08-14 15:20:04.825950,23,16,7,16
4,2026-08-14 15:20:04.825950,3,2,1,7
5,2026-08-14 15:20:04.825950,3,2,1,13
6,2026-08-14 15:20:04.825950,1,0,1,6
7,2026-08-14 15:20:04.825950,5,4,1,13
8,2026-08-14 15:20:04.825950,0,0,0,11
1,2026-08-14 16:20:04.825950,5,4,1,13
2,2026-08-14 16:20:04.825950,1,0,1,8
3,2026-08-14 16:20:04.825950,12,8,4,8
4,2026-08-14 16:20:04.825950,5,4,1,7
5,2026-08-14 16:20:04.825950,0,0,0,13
6,2026-08-14 16:20:04.825950,0,0,0,5
7,2026-08-14 16:20:04.825950,5,4,1,12
8,2026-08-14 16:20:04.825950,5,4,1,10
1,2026-08-14 17:20:04.825950,23,19,4,19
2,2026-08-14 17:20:04.825950,2,1,1,8
3,2026-08-14 17:20:04.825950,27,23,4,23
4,2026-08-14 17:20:04.825950,0,0,0,7
5,2026-08-14 17:20:04.825950,5,3,2,14
6,2026-08-14 17:20:04.825950,0,0,0,14
7,2026-08-14 17:20:04.825950,0,0,0,9
8,2026-08-14 17:20:04.825950,2,1,1,6
1,2026-08-14 18:20:04.825950,30,26,4,26
2,2026-08-14 18:20:04.825950,3,2,1,5
3,2026-08-14 18:20:04.825950,3,2,1,15
4,2026-08-14 18:20:04.825950,13,10,3,11
5,2026-08-14 18:20:04.825950,2,1,1,12
6,2026-08-14 18:20:04.825950,1,0,1,5
7,2026-08-14 18:20:04.825950,1,0,1,15
8,2026-08-14 18:20:04.825950,4,3,1,6
1,2026-08-14 19:20:04.825950,28,22,6,22
2,2026-08-14 19:20:04.825950,4,3,1,7
3,2026-08-14 19:20:04.825950,4,3,1,6
4,2026-08-14 19:20:04.825950,20,14,6,14
5,2026-08-14 19:20:04.825950,4,3,1,7
6,2026-08-14 19:20:04.825950,1,0,1,6
7,2026-08-14 19:20:04.825950,1,0,1,7
8,2026-08-14 19:20:04.825950,1,0,1,7
1,2026-08-14 20:20:04.825950,25,19,6,19
2,2026-08-14 20:20:04.825950,2,1,1,15
3,2026-08-14 20:20:04.825950,2,1,1,12
4,2026-08-14 20:20:04.825950,21,18,3,18
5,2026-08-14 20:20:04.825950,2,1,1,15
6,2026-08-14 20:20:04.825950,5,3,2,11
7,2026-08-14 20:20:04.825950,0,0,0,14
8,2026-08-14 20:20:04.825950,2,1,1,8
1,2026-08-14 21:20:04.825950,5,3,2,12
2,2026-08-14 21:20:04.825950,3,2,1,9
3,2026-08-14 21:20:04.825950,2,1,1,14
4,2026-08-14 21:20:04.825950,19,14,5,14
5,2026-08-14 21:20:04.825950,2,1,1,6
6,2026-08-14 21:20:04.825950,3,2,1,5
7,2026-08-14 21:20:04.825950,4,3,1,11
8,2026-08-14 21:20:04.825950,2,1,1,15
1,2026-08-14 22:20:04.825950,4,3,1,5
2,2026-08-14 22:20:04.825950,0,0,0,10
3,2026-08-14 22:20:04.825950,3,2,1,10
4,2026-08-14 22:20:04.825950,1,0,1,15
5,2026-08-14 22:20:04.825950,2,1,1,10
6,2026-08-14 22:20:04.825950,0,0,0,5
7,2026-08-14 22:20:04.825950,5,3,2,12
8,2026-08-14 22:20:04.825950,4,3,1,8
1,2026-08-14 23:20:04.825950,4,2,2,9
2,2026-08-14 23:20:04.825950,4,2,2,8
3,2026-08-14 23:20:04.825950,0,0,0,14
4,2026-08-14 23:20:04.825950,5,3,2,15
5,2026-08-14 23:20:04.825950,3,2,1,11
6,2026-08-14 23:20:04.825950,2,1,1,8
7,2026-08-14 23:20:04.825950,1,0,1,12
8,2026-08-14 23:20:04.825950,3,2,1,9
1,2026-08-15 00:20:04.825950,3,2,1,12
2,2026-08-15 00:20:04.825950,1,0,1,14
3,2026-08-15 00:20:04.825950,3,2,1,5
4,2026-08-15 00:20:04.825950,2,1,1,14
5,2026-08-15 00:20:04.825950,0,0,0,9
6,2026-08-15 00:20:04.825950,1,0,1,11
7,2026-08-15 00:20:04.825950,0,0,0,13
8,2026-08-15 00:20:04.825950,0,0,0,5
1,2026-08-15 01:20:04.825950,0,0,0,11
2,2026-08-15 01:20:04.825950,5,3,2,10
3,2026-08-15 01:20:04.825950,2,1,1,13
4,2026-08-15 01:20:04.825950,2,1,1,5
5,2026-08-15 01:20:04.825950,3,2,1,12
6,2026-08-15 01:20:04.825950,3,2,1,6
7,2026-08-15 01:20:04.825950,2,1,1,6
8,2026-08-15 01:20:04.825950,0,0,0,5
1,2026-08-15 02:20:04.825950,1,0,1,10
2,2026-08-15 02:20:04.825950,5,4,1,8
3,2026-08-15 02:20:04.825950,1,0,1,10
4,2026-08-15 02:20:04.825950,4,3,1,5
5,2026-08-15 02:20:04.825950,2,1,1,5
6,2026-08-15 02:20:04.825950,0,0,0,9
7,2026-08-15 02:20:04.825950,0,0,0,14
8,2026-08-15 02:20:04.825950,3,2,1,7
1,2026-08-15 03:20:04.825950,1,0,1,6
2,2026-08-15 03:20:04.825950,1,0,1,7
3,2026-08-15 03:20:04.825950,4,3,1,11
4,2026-08-15 03:20:04.825950,5,3,2,6
5,2026-08-15 03:20:04.825950,4,3,1,14
6,2026-08-15 03:20:04.825950,3,2,1,9
7,2026-08-15 03:20:04.825950,2,1,1,12
8,2026-08-15 03:20:04.825950,1,0,1,9
1,2026-08-15 04:20:04.825950,5,3,2,13
2,2026-08-15 04:20:04.825950,1,0,1,8
3,2026-08-15 04:20:04.825950,5,3,2,12
4,2026-08-15 04:20:04.825950,0,0,0,15
5,2026-08-15 04:20:04.825950,1,0,1,11
6,2026-08-15 04:20:04.825950,1,0,1,10
7,2026-08-15 04:20:04.825950,1,0,1,13
8,2026-08-15 04:20:04.825950,4,3,1,9
1,2026-08-15 05:20:04.825950,5,3,2,7
2,2026-08-15 05:20:04.825950,4,2,2,7
3,2026-08-15 05:20:04.825950,1,0,1,11
4,2026-08-15 05:20:04.825950,3,2,1,13
5,2026-08-15 05:20:04.825950,1,0,1,8
6,2026-08-15 05:20:04.825950,0,0,0,7
7,2026-08-15 05:20:04.825950,5,3,2,14
8,2026-08-15 05:20:04.825950,5,3,2,12
1,2026-08-15 06:20:04.825950,0,0,0,8
2,2026-08-15 06:20:04.825950,0,0,0,7
3,2026-08-15 06:20:04.825950,2,1,1,15
4,2026-08-15 06:20:04.825950,4,3,1,9
5,2026-08-15 06:20:04.825950,0,0,0,6
6,2026-08-15 06:20:04.825950,2,1,1,7
7,2026-08-15 06:20:04.825950,3,2,1,13
8,2026-08-15 06:20:04.825950,2,1,1,9
1,2026-08-15 07:20:04.825950,20,14,6,14
2,2026-08-15 07:20:04.825950,5,4,1,8
3,2026-08-15 07:20:04.825950,2,1,1,7
4,2026-08-15 07:20:04.825950,4,3,1,14
5,2026-08-15 07:20:04.825950,3,2,1,6
6,2026-08-15 07:20:04.825950,5,3,2,8
7,2026-08-15 07:20:04.825950,0,0,0,5
8,2026-08-15 07:20:04.825950,0,0,0,8
1,2026-08-15 08:20:04.825950,18,13,5,14
2,2026-08-15 08:20:04.825950,5,4,1,11
3,2026-08-15 08:20:04.825950,3,2,1,9
4,2026-08-15 08:20:04.825950,3,2,1,8
5,2026-08-15 08:20:04.825950,2,1,1,14
6,2026-08-15 08:20:04.825950,2,1,1,6
7,2026-08-15 08:20:04.825950,1,0,1,14
8,2026-08-15 08:20:04.825950,3,2,1,8
1,2026-08-15 09:20:04.825950,26,21,5,21
2,2026-08-15 09:20:04.825950,1,0,1,12
3,2026-08-15 09:20:04.825950,1,0,1,15
4,2026-08-15 09:20:04.825950,3,2,1,5
5,2026-08-15 09:20:04.825950,1,0,1,6
6,2026-08-15 09:20:04.825950,1,0,1,5
7,2026-08-15 09:20:04.825950,4,3,1,12
8,2026-08-15 09:20:04.825950,4,2,2,8
1,2026-08-15 10:20:04.825950,3,2,1,5
2,2026-08-15 10:20:04.825950,4,3,1,9
3,2026-08-15 10:20:04.825950,1,0,1,7
4,2026-08-15 10:20:04.825950,1,0,1,6
5,2026-08-15 10:20:04.825950,2,1,1,10
6,2026-08-15 10:20:04.825950,3,2,1,10
7,2026-08-15 10:20:04.825950,4,3,1,12
8,2026-08-15 10:20:04.825950,2,1,1,5
1,2026-08-15 11:20:04.825950,2,1,1,10
2,2026-08-15 11:20:04.825950,4,3,1,14
3,2026-08-15 11:20:04.825950,3,2,1,15
4,2026-08-15 11:20:04.825950,24,16,8,16
5,2026-08-15 11:20:04.825950,1,0,1,7
6,2026-08-15 11:20:04.825950,2,1,1,8
7,2026-08-15 11:20:04.825950,4,3,1,11
8,2026-08-15 11:20:04.825950,2,1,1,6
1,2026-08-15 12:20:04.825950,1,0,1,11
2,2026-08-15 12:20:04.825950,5,3,2,9
3,2026-08-15 12:20:04.825950,5,4,1,12
4,2026-08-15 12:20:04.825950,16,12,4,15
5,2026-08-15 12:20:04.825950,2,1,1,11
6,2026-08-15 12:20:04.825950,4,3,1,9
7,2026-08-15 12:20:04.825950,2,1,1,14
8,2026-08-15 12:20:04.825950,4,3,1,14
1,2026-08-15 13:20:04.825950,0,0,0,12
2,2026-08-15 13:20:04.825950,4,3,1,10
3,2026-08-15 13:20:04.825950,2,1,1,5
4,2026-08-15 13:20:04.825950,23,16,7,16
5,2026-08-15 13:20:04.825950,1,0,1,9
6,2026-08-15 13:20:04.825950,4,3,1,7
7,2026-08-15 13:20:04.825950,2,1,1,6
8,2026-08-15 13:20:04.825950,2,1,1,5
1,2026-08-15 14:20:04.825950,1,0,1,14
2,2026-08-15 14:20:04.825950,0,0,0,9
3,2026-08-15 14:20:04.825950,0,0,0,15
4,2026-08-15 14:20:04.825950,0,0,0,7
5,2026-08-15 14:20:04.825950,2,1,1,13
6,2026-08-15 14:20:04.825950,5,4,1,13
7,2026-08-15 14:20:04.825950,1,0,1,9
8,2026-08-15 14:20:04.825950,1,0,1,8
1,2026-08-15 15:20:04.825950,3,2,1,6
2,2026-08-15 15:20:04.825950,2,1,1,12
3,2026-08-15 15:20:04.825950,2,1,1,15
4,2026-08-15 15:20:04.825950,5,3,2,11
5,2026-08-15 15:20:04.825950,0,0,0,9
6,2026-08-15 15:20:04.825950,4,3,1,14
7,2026-08-15 15:20:04.825950,3,2,1,10
8,2026-08-15 15:20:04.825950,4,2,2,8
1,2026-08-15 16:20:04.825950,2,1,1,13
2,2026-08-15 16:20:04.825950,1,0,1,6
3,2026-08-15 16:20:04.825950,2,1,1,15
4,2026-08-15 16:20:04.825950,3,2,1,11
5,2026-08-15 16:20:04.825950,3,2,1,13
6,2026-08-15 16:20:04.825950,3,2,1,13
7,2026-08-15 16:20:04.825950,5,4,1,12
8,2026-08-15 16:20:04.825950,2,1,1,11
1,2026-08-15 17:20:04.825950,32,22,10,22
2,2026-08-15 17:20:04.825950,0,0,0,11
3,2026-08-15 17:20:04.825950,0,0,0,14
4,2026-08-15 17:20:04.825950,2,1,1,14
5,2026-08-15 17:20:04.825950,4,3,1,14
6,2026-08-15 17:20:04.825950,4,3,1,9
7,2026-08-15 17:20:04.825950,0,0,0,11
8,2026-08-15 17:20:04.825950,1,0,1,5
1,2026-08-15 18:20:04.825950,32,27,5,27
2,2026-08-15 18:20:04.825950,0,0,0,15
3,2026-08-15 18:20:04.825950,0,0,0,6
4,2026-08-15 18:20:04.825950,21,16,5,16
5,2026-08-15 18:20:04.825950,0,0,0,14
6,2026-08-15 18:20:04.825950,5,4,1,5
7,2026-08-15 18:20:04.825950,5,3,2,7
8,2026-08-15 18:20:04.825950,4,3,1,12
1,2026-08-15 19:20:04.825950,23,20,3,20
2,2026-08-15 19:20:04.825950,1,0,1,9
3,2026-08-15 19:20:04.825950,5,4,1,5
4,2026-08-15 19:20:04.825950,22,18,4,18
5,2026-08-15 19:20:04.825950,0,0,0,14
6,2026-08-15 19:20:04.825950,0,0,0,8
7,2026-08-15 19:20:04.825950,1,0,1,5
8,2026-08-15 19:20:04.825950,4,3,1,5
1,2026-08-15 20:20:04.825950,24,18,6,18
2,2026-08-15 20:20:04.825950,1,0,1,13
3,2026-08-15 20:20:04.825950,2,1,1,15
4,2026-08-15 20:20:04.825950,23,18,5,18
5,2026-08-15 20:20:04.825950,1,0,1,7
6,2026-08-15 20:20:04.825950,1,0,1,15
7,2026-08-15 20:20:04.825950,1,0,1,13
8,2026-08-15 20:20:04.825950,1,0,1,9
1,2026-08-15 21:20:04.825950,2,1,1,14
2,2026-08-15 21:20:04.825950,3,2,1,9
3,2026-08-15 21:20:04.825950,3,2,1,6
4,2026-08-15 21:20:04.825950,19,16,3,16
5,2026-08-15 21:20:04.825950,0,0,0,6
6,2026-08-15 21:20:04.825950,4,3,1,14
7,2026-08-15 21:20:04.825950,2,1,1,15
8,2026-08-15 21:20:04.825950,5,4,1,5
1,2026-08-15 22:20:04.825950,2,1,1,12
2,2026-08-15 22:20:04.825950,5,3,2,5
3,2026-08-15 22:20:04.825950,1,0,1,13
4,2026-08-15 22:20:04.825950,1,0,1,13
5,2026-08-15 22:20:04.825950,3,2,1,7
6,2026-08-15 22:20:04.825950,5,3,2,15
7,2026-08-15 22:20:04.825950,5,4,1,12
8,2026-08-15 22:20:04.825950,5,4,1,7
1,2026-08-15 23:20:04.825950,2,1,1,15
2,2026-08-15 23:20:04.825950,2,1,1,6
3,2026-08-15 23:20:04.825950,5,3,2,12
4,2026-08-15 23:20:04.825950,4,3,1,14
5,2026-08-15 23:20:04.825950,5,4,1,15
6,2026-08-15 23:20:04.825950,4,3,1,10
7,2026-08-15 23:20:04.825950,4,3,1,10
8,2026-08-15 23:20:04.825950,4,3,1,11
1,2026-08-16 00:20:04.825950,0,0,0,7
2,2026-08-16 00:20:04.825950,1,0,1,6
3,2026-08-16 00:20:04.825950,3,2,1,12
4,2026-08-16 00:20:04.825950,2,1,1,8
5,2026-08-16 00:20:04.825950,0,0,0,7
6,2026-08-16 00:20:04.825950,5,4,1,11
7,2026-08-16 00:20:04.825950,0,0,0,9
8,2026-08-16 00:20:04.825950,0,0,0,6
1,2026-08-16 01:20:04.825950,3,2,1,14
2,2026-08-16 01:20:04.825950,5,4,1,7
3,2026-08-16 01:20:04.825950,2,1,1,12
4,2026-08-16 01:20:04.825950,3,2,1,15
5,2026-08-16 01:20:04.825950,4,3,1,8
6,2026-08-16 01:20:04.825950,2,1,1,15
7,2026-08-16 01:20:04.825950,2,1,1,7
8,2026-08-16 01:20:04.825950,3,2,1,8
1,2026-08-16 02:20:04.825950,0,0,0,15
2,2026-08-16 02:20:04.825950,5,3,2,5
3,2026-08-16 02:20:04.825950,1,0,1,10
4,2026-08-16 02:20:04.825950,3,2,1,6
5,2026-08-16 02:20:04.825950,2,1,1,15
6,2026-08-16 02:20:04.825950,4,3,1,8
7,2026-08-16 02:20:04.825950,4,3,1,13
8,2026-08-16 02:20:04.825950,2,1,1,13
1,2026-08-16 03:20:04.825950,1,0,1,12
2,2026-08-16 03:20:04.825950,3,2,1,6
3,2026-08-16 03:20:04.825950,4,2,2,13
4,2026-08-16 03:20:04.825950,2,1,1,12
5,2026-08-16 03:20:04.825950,1,0,1,13
6,2026-08-16 03:20:04.825950,2,1,1,9
7,2026-08-16 03:20:04.825950,2,1,1,10
8,2026-08-16 03:20:04.825950,0,0,0,7
1,2026-08-16 04:20:04.825950,2,1,1,14
2,2026-08-16 04:20:04.825950,1,0,1,14
3,2026-08-16 04:20:04.825950,4,3,1,14
4,2026-08-16 04:20:04.825950,0,0,0,6
5,2026-08-16 04:20:04.825950,4,3,1,9
6,2026-08-16 04:20:04.825950,5,3,2,10
7,2026-08-16 04:20:04.825950,3,2,1,10
8,2026-08-16 04:20:04.825950,0,0,0,13
1,2026-08-16 05:20:04.825950,5,3,2,15
2,2026-08-16 05:20:04.825950,0,0,0,6
3,2026-08-16 05:20:04.825950,4,3,1,5
4,2026-08-16 05:20:04.825950,2,1,1,11
5,2026-08-16 05:20:04.825950,4,3,1,6
6,2026-08-16 05:20:04.825950,4,3,1,7
7,2026-08-16 05:20:04.825950,2,1,1,6
8,2026-08-16 05:20:04.825950,0,0,0,8
1,2026-08-16 06:20:04.825950,5,3,2,12
2,2026-08-16 06:20:04.825950,2,1,1,8
3,2026-08-16 06:20:04.825950,0,0,0,5
4,2026-08-16 06:20:04.825950,1,0,1,11
5,2026-08-16 06:20:04.825950,5,4,1,5
6,2026-08-16 06:20:04.825950,4,3,1,11
7,2026-08-16 06:20:04.825950,3,2,1,11
8,2026-08-16 06:20:04.825950,5,3,2,7
1,2026-08-16 07:20:04.825950,29,20,9,20
2,2026-08-16 07:20:04.825950,2,1,1,10
3,2026-08-16 07:20:04.825950,3,2,1,8
4,2026-08-16 07:20:04.825950,1,0,1,5
5,2026-08-16 07:20:04.825950,1,0,1,13
6,2026-08-16 07:20:04.825950,4,2,2,5
7,2026-08-16 07:20:04.825950,5,3,2,5
8,2026-08-16 07:20:04.825950,0,0,0,12
1,2026-08-16 08:20:04.825950,25,17,8,17
2,2026-08-16 08:20:04.825950,4,3,1,8
3,2026-08-16 08:20:04.825950,2,1,1,11
4,2026-08-16 08:20:04.825950,3,2,1,15
5,2026-08-16 08:20:04.825950,0,0,0,13
6,2026-08-16 08:20:04.825950,1,0,1,10
7,2026-08-16 08:20:04.825950,1,0,1,9
8,2026-08-16 08:20:04.825950,2,1,1,9
1,2026-08-16 09:20:04.825950,27,21,6,21
2,2026-08-16 09:20:04.825950,2,1,1,13
3,2026-08-16 09:20:04.825950,0,0,0,11
4,2026-08-16 09:20:04.825950,5,4,1,12
5,2026-08-16 09:20:04.825950,2,1,1,7
6,2026-08-16 09:20:04.825950,4,2,2,13
7,2026-08-16 09:20:04.825950,1,0,1,7
8,2026-08-16 09:20:04.825950,0,0,0,12
1,2026-08-16 10:20:04.825950,5,4,1,6
2,2026-08-16 10:20:04.825950,0,0,0,5
3,2026-08-16 10:20:04.825950,2,1,1,11
4,2026-08-16 10:20:04.825950,2,1,1,6
5,2026-08-16 10:20:04.825950,0,0,0,14
6,2026-08-16 10:20:04.825950,3,2,1,11
7,2026-08-16 10:20:04.825950,3,2,1,8
8,2026-08-16 10:20:04.825950,1,0,1,15
1,2026-08-16 11:20:04.825950,3,2,1,15
2,2026-08-16 11:20:04.825950,2,1,1,10
3,2026-08-16 11:20:04.825950,0,0,0,10
4,2026-08-16 11:20:04.825950,21,15,6,15
5,2026-08-16 11:20:04.825950,2,1,1,14
6,2026-08-16 11:20:04.825950,3,2,1,5
7,2026-08-16 11:20:04.825950,0,0,0,15
8,2026-08-16 11:20:04.825950,2,1,1,13
1,2026-08-16 12:20:04.825950,3,2,1,14
2,2026-08-16 12:20:04.825950,4,3,1,11
3,2026-08-16 12:20:04.825950,3,2,1,8
4,2026-08-16 12:20:04.825950,11,8,3,15
5,2026-08-16 12:20:04.825950,2,1,1,8
6,2026-08-16 12:20:04.825950,4,3,1,14
7,2026-08-16 12:20:04.825950,3,2,1,9
8,2026-08-16 12:20:04.825950,2,1,1,9
1,2026-08-16 13:20:04.825950,5,4,1,14
2,2026-08-16 13:20:04.825950,0,0,0,14
3,2026-08-16 13:20:04.825950,5,3,2,9
4,2026-08-16 13:20:04.825950,18,14,4,14
5,2026-08-16 13:20:04.825950,0,0,0,10
6,2026-08-16 13:20:04.825950,3,2,1,13
7,2026-08-16 13:20:04.825950,1,0,1,14
8,2026-08-16 13:20:04.825950,0,0,0,14
1,2026-08-16 14:20:04.825950,4,3,1,6
2,2026-08-16 14:20:04.825950,3,2,1,9
3,2026-08-16 14:20:04.825950,2,1,1,7
4,2026-08-16 14:20:04.825950,1,0,1,7
5,2026-08-16 14:20:04.825950,4,3,1,8
6,2026-08-16 14:20:04.825950,0,0,0,7
7,2026-08-16 14:20:04.825950,5,4,1,12
8,2026-08-16 14:20:04.825950,4,3,1,13
1,2026-08-16 15:20:04.825950,5,3,2,9
2,2026-08-16 15:20:04.825950,2,1,1,10
3,2026-08-16 15:20:04.825950,4,3,1,14
4,2026-08-16 15:20:04.825950,1,0,1,6
5,2026-08-16 15:20:04.825950,4,3,1,13
6,2026-08-16 15:20:04.825950,0,0,0,10
7,2026-08-16 15:20:04.825950,4,3,1,15
8,2026-08-16 15:20:04.825950,3,2,1,11
1,2026-08-16 16:20:04.825950,2,1,1,10
2,2026-08-16 16:20:04.825950,4,3,1,10
3,2026-08-16 16:20:04.825950,3,2,1,10
4,2026-08-16 16:20:04.825950,3,2,1,9
5,2026-08-16 16:20:04.825950,4,2,2,10
6,2026-08-16 16:20:04.825950,0,0,0,7
7,2026-08-16 16:20:04.825950,4,2,2,14
8,2026-08-16 16:20:04.825950,1,0,1,13
1,2026-08-16 17:20:04.825950,31,27,4,27
2,2026-08-16 17:20:04.825950,4,2,2,7
3,2026-08-16 17:20:04.825950,3,2,1,15
4,2026-08-16 17:20:04.825950,0,0,0,8
5,2026-08-16 17:20:04.825950,4,3,1,14
6,2026-08-16 17:20:04.825950,5,4,1,11
7,2026-08-16 17:20:04.825950,4,3,1,13
8,2026-08-16 17:20:04.825950,0,0,0,15
1,2026-08-16 18:20:04.825950,33,25,8,25
2,2026-08-16 18:20:04.825950,4,3,1,8
3,2026-08-16 18:20:04.825950,2,1,1,10
4,2026-08-16 18:20:04.825950,18,13,5,13
5,2026-08-16 18:20:04.825950,5,3,2,11
6,2026-08-16 18:20:04.825950,2,1,1,13
7,2026-08-16 18:20:04.825950,4,2,2,10
8,2026-08-16 18:20:04.825950,5,3,2,8
1,2026-08-16 19:20:04.825950,31,23,8,23
2,2026-08-16 19:20:04.825950,4,2,2,11
3,2026-08-16 19:20:04.825950,5,4,1,7
4,2026-08-16 19:20:04.825950,18,15,3,15
5,2026-08-16 19:20:04.825950,2,1,1,11
6,2026-08-16 19:20:04.825950,3,2,1,7
7,2026-08-16 19:20:04.825950,4,3,1,8
8,2026-08-16 19:20:04.825950,1,0,1,5
1,2026-08-16 20:20:04.825950,19,14,5,14
2,2026-08-16 20:20:04.825950,5,4,1,6
3,2026-08-16 20:20:04.825950,1,0,1,11
4,2026-08-16 20:20:04.825950,12,10,2,10
5,2026-08-16 20:20:04.825950,4,3,1,11
6,2026-08-16 20:20:04.825950,3,2,1,11
7,2026-08-16 20:20:04.825950,5,4,1,9
8,2026-08-16 20:20:04.825950,0,0,0,10
1,2026-08-16 21:20:04.825950,4,3,1,6
2,2026-08-16 21:20:04.825950,5,3,2,10
3,2026-08-16 21:20:04.825950,3,2,1,15
4,2026-08-16 21:20:04.825950,19,14,5,14
5,2026-08-16 21:20:04.825950,5,3,2,7
6,2026-08-16 21:20:04.825950,5,4,1,13
7,2026-08-16 21:20:04.825950,0,0,0,5
8,2026-08-16 21:20:04.825950,4,3,1,15
1,2026-08-16 22:20:04.825950,5,3,2,10
2,2026-08-16 22:20:04.825950,3,2,1,14
3,2026-08-16 22:20:04.825950,2,1,1,6
4,2026-08-16 22:20:04.825950,1,0,1,10
5,2026-08-16 22:20:04.825950,0,0,0,13
6,2026-08-16 22:20:04.825950,4,3,1,11
7,2026-08-16 22:20:04.825950,2,1,1,10
8,2026-08-16 22:20:04.825950,1,0,1,5
1,2026-08-16 23:20:04.825950,5,4,1,8
2,2026-08-16 23:20:04.825950,3,2,1,14
3,2026-08-16 23:20:04.825950,4,3,1,10
4,2026-08-16 23:20:04.825950,2,1,1,9
5,2026-08-16 23:20:04.825950,2,1,1,8
6,2026-08-16 23:20:04.825950,1,0,1,9
7,2026-08-16 23:20:04.825950,4,3,1,8
8,2026-08-16 23:20:04.825950,5,3,2,6
1,2026-08-17 00:20:04.825950,1,0,1,13
2,2026-08-17 00:20:04.825950,1,0,1,5
3,2026-08-17 00:20:04.825950,4,3,1,8
4,2026-08-17 00:20:04.825950,0,0,0,5
5,2026-08-17 00:20:04.825950,2,1,1,14
6,2026-08-17 00:20:04.825950,3,2,1,13
7,2026-08-17 00:20:04.825950,1,0,1,9
8,2026-08-17 00:20:04.825950,0,0,0,6
1,2026-08-17 01:20:04.825950,3,2,1,12
2,2026-08-17 01:20:04.825950,2,1,1,7
3,2026-08-17 01:20:04.825950,2,1,1,6
4,2026-08-17 01:20:04.825950,2,1,1,8
5,2026-08-17 01:20:04.825950,5,3,2,7
6,2026-08-17 01:20:04.825950,4,3,1,12
7,2026-08-17 01:20:04.825950,5,4,1,15
8,2026-08-17 01:20:04.825950,0,0,0,10
1,2026-08-17 02:20:04.825950,0,0,0,13
2,2026-08-17 02:20:04.825950,2,1,1,13
3,2026-08-17 02:20:04.825950,5,4,1,15
4,2026-08-17 02:20:04.825950,0,0,0,15
5,2026-08-17 02:20:04.825950,0,0,0,14
6,2026-08-17 02:20:04.825950,3,2,1,8
7,2026-08-17 02:20:04.825950,5,3,2,12
8,2026-08-17 02:20:04.825950,1,0,1,7
1,2026-08-17 03:20:04.825950,5,3,2,7
2,2026-08-17 03:20:04.825950,1,0,1,6
3,2026-08-17 03:20:04.825950,4,3,1,8
4,2026-08-17 03:20:04.825950,0,0,0,12
5,2026-08-17 03:20:04.825950,4,3,1,7
6,2026-08-17 03:20:04.825950,0,0,0,9
7,2026-08-17 03:20:04.825950,4,3,1,14
8,2026-08-17 03:20:04.825950,1,0,1,12
1,2026-08-17 04:20:04.825950,4,3,1,7
2,2026-08-17 04:20:04.825950,2,1,1,9
3,2026-08-17 04:20:04.825950,5,3,2,15
4,2026-08-17 04:20:04.825950,3,2,1,13
5,2026-08-17 04:20:04.825950,3,2,1,8
6,2026-08-17 04:20:04.825950,0,0,0,9
7,2026-08-17 04:20:04.825950,3,2,1,10
8,2026-08-17 04:20:04.825950,1,0,1,6
1,2026-08-17 05:20:04.825950,1,0,1,10
2,2026-08-17 05:20:04.825950,5,3,2,11
3,2026-08-17 05:20:04.825950,5,3,2,12
4,2026-08-17 05:20:04.825950,3,2,1,15
5,2026-08-17 05:20:04.825950,1,0,1,9
6,2026-08-17 05:20:04.825950,4,2,2,11
7,2026-08-17 05:20:04.825950,0,0,0,10
8,2026-08-17 05:20:04.825950,2,1,1,11
1,2026-08-17 06:20:04.825950,3,2,1,11
2,2026-08-17 06:20:04.825950,3,2,1,5
3,2026-08-17 06:20:04.825950,2,1,1,8
4,2026-08-17 06:20:04.825950,2,1,1,5
5,2026-08-17 06:20:04.825950,2,1,1,8
6,2026-08-17 06:20:04.825950,4,3,1,13
7,2026-08-17 06:20:04.825950,1,0,1,6
8,2026-08-17 06:20:04.825950,4,3,1,7
1,2026-08-17 07:20:04.825950,19,16,3,16
2,2026-08-17 07:20:04.825950,3,2,1,10
3,2026-08-17 07:20:04.825950,2,1,1,13
4,2026-08-17 07:20:04.825950,0,0,0,13
5,2026-08-17 07:20:04.825950,1,0,1,8
6,2026-08-17 07:20:04.825950,1,0,1,11
7,2026-08-17 07:20:04.825950,5,3,2,7
8,2026-08-17 07:20:04.825950,2,1,1,8
1,2026-08-17 08:20:04.825950,26,23,3,23
2,2026-08-17 08:20:04.825950,0,0,0,13
3,2026-08-17 08:20:04.825950,22,18,4,18
4,2026-08-17 08:20:04.825950,1,0,1,5
5,2026-08-17 08:20:04.825950,1,0,1,8
6,2026-08-17 08:20:04.825950,0,0,0,6
7,2026-08-17 08:20:04.825950,3,2,1,7
8,2026-08-17 08:20:04.825950,5,4,1,6
1,2026-08-17 09:20:04.825950,17,13,4,13
2,2026-08-17 09:20:04.825950,0,0,0,13
3,2026-08-17 09:20:04.825950,18,12,6,14
4,2026-08-17 09:20:04.825950,3,2,1,14
5,2026-08-17 09:20:04.825950,2,1,1,11
6,2026-08-17 09:20:04.825950,4,3,1,9
7,2026-08-17 09:20:04.825950,2,1,1,6
8,2026-08-17 09:20:04.825950,2,1,1,14
1,2026-08-17 10:20:04.825950,3,2,1,11
2,2026-08-17 10:20:04.825950,0,0,0,11
3,2026-08-17 10:20:04.825950,22,17,5,17
4,2026-08-17 10:20:04.825950,4,2,2,5
5,2026-08-17 10:20:04.825950,3,2,1,10
6,2026-08-17 10:20:04.825950,4,3,1,12
7,2026-08-17 10:20:04.825950,1,0,1,5
8,2026-08-17 10:20:04.825950,3,2,1,12
1,2026-08-17 11:20:04.825950,2,1,1,6
2,2026-08-17 11:20:04.825950,5,3,2,7
3,2026-08-17 11:20:04.825950,5,4,1,6
4,2026-08-17 11:20:04.825950,16,11,5,12
5,2026-08-17 11:20:04.825950,4,2,2,7
6,2026-08-17 11:20:04.825950,3,2,1,12
7,2026-08-17 11:20:04.825950,4,3,1,14
8,2026-08-17 11:20:04.825950,1,0,1,12
1,2026-08-17 12:20:04.825950,2,1,1,10
2,2026-08-17 12:20:04.825950,1,0,1,14
3,2026-08-17 12:20:04.825950,4,3,1,5
4,2026-08-17 12:20:04.825950,15,12,3,12
5,2026-08-17 12:20:04.825950,4,3,1,15
6,2026-08-17 12:20:04.825950,1,0,1,12
7,2026-08-17 12:20:04.825950,4,3,1,6
8,2026-08-17 12:20:04.825950,0,0,0,6
1,2026-08-17 13:20:04.825950,3,2,1,5
2,2026-08-17 13:20:04.825950,1,0,1,6
3,2026-08-17 13:20:04.825950,1,0,1,6
4,2026-08-17 13:20:04.825950,16,12,4,15
5,2026-08-17 13:20:04.825950,4,3,1,13
6,2026-08-17 13:20:04.825950,3,2,1,9
7,2026-08-17 13:20:04.825950,0,0,0,9
8,2026-08-17 13:20:04.825950,5,4,1,15
1,2026-08-17 14:20:04.825950,2,1,1,14
2,2026-08-17 14:20:04.825950,2,1,1,7
3,2026-08-17 14:20:04.825950,1,0,1,15
4,2026-08-17 14:20:04.825950,1,0,1,10
5,2026-08-17 14:20:04.825950,4,3,1,12
6,2026-08-17 14:20:04.825950,3,2,1,10
7,2026-08-17 14:20:04.825950,5,4,1,7
8,2026-08-17 14:20:04.825950,1,0,1,12
1,2026-08-17 15:20:04.825950,0,0,0,7
2,2026-08-17 15:20:04.825950,1,0,1,5
3,2026-08-17 15:20:04.825950,18,13,5,13
4,2026-08-17 15:20:04.825950,4,3,1,6
5,2026-08-17 15:20:04.825950,0,0,0,14
6,2026-08-17 15:20:04.825950,1,0,1,15
7,2026-08-17 15:20:04.825950,4,3,1,10
8,2026-08-17 15:20:04.825950,5,3,2,8
1,2026-08-17 16:20:04.825950,2,1,1,11
2,2026-08-17 16:20:04.825950,4,3,1,10
3,2026-08-17 16:20:04.825950,26,23,3,23
4,2026-08-17 16:20:04.825950,4,3,1,8
5,2026-08-17 16:20:04.825950,0,0,0,6
6,2026-08-17 16:20:04.825950,5,3,2,7
7,2026-08-17 16:20:04.825950,2,1,1,7
8,2026-08-17 16:20:04.825950,4,3,1,11
1,2026-08-17 17:20:04.825950,25,22,3,22
2,2026-08-17 17:20:04.825950,5,4,1,8
3,2026-08-17 17:20:04.825950,11,9,2,9
4,2026-08-17 17:20:04.825950,0,0,0,14
5,2026-08-17 17:20:04.825950,1,0,1,12
6,2026-08-17 17:20:04.825950,0,0,0,5
7,2026-08-17 17:20:04.825950,1,0,1,12
8,2026-08-17 17:20:04.825950,3,2,1,10
1,2026-08-17 18:20:04.825950,20,14,6,14
2,2026-08-17 18:20:04.825950,3,2,1,12
3,2026-08-17 18:20:04.825950,2,1,1,13
4,2026-08-17 18:20:04.825950,20,14,6,14
5,2026-08-17 18:20:04.825950,1,0,1,15
6,2026-08-17 18:20:04.825950,2,1,1,11
7,2026-08-17 18:20:04.825950,4,3,1,9
8,2026-08-17 18:20:04.825950,5,3,2,11
1,2026-08-17 19:20:04.825950,31,22,9,22
2,2026-08-17 19:20:04.825950,3,2,1,10
3,2026-08-17 19:20:04.825950,5,3,2,14
4,2026-08-17 19:20:04.825950,17,13,4,13
5,2026-08-17 19:20:04.825950,5,4,1,8
6,2026-08-17 19:20:04.825950,3,2,1,8
7,2026-08-17 19:20:04.825950,0,0,0,10
8,2026-08-17 19:20:04.825950,0,0,0,9
1,2026-08-17 20:20:04.825950,19,15,4,15
2,2026-08-17 20:20:04.825950,5,3,2,12
3,2026-08-17 20:20:04.825950,3,2,1,9
4,2026-08-17 20:20:04.825950,22,15,7,15
5,2026-08-17 20:20:04.825950,0,0,0,12
6,2026-08-17 20:20:04.825950,4,3,1,12
7,2026-08-17 20:20:04.825950,1,0,1,15
8,2026-08-17 20:20:04.825950,4,3,1,5
1,2026-08-17 21:20:04.825950,2,1,1,7
2,2026-08-17 21:20:04.825950,5,4,1,7
3,2026-08-17 21:20:04.825950,0,0,0,6
4,2026-08-17 21:20:04.825950,17,14,3,14
5,2026-08-17 21:20:04.825950,2,1,1,13
6,2026-08-17 21:20:04.825950,2,1,1,8
7,2026-08-17 21:20:04.825950,5,4,1,5
8,2026-08-17 21:20:04.825950,2,1,1,10
1,2026-08-17 22:20:04.825950,5,3,2,14
2,2026-08-17 22:20:04.825950,5,4,1,13
3,2026-08-17 22:20:04.825950,0,0,0,11
4,2026-08-17 22:20:04.825950,3,2,1,15
5,2026-08-17 22:20:04.825950,0,0,0,13
6,2026-08-17 22:20:04.825950,1,0,1,6
7,2026-08-17 22:20:04.825950,1,0,1,9
8,2026-08-17 22:20:04.825950,4,2,2,13
1,2026-08-17 23:20:04.825950,3,2,1,5
2,2026-08-17 23:20:04.825950,2,1,1,10
3,2026-08-17 23:20:04.825950,0,0,0,14
4,2026-08-17 23:20:04.825950,5,3,2,12
5,2026-08-17 23:20:04.825950,0,0,0,6
6,2026-08-17 23:20:04.825950,1,0,1,7
7,2026-08-17 23:20:04.825950,2,1,1,5
8,2026-08-17 23:20:04.825950,1,0,1,8
1,2026-08-18 00:20:04.825950,5,3,2,6
2,2026-08-18 00:20:04.825950,5,4,1,9
3,2026-08-18 00:20:04.825950,5,4,1,8
4,2026-08-18 00:20:04.825950,5,4,1,7
5,2026-08-18 00:20:04.825950,2,1,1,9
6,2026-08-18 00:20:04.825950,1,0,1,14
7,2026-08-18 00:20:04.825950,2,1,1,8
8,2026-08-18 00:20:04.825950,2,1,1,7
1,2026-08-18 01:20:04.825950,2,1,1,12
2,2026-08-18 01:20:04.825950,2,1,1,10
3,2026-08-18 01:20:04.825950,4,3,1,15
4,2026-08-18 01:20:04.825950,4,3,1,15
5,2026-08-18 01:20:04.825950,5,4,1,5
6,2026-08-18 01:20:04.825950,4,3,1,13
7,2026-08-18 01:20:04.825950,4,2,2,11
8,2026-08-18 01:20:04.825950,2,1,1,15
1,2026-08-18 02:20:04.825950,2,1,1,13
2,2026-08-18 02:20:04.825950,4,3,1,9
3,2026-08-18 02:20:04.825950,0,0,0,8
4,2026-08-18 02:20:04.825950,2,1,1,9
5,2026-08-18 02:20:04.825950,0,0,0,13
6,2026-08-18 02:20:04.825950,5,4,1,12
7,2026-08-18 02:20:04.825950,1,0,1,10
8,2026-08-18 02:20:04.825950,2,1,1,15
1,2026-08-18 03:20:04.825950,4,3,1,10
2,2026-08-18 03:20:04.825950,5,3,2,10
3,2026-08-18 03:20:04.825950,0,0,0,12
4,2026-08-18 03:20:04.825950,2,1,1,6
5,2026-08-18 03:20:04.825950,1,0,1,9
6,2026-08-18 03:20:04.825950,1,0,1,7
7,2026-08-18 03:20:04.825950,0,0,0,14
8,2026-08-18 03:20:04.825950,3,2,1,11
1,2026-08-18 04:20:04.825950,5,3,2,8
2,2026-08-18 04:20:04.825950,2,1,1,14
3,2026-08-18 04:20:04.825950,2,1,1,11
4,2026-08-18 04:20:04.825950,2,1,1,8
5,2026-08-18 04:20:04.825950,4,2,2,11
6,2026-08-18 04:20:04.825950,2,1,1,11
7,2026-08-18 04:20:04.825950,4,2,2,13
8,2026-08-18 04:20:04.825950,1,0,1,14
1,2026-08-18 05:20:04.825950,5,4,1,8
2,2026-08-18 05:20:04.825950,4,3,1,7
3,2026-08-18 05:20:04.825950,5,3,2,5
4,2026-08-18 05:20:04.825950,0,0,0,7
5,2026-08-18 05:20:04.825950,2,1,1,7
6,2026-08-18 05:20:04.825950,3,2,1,7
7,2026-08-18 05:20:04.825950,1,0,1,9
8,2026-08-18 05:20:04.825950,2,1,1,8
1,2026-08-18 06:20:04.825950,1,0,1,8
2,2026-08-18 06:20:04.825950,1,0,1,10
3,2026-08-18 06:20:04.825950,0,0,0,10
4,2026-08-18 06:20:04.825950,0,0,0,15
5,2026-08-18 06:20:04.825950,3,2,1,12
6,2026-08-18 06:20:04.825950,5,3,2,12
7,2026-08-18 06:20:04.825950,5,3,2,6
8,2026-08-18 06:20:04.825950,3,2,1,7
1,2026-08-18 07:20:04.825950,28,24,4,24
2,2026-08-18 07:20:04.825950,5,4,1,14
3,2026-08-18 07:20:04.825950,3,2,1,10
4,2026-08-18 07:20:04.825950,3,2,1,14
5,2026-08-18 07:20:04.825950,0,0,0,14
6,2026-08-18 07:20:04.825950,1,0,1,10
7,2026-08-18 07:20:04.825950,2,1,1,5
8,2026-08-18 07:20:04.825950,4,3,1,11
1,2026-08-18 08:20:04.825950,22,16,6,16
2,2026-08-18 08:20:04.825950,0,0,0,11
3,2026-08-18 08:20:04.825950,20,15,5,15
4,2026-08-18 08:20:04.825950,3,2,1,9
5,2026-08-18 08:20:04.825950,3,2,1,12
6,2026-08-18 08:20:04.825950,0,0,0,11
7,2026-08-18 08:20:04.825950,1,0,1,15
8,2026-08-18 08:20:04.825950,4,3,1,12
1,2026-08-18 09:20:04.825950,26,21,5,21
2,2026-08-18 09:20:04.825950,5,4,1,5
3,2026-08-18 09:20:04.825950,21,15,6,15
4,2026-08-18 09:20:04.825950,3,2,1,5
5,2026-08-18 09:20:04.825950,3,2,1,15
6,2026-08-18 09:20:04.825950,3,2,1,5
7,2026-08-18 09:20:04.825950,2,1,1,15
8,2026-08-18 09:20:04.825950,0,0,0,12
1,2026-08-18 10:20:04.825950,4,3,1,12
2,2026-08-18 10:20:04.825950,5,3,2,13
3,2026-08-18 10:20:04.825950,15,12,3,12
4,2026-08-18 10:20:04.825950,4,3,1,15
5,2026-08-18 10:20:04.825950,0,0,0,10
6,2026-08-18 10:20:04.825950,5,4,1,8
7,2026-08-18 10:20:04.825950,4,3,1,12
8,2026-08-18 10:20:04.825950,3,2,1,9
1,2026-08-18 11:20:04.825950,0,0,0,12
2,2026-08-18 11:20:04.825950,3,2,1,14
3,2026-08-18 11:20:04.825950,5,3,2,11
4,2026-08-18 11:20:04.825950,22,16,6,16
5,2026-08-18 11:20:04.825950,4,3,1,9
6,2026-08-18 11:20:04.825950,2,1,1,12
7,2026-08-18 11:20:04.825950,2,1,1,5
8,2026-08-18 11:20:04.825950,4,2,2,5
1,2026-08-18 12:20:04.825950,4,3,1,8
2,2026-08-18 12:20:04.825950,1,0,1,6
3,2026-08-18 12:20:04.825950,1,0,1,15
4,2026-08-18 12:20:04.825950,19,16,3,16
5,2026-08-18 12:20:04.825950,3,2,1,8
6,2026-08-18 12:20:04.825950,5,4,1,14
7,2026-08-18 12:20:04.825950,3,2,1,10
8,2026-08-18 12:20:04.825950,2,1,1,14
1,2026-08-18 13:20:04.825950,5,4,1,6
2,2026-08-18 13:20:04.825950,3,2,1,6
3,2026-08-18 13:20:04.825950,2,1,1,9
4,2026-08-18 13:20:04.825950,19,13,6,13
5,2026-08-18 13:20:04.825950,5,4,1,6
6,2026-08-18 13:20:04.825950,3,2,1,8
7,2026-08-18 13:20:04.825950,4,3,1,9
8,2026-08-18 13:20:04.825950,4,3,1,8
1,2026-08-18 14:20:04.825950,5,4,1,10
2,2026-08-18 14:20:04.825950,4,3,1,11
3,2026-08-18 14:20:04.825950,2,1,1,7
4,2026-08-18 14:20:04.825950,2,1,1,5
5,2026-08-18 14:20:04.825950,4,3,1,7
6,2026-08-18 14:20:04.825950,5,3,2,5
7,2026-08-18 14:20:04.825950,3,2,1,11
8,2026-08-18 14:20:04.825950,5,3,2,9
1,2026-08-18 15:20:04.825950,3,2,1,15
2,2026-08-18 15:20:04.825950,2,1,1,8
3,2026-08-18 15:20:04.825950,20,14,6,14
4,2026-08-18 15:20:04.825950,2,1,1,14
5,2026-08-18 15:20:04.825950,3,2,1,15
6,2026-08-18 15:20:04.825950,4,3,1,11
7,2026-08-18 15:20:04.825950,3,2,1,5
8,2026-08-18 15:20:04.825950,2,1,1,10
1,2026-08-18 16:20:04.825950,3,2,1,12
2,2026-08-18 16:20:04.825950,1,0,1,7
3,2026-08-18 16:20:04.825950,27,20,7,20
4,2026-08-18 16:20:04.825950,5,4,1,6
5,2026-08-18 16:20:04.825950,5,3,2,10
6,2026-08-18 16:20:04.825950,0,0,0,13
7,2026-08-18 16:20:04.825950,2,1,1,10
8,2026-08-18 16:20:04.825950,3,2,1,5
1,2026-08-18 17:20:04.825950,21,17,4,17
2,2026-08-18 17:20:04.825950,3,2,1,5
3,2026-08-18 17:20:04.825950,27,24,3,24
4,2026-08-18 17:20:04.825950,4,2,2,14
5,2026-08-18 17:20:04.825950,0,0,0,8
6,2026-08-18 17:20:04.825950,1,0,1,14
7,2026-08-18 17:20:04.825950,2,1,1,7
8,2026-08-18 17:20:04.825950,5,4,1,13
1,2026-08-18 18:20:04.825950,29,24,5,24
2,2026-08-18 18:20:04.825950,4,3,1,10
3,2026-08-18 18:20:04.825950,5,3,2,15
4,2026-08-18 18:20:04.825950,25,19,6,19
5,2026-08-18 18:20:04.825950,4,3,1,11
6,2026-08-18 18:20:04.825950,3,2,1,9
7,2026-08-18 18:20:04.825950,3,2,1,7
8,2026-08-18 18:20:04.825950,3,2,1,13
1,2026-08-18 19:20:04.825950,31,25,6,25
2,2026-08-18 19:20:04.825950,0,0,0,15
3,2026-08-18 19:20:04.825950,3,2,1,11
4,2026-08-18 19:20:04.825950,21,14,7,14
5,2026-08-18 19:20:04.825950,1,0,1,13
6,2026-08-18 19:20:04.825950,0,0,0,11
7,2026-08-18 19:20:04.825950,0,0,0,8
8,2026-08-18 19:20:04.825950,1,0,1,12
1,2026-08-18 20:20:04.825950,22,19,3,19
2,2026-08-18 20:20:04.825950,5,4,1,15
3,2026-08-18 20:20:04.825950,3,2,1,8
4,2026-08-18 20:20:04.825950,18,13,5,13
5,2026-08-18 20:20:04.825950,1,0,1,8
6,2026-08-18 20:20:04.825950,2,1,1,6
7,2026-08-18 20:20:04.825950,0,0,0,12
8,2026-08-18 20:20:04.825950,3,2,1,14
1,2026-08-18 21:20:04.825950,3,2,1,7
2,2026-08-18 21:20:04.825950,3,2,1,6
3,2026-08-18 21:20:04.825950,4,3,1,7
4,2026-08-18 21:20:04.825950,18,15,3,15
5,2026-08-18 21:20:04.825950,0,0,0,15
6,2026-08-18 21:20:04.825950,5,3,2,13
7,2026-08-18 21:20:04.825950,3,2,1,6
8,2026-08-18 21:20:04.825950,3,2,1,13
1,2026-08-18 22:20:04.825950,0,0,0,14
2,2026-08-18 22:20:04.825950,5,4,1,5
3,2026-08-18 22:20:04.825950,3,2,1,5
4,2026-08-18 22:20:04.825950,2,1,1,5
5,2026-08-18 22:20:04.825950,2,1,1,13
6,2026-08-18 22:20:04.825950,5,4,1,11
7,2026-08-18 22:20:04.825950,0,0,0,9
8,2026-08-18 22:20:04.825950,4,3,1,6
1,2026-08-18 23:20:04.825950,5,3,2,11
2,2026-08-18 23:20:04.825950,5,3,2,8
3,2026-08-18 23:20:04.825950,3,2,1,6
4,2026-08-18 23:20:04.825950,2,1,1,6
5,2026-08-18 23:20:04.825950,3,2,1,12
6,2026-08-18 23:20:04.825950,1,0,1,10
7,2026-08-18 23:20:04.825950,2,1,1,10
8,2026-08-18 23:20:04.825950,3,2,1,14
1,2026-08-19 00:20:04.825950,2,1,1,7
2,2026-08-19 00:20:04.825950,1,0,1,5
3,2026-08-19 00:20:04.825950,1,0,1,14
4,2026-08-19 00:20:04.825950,2,1,1,9
5,2026-08-19 00:20:04.825950,5,3,2,15
6,2026-08-19 00:20:04.825950,2,1,1,12
7,2026-08-19 00:20:04.825950,5,3,2,7
8,2026-08-19 00:20:04.825950,1,0,1,11
1,2026-08-19 01:20:04.825950,2,1,1,5
2,2026-08-19 01:20:04.825950,1,0,1,7
3,2026-08-19 01:20:04.825950,4,2,2,10
4,2026-08-19 01:20:04.825950,5,4,1,13
5,2026-08-19 01:20:04.825950,3,2,1,7
6,2026-08-19 01:20:04.825950,2,1,1,14
7,2026-08-19 01:20:04.825950,4,3,1,10
8,2026-08-19 01:20:04.825950,3,2,1,12
1,2026-08-19 02:20:04.825950,5,3,2,13
2,2026-08-19 02:20:04.825950,3,2,1,11
3,2026-08-19 02:20:04.825950,0,0,0,6
4,2026-08-19 02:20:04.825950,2,1,1,8
5,2026-08-19 02:20:04.825950,1,0,1,14
6,2026-08-19 02:20:04.825950,5,4,1,15
7,2026-08-19 02:20:04.825950,1,0,1,12
8,2026-08-19 02:20:04.825950,4,3,1,5
1,2026-08-19 03:20:04.825950,5,4,1,13
2,2026-08-19 03:20:04.825950,1,0,1,10
3,2026-08-19 03:20:04.825950,5,3,2,15
4,2026-08-19 03:20:04.825950,0,0,0,13
5,2026-08-19 03:20:04.825950,0,0,0,13
6,2026-08-19 03:20:04.825950,5,4,1,6
7,2026-08-19 03:20:04.825950,0,0,0,13
8,2026-08-19 03:20:04.825950,1,0,1,7
1,2026-08-19 04:20:04.825950,5,4,1,8
2,2026-08-19 04:20:04.825950,1,0,1,12
3,2026-08-19 04:20:04.825950,1,0,1,14
4,2026-08-19 04:20:04.825950,2,1,1,6
5,2026-08-19 04:20:04.825950,5,3,2,6
6,2026-08-19 04:20:04.825950,1,0,1,5
7,2026-08-19 04:20:04.825950,1,0,1,14
8,2026-08-19 04:20:04.825950,4,3,1,6
1,2026-08-19 05:20:04.825950,4,3,1,5
2,2026-08-19 05:20:04.825950,2,1,1,6
3,2026-08-19 05:20:04.825950,1,0,1,12
4,2026-08-19 05:20:04.825950,0,0,0,6
5,2026-08-19 05:20:04.825950,4,3,1,14
6,2026-08-19 05:20:04.825950,3,2,1,5
7,2026-08-19 05:20:04.825950,4,3,1,6
8,2026-08-19 05:20:04.825950,5,4,1,15
1,2026-08-19 06:20:04.825950,1,0,1,15
2,2026-08-19 06:20:04.825950,4,3,1,5
3,2026-08-19 06:20:04.825950,2,1,1,14
4,2026-08-19 06:20:04.825950,2,1,1,7
5,2026-08-19 06:20:04.825950,2,1,1,13
6,2026-08-19 06:20:04.825950,2,1,1,9
7,2026-08-19 06:20:04.825950,2,1,1,8
8,2026-08-19 06:20:04.825950,2,1,1,13
1,2026-08-19 07:20:04.825950,28,23,5,23
2,2026-08-19 07:20:04.825950,1,0,1,10
3,2026-08-19 07:20:04.825950,4,3,1,7
4,2026-08-19 07:20:04.825950,1,0,1,11
5,2026-08-19 07:20:04.825950,5,3,2,12
6,2026-08-19 07:20:04.825950,2,1,1,13
7,2026-08-19 07:20:04.825950,1,0,1,6
8,2026-08-19 07:20:04.825950,1,0,1,13
1,2026-08-19 08:20:04.825950,27,23,4,23
2,2026-08-19 08:20:04.825950,0,0,0,14
3,2026-08-19 08:20:04.825950,15,11,4,11
4,2026-08-19 08:20:04.825950,3,2,1,7
5,2026-08-19 08:20:04.825950,4,3,1,10
6,2026-08-19 08:20:04.825950,4,3,1,15
7,2026-08-19 08:20:04.825950,4,3,1,9
8,2026-08-19 08:20:04.825950,1,0,1,12
1,2026-08-19 09:20:04.825950,28,20,8,20
2,2026-08-19 09:20:04.825950,5,3,2,10
3,2026-08-19 09:20:04.825950,22,17,5,17
4,2026-08-19 09:20:04.825950,3,2,1,11
5,2026-08-19 09:20:04.825950,0,0,0,10
6,2026-08-19 09:20:04.825950,5,4,1,12
7,2026-08-19 09:20:04.825950,2,1,1,8
8,2026-08-19 09:20:04.825950,1,0,1,9
1,2026-08-19 10:20:04.825950,2,1,1,5
2,2026-08-19 10:20:04.825950,2,1,1,11
3,2026-08-19 10:20:04.825950,18,15,3,15
4,2026-08-19 10:20:04.825950,4,3,1,9
5,2026-08-19 10:20:04.825950,0,0,0,7
6,2026-08-19 10:20:04.825950,2,1,1,14
7,2026-08-19 10:20:04.825950,3,2,1,5
8,2026-08-19 10:20:04.825950,5,3,2,12
1,2026-08-19 11:20:04.825950,1,0,1,14
2,2026-08-19 11:20:04.825950,4,3,1,6
3,2026-08-19 11:20:04.825950,0,0,0,9
4,2026-08-19 11:20:04.825950,19,14,5,14
5,2026-08-19 11:20:04.825950,0,0,0,6
6,2026-08-19 11:20:04.825950,2,1,1,11
7,2026-08-19 11:20:04.825950,1,0,1,14
8,2026-08-19 11:20:04.825950,2,1,1,13
1,2026-08-19 12:20:04.825950,0,0,0,10
2,2026-08-19 12:20:04.825950,4,3,1,15
3,2026-08-19 12:20:04.825950,2,1,1,9
4,2026-08-19 12:20:04.825950,15,10,5,10
5,2026-08-19 12:20:04.825950,5,4,1,10
6,2026-08-19 12:20:04.825950,2,1,1,12
7,2026-08-19 12:20:04.825950,5,4,1,7
8,2026-08-19 12:20:04.825950,2,1,1,12
1,2026-08-19 13:20:04.825950,2,1,1,15
2,2026-08-19 13:20:04.825950,5,3,2,14
3,2026-08-19 13:20:04.825950,5,4,1,7
4,2026-08-19 13:20:04.825950,20,15,5,15
5,2026-08-19 13:20:04.825950,3,2,1,13
6,2026-08-19 13:20:04.825950,0,0,0,13
7,2026-08-19 13:20:04.825950,2,1,1,11
8,2026-08-19 13:20:04.825950,0,0,0,10
1,2026-08-19 14:20:04.825950,4,3,1,14
2,2026-08-19 14:20:04.825950,2,1,1,6
3,2026-08-19 14:20:04.825950,4,2,2,13
4,2026-08-19 14:20:04.825950,0,0,0,13
5,2026-08-19 14:20:04.825950,0,0,0,12
6,2026-08-19 14:20:04.825950,4,3,1,8
7,2026-08-19 14:20:04.825950,0,0,0,11
8,2026-08-19 14:20:04.825950,2,1,1,7
1,2026-08-19 15:20:04.825950,5,3,2,7
2,2026-08-19 15:20:04.825950,5,4,1,12
3,2026-08-19 15:20:04.825950,27,23,4,23
4,2026-08-19 15:20:04.825950,4,3,1,14
5,2026-08-19 15:20:04.825950,3,2,1,8
6,2026-08-19 15:20:04.825950,2,1,1,9
7,2026-08-19 15:20:04.825950,1,0,1,10
8,2026-08-19 15:20:04.825950,4,3,1,15
1,2026-08-19 16:20:04.825950,1,0,1,14
2,2026-08-19 16:20:04.825950,2,1,1,14
3,2026-08-19 16:20:04.825950,17,14,3,14
4,2026-08-19 16:20:04.825950,2,1,1,5
5,2026-08-19 16:20:04.825950,4,3,1,5
6,2026-08-19 16:20:04.825950,1,0,1,6
7,2026-08-19 16:20:04.825950,2,1,1,8
8,2026-08-19 16:20:04.825950,5,3,2,9
1,2026-08-19 17:20:04.825950,29,26,3,26
2,2026-08-19 17:20:04.825950,1,0,1,5
3,2026-08-19 17:20:04.825950,25,18,7,18
4,2026-08-19 17:20:04.825950,0,0,0,8
5,2026-08-19 17:20:04.825950,3,2,1,12
6,2026-08-19 17:20:04.825950,3,2,1,11
7,2026-08-19 17:20:04.825950,4,3,1,6
8,2026-08-19 17:20:04.825950,1,0,1,14
1,2026-08-19 18:20:04.825950,23,16,7,16
2,2026-08-19 18:20:04.825950,0,0,0,14
3,2026-08-19 18:20:04.825950,2,1,1,10
4,2026-08-19 18:20:04.825950,16,11,5,11
5,2026-08-19 18:20:04.825950,4,3,1,9
6,2026-08-19 18:20:04.825950,4,2,2,12
7,2026-08-19 18:20:04.825950,0,0,0,11
8,2026-08-19 18:20:04.825950,3,2,1,6
1,2026-08-19 19:20:04.825950,28,24,4,24
2,2026-08-19 19:20:04.825950,3,2,1,15
3,2026-08-19 19:20:04.825950,2,1,1,6
4,2026-08-19 19:20:04.825950,25,21,4,21
5,2026-08-19 19:20:04.825950,0,0,0,9
6,2026-08-19 19:20:04.825950,5,4,1,10
7,2026-08-19 19:20:04.825950,0,0,0,8
8,2026-08-19 19:20:04.825950,1,0,1,7
1,2026-08-19 20:20:04.825950,23,16,7,16
2,2026-08-19 20:20:04.825950,0,0,0,8
3,2026-08-19 20:20:04.825950,5,4,1,10
4,2026-08-19 20:20:04.825950,20,17,3,17
5,2026-08-19 20:20:04.825950,1,0,1,13
6,2026-08-19 20:20:04.825950,1,0,1,15
7,2026-08-19 20:20:04.825950,1,0,1,6
8,2026-08-19 20:20:04.825950,1,0,1,8
1,2026-08-19 21:20:04.825950,2,1,1,10
2,2026-08-19 21:20:04.825950,2,1,1,5
3,2026-08-19 21:20:04.825950,0,0,0,12
4,2026-08-19 21:20:04.825950,12,10,2,10
5,2026-08-19 21:20:04.825950,4,3,1,14
6,2026-08-19 21:20:04.825950,5,4,1,7
7,2026-08-19 21:20:04.825950,0,0,0,8
8,2026-08-19 21:20:04.825950,0,0,0,6
1,2026-08-19 22:20:04.825950,0,0,0,12
2,2026-08-19 22:20:04.825950,3,2,1,13
3,2026-08-19 22:20:04.825950,3,2,1,14
4,2026-08-19 22:20:04.825950,5,3,2,12
5,2026-08-19 22:20:04.825950,3,2,1,9
6,2026-08-19 22:20:04.825950,1,0,1,13
7,2026-08-19 22:20:04.825950,2,1,1,15
8,2026-08-19 22:20:04.825950,5,3,2,12
1,2026-08-19 23:20:04.825950,5,4,1,14
2,2026-08-19 23:20:04.825950,1,0,1,13
3,2026-08-19 23:20:04.825950,1,0,1,7
4,2026-08-19 23:20:04.825950,1,0,1,6
5,2026-08-19 23:20:04.825950,5,3,2,14
6,2026-08-19 23:20:04.825950,0,0,0,9
7,2026-08-19 23:20:04.825950,1,0,1,9
8,2026-08-19 23:20:04.825950,2,1,1,12
1,2026-08-20 00:20:04.825950,5,4,1,13
2,2026-08-20 00:20:04.825950,4,3,1,9
3,2026-08-20 00:20:04.825950,1,0,1,10
4,2026-08-20 00:20:04.825950,5,3,2,5
5,2026-08-20 00:20:04.825950,5,4,1,11
6,2026-08-20 00:20:04.825950,5,3,2,8
7,2026-08-20 00:20:04.825950,1,0,1,15
8,2026-08-20 00:20:04.825950,0,0,0,8
1,2026-08-20 01:20:04.825950,1,0,1,5
2,2026-08-20 01:20:04.825950,4,3,1,10
3,2026-08-20 01:20:04.825950,1,0,1,14
4,2026-08-20 01:20:04.825950,3,2,1,8
5,2026-08-20 01:20:04.825950,3,2,1,13
6,2026-08-20 01:20:04.825950,3,2,1,9
7,2026-08-20 01:20:04.825950,5,4,1,10
8,2026-08-20 01:20:04.825950,2,1,1,7
1,2026-08-20 02:20:04.825950,2,1,1,12
2,2026-08-20 02:20:04.825950,4,3,1,6
3,2026-08-20 02:20:04.825950,5,4,1,13
4,2026-08-20 02:20:04.825950,2,1,1,10
5,2026-08-20 02:20:04.825950,3,2,1,13
6,2026-08-20 02:20:04.825950,1,0,1,12
7,2026-08-20 02:20:04.825950,0,0,0,9
8,2026-08-20 02:20:04.825950,1,0,1,9
1,2026-08-20 03:20:04.825950,3,2,1,6
2,2026-08-20 03:20:04.825950,4,2,2,13
3,2026-08-20 03:20:04.825950,1,0,1,15
4,2026-08-20 03:20:04.825950,1,0,1,8
5,2026-08-20 03:20:04.825950,5,4,1,13
6,2026-08-20 03:20:04.825950,4,3,1,14
7,2026-08-20 03:20:04.825950,4,3,1,13
8,2026-08-20 03:20:04.825950,2,1,1,13
1,2026-08-20 04:20:04.825950,1,0,1,6
2,2026-08-20 04:20:04.825950,5,3,2,15
3,2026-08-20 04:20:04.825950,4,2,2,7
4,2026-08-20 04:20:04.825950,4,3,1,14
5,2026-08-20 04:20:04.825950,3,2,1,9
6,2026-08-20 04:20:04.825950,0,0,0,11
7,2026-08-20 04:20:04.825950,2,1,1,13
8,2026-08-20 04:20:04.825950,3,2,1,12
1,2026-08-20 05:20:04.825950,2,1,1,9
2,2026-08-20 05:20:04.825950,0,0,0,13
3,2026-08-20 05:20:04.825950,5,3,2,14
4,2026-08-20 05:20:04.825950,4,3,1,5
5,2026-08-20 05:20:04.825950,3,2,1,12
6,2026-08-20 05:20:04.825950,1,0,1,8
7,2026-08-20 05:20:04.825950,3,2,1,15
8,2026-08-20 05:20:04.825950,3,2,1,8
1,2026-08-20 06:20:04.825950,1,0,1,6
2,2026-08-20 06:20:04.825950,1,0,1,9
3,2026-08-20 06:20:04.825950,1,0,1,6
4,2026-08-20 06:20:04.825950,5,4,1,15
5,2026-08-20 06:20:04.825950,1,0,1,7
6,2026-08-20 06:20:04.825950,5,3,2,10
7,2026-08-20 06:20:04.825950,0,0,0,13
8,2026-08-20 06:20:04.825950,2,1,1,15
1,2026-08-20 07:20:04.825950,34,25,9,25
2,2026-08-20 07:20:04.825950,2,1,1,13
3,2026-08-20 07:20:04.825950,5,4,1,7
4,2026-08-20 07:20:04.825950,0,0,0,10
5,2026-08-20 07:20:04.825950,2,1,1,5
6,2026-08-20 07:20:04.825950,3,2,1,9
7,2026-08-20 07:20:04.825950,0,0,0,11
8,2026-08-20 07:20:04.825950,4,2,2,12
1,2026-08-20 08:20:04.825950,24,19,5,19
2,2026-08-20 08:20:04.825950,5,4,1,14
3,2026-08-20 08:20:04.825950,19,16,3,16
4,2026-08-20 08:20:04.825950,3,2,1,11
5,2026-08-20 08:20:04.825950,3,2,1,6
6,2026-08-20 08:20:04.825950,2,1,1,9
7,2026-08-20 08:20:04.825950,2,1,1,10
8,2026-08-20 08:20:04.825950,3,2,1,9
1,2026-08-20 09:20:04.825950,19,13,6,13
2,2026-08-20 09:20:04.825950,1,0,1,8
3,2026-08-20 09:20:04.825950,27,22,5,22
4,2026-08-20 09:20:04.825950,5,3,2,14
5,2026-08-20 09:20:04.825950,4,3,1,13
6,2026-08-20 09:20:04.825950,5,3,2,14
7,2026-08-20 09:20:04.825950,0,0,0,15
8,2026-08-20 09:20:04.825950,0,0,0,6
1,2026-08-20 10:20:04.825950,1,0,1,15
2,2026-08-20 10:20:04.825950,5,4,1,11
3,2026-08-20 10:20:04.825950,14,10,4,12
4,2026-08-20 10:20:04.825950,3,2,1,13
5,2026-08-20 10:20:04.825950,0,0,0,15
6,2026-08-20 10:20:04.825950,5,4,1,15
7,2026-08-20 10:20:04.825950,0,0,0,7
8,2026-08-20 10:20:04.825950,0,0,0,10
1,2026-08-20 11:20:04.825950,0,0,0,11
2,2026-08-20 11:20:04.825950,0,0,0,9
3,2026-08-20 11:20:04.825950,2,1,1,10
4,2026-08-20 11:20:04.825950,15,11,4,11
5,2026-08-20 11:20:04.825950,2,1,1,15
6,2026-08-20 11:20:04.825950,2,1,1,7
7,2026-08-20 11:20:04.825950,1,0,1,13
8,2026-08-20 11:20:04.825950,5,3,2,11
1,2026-08-20 12:20:04.825950,2,1,1,7
2,2026-08-20 12:20:04.825950,3,2,1,10
3,2026-08-20 12:20:04.825950,2,1,1,8
4,2026-08-20 12:20:04.825950,16,11,5,11
5,2026-08-20 12:20:04.825950,5,3,2,14
6,2026-08-20 12:20:04.825950,3,2,1,11
7,2026-08-20 12:20:04.825950,1,0,1,12
8,2026-08-20 12:20:04.825950,2,1,1,12
1,2026-08-20 13:20:04.825950,2,1,1,7
2,2026-08-20 13:20:04.825950,2,1,1,8
3,2026-08-20 13:20:04.825950,4,3,1,13
4,2026-08-20 13:20:04.825950,25,20,5,20
5,2026-08-20 13:20:04.825950,4,2,2,14
6,2026-08-20 13:20:04.825950,5,3,2,6
7,2026-08-20 13:20:04.825950,0,0,0,15
8,2026-08-20 13:20:04.825950,3,2,1,7
1,2026-08-20 14:20:04.825950,5,3,2,10
2,2026-08-20 14:20:04.825950,3,2,1,11
3,2026-08-20 14:20:04.825950,0,0,0,9
4,2026-08-20 14:20:04.825950,4,3,1,6
5,2026-08-20 14:20:04.825950,2,1,1,12
6,2026-08-20 14:20:04.825950,0,0,0,7
7,2026-08-20 14:20:04.825950,5,4,1,5
8,2026-08-20 14:20:04.825950,3,2,1,8
1,2026-08-20 15:20:04.825950,1,0,1,12
2,2026-08-20 15:20:04.825950,5,4,1,7
3,2026-08-20 15:20:04.825950,19,14,5,14
4,2026-08-20 15:20:04.825950,4,3,1,12
5,2026-08-20 15:20:04.825950,3,2,1,14
6,2026-08-20 15:20:04.825950,1,0,1,13
7,2026-08-20 15:20:04.825950,4,3,1,14
8,2026-08-20 15:20:04.825950,3,2,1,10
1,2026-08-20 16:20:04.825950,2,1,1,10
2,2026-08-20 16:20:04.825950,1,0,1,10
3,2026-08-20 16:20:04.825950,14,10,4,10
4,2026-08-20 16:20:04.825950,4,3,1,6
5,2026-08-20 16:20:04.825950,4,3,1,13
6,2026-08-20 16:20:04.825950,2,1,1,14
7,2026-08-20 16:20:04.825950,1,0,1,15
8,2026-08-20 16:20:04.825950,4,3,1,8
1,2026-08-20 17:20:04.825950,26,21,5,21
2,2026-08-20 17:20:04.825950,3,2,1,12
3,2026-08-20 17:20:04.825950,27,19,8,19
4,2026-08-20 17:20:04.825950,0,0,0,13
5,2026-08-20 17:20:04.825950,5,3,2,10
6,2026-08-20 17:20:04.825950,3,2,1,7
7,2026-08-20 17:20:04.825950,0,0,0,6
8,2026-08-20 17:20:04.825950,5,3,2,9
1,2026-08-20 18:20:04.825950,20,16,4,16
2,2026-08-20 18:20:04.825950,3,2,1,7
3,2026-08-20 18:20:04.825950,3,2,1,12
4,2026-08-20 18:20:04.825950,20,16,4,16
5,2026-08-20 18:20:04.825950,2,1,1,13
6,2026-08-20 18:20:04.825950,3,2,1,13
7,2026-08-20 18:20:04.825950,5,4,1,5
8,2026-08-20 18:20:04.825950,4,2,2,10
1,2026-08-20 19:20:04.825950,22,18,4,18
2,2026-08-20 19:20:04.825950,4,2,2,11
3,2026-08-20 19:20:04.825950,5,3,2,8
4,2026-08-20 19:20:04.825950,20,17,3,17
5,2026-08-20 19:20:04.825950,1,0,1,12
6,2026-08-20 19:20:04.825950,5,3,2,6
7,2026-08-20 19:20:04.825950,0,0,0,14
8,2026-08-20 19:20:04.825950,5,4,1,11
1,2026-08-20 20:20:04.825950,30,25,5,25
2,2026-08-20 20:20:04.825950,2,1,1,9
3,2026-08-20 20:20:04.825950,2,1,1,11
4,2026-08-20 20:20:04.825950,19,13,6,13
5,2026-08-20 20:20:04.825950,3,2,1,10
6,2026-08-20 20:20:04.825950,5,4,1,10
7,2026-08-20 20:20:04.825950,3,2,1,13
8,2026-08-20 20:20:04.825950,2,1,1,14
1,2026-08-20 21:20:04.825950,0,0,0,5
2,2026-08-20 21:20:04.825950,5,3,2,7
3,2026-08-20 21:20:04.825950,0,0,0,13
4,2026-08-20 21:20:04.825950,10,7,3,9
5,2026-08-20 21:20:04.825950,0,0,0,14
6,2026-08-20 21:20:04.825950,4,3,1,6
7,2026-08-20 21:20:04.825950,1,0,1,14
8,2026-08-20 21:20:04.825950,3,2,1,8
1,2026-08-20 22:20:04.825950,2,1,1,15
2,2026-08-20 22:20:04.825950,1,0,1,14
3,2026-08-20 22:20:04.825950,1,0,1,7
4,2026-08-20 22:20:04.825950,4,2,2,12
5,2026-08-20 22:20:04.825950,0,0,0,13
6,2026-08-20 22:20:04.825950,0,0,0,9
7,2026-08-20 22:20:04.825950,2,1,1,15
8,2026-08-20 22:20:04.825950,1,0,1,7
1,2026-08-20 23:20:04.825950,0,0,0,14
2,2026-08-20 23:20:04.825950,1,0,1,10
3,2026-08-20 23:20:04.825950,3,2,1,13
4,2026-08-20 23:20:04.825950,3,2,1,6
5,2026-08-20 23:20:04.825950,5,4,1,10
6,2026-08-20 23:20:04.825950,1,0,1,8
7,2026-08-20 23:20:04.825950,3,2,1,11
8,2026-08-20 23:20:04.825950,0,0,0,12
1,2026-08-21 00:20:04.825950,5,4,1,14
2,2026-08-21 00:20:04.825950,0,0,0,6
3,2026-08-21 00:20:04.825950,5,4,1,13
4,2026-08-21 00:20:04.825950,4,3,1,13
5,2026-08-21 00:20:04.825950,4,3,1,13
6,2026-08-21 00:20:04.825950,5,3,2,10
7,2026-08-21 00:20:04.825950,1,0,1,8
8,2026-08-21 00:20:04.825950,2,1,1,11
1,2026-08-21 01:20:04.825950,3,2,1,6
2,2026-08-21 01:20:04.825950,3,2,1,6
3,2026-08-21 01:20:04.825950,2,1,1,14
4,2026-08-21 01:20:04.825950,3,2,1,9
5,2026-08-21 01:20:04.825950,5,4,1,13
6,2026-08-21 01:20:04.825950,0,0,0,6
7,2026-08-21 01:20:04.825950,2,1,1,14
8,2026-08-21 01:20:04.825950,4,2,2,10
1,2026-08-21 02:20:04.825950,5,3,2,5
2,2026-08-21 02:20:04.825950,0,0,0,11
3,2026-08-21 02:20:04.825950,1,0,1,13
4,2026-08-21 02:20:04.825950,0,0,0,15
5,2026-08-21 02:20:04.825950,3,2,1,13
6,2026-08-21 02:20:04.825950,1,0,1,15
7,2026-08-21 02:20:04.825950,5,3,2,8
8,2026-08-21 02:20:04.825950,0,0,0,7
1,2026-08-21 03:20:04.825950,1,0,1,6
2,2026-08-21 03:20:04.825950,5,3,2,8
3,2026-08-21 03:20:04.825950,4,3,1,5
4,2026-08-21 03:20:04.825950,0,0,0,8
5,2026-08-21 03:20:04.825950,5,3,2,9
6,2026-08-21 03:20:04.825950,0,0,0,15
7,2026-08-21 03:20:04.825950,2,1,1,11
8,2026-08-21 03:20:04.825950,1,0,1,11
1,2026-08-21 04:20:04.825950,0,0,0,14
2,2026-08-21 04:20:04.825950,1,0,1,9
3,2026-08-21 04:20:04.825950,3,2,1,15
4,2026-08-21 04:20:04.825950,2,1,1,15
5,2026-08-21 04:20:04.825950,5,4,1,11
6,2026-08-21 04:20:04.825950,5,3,2,11
7,2026-08-21 04:20:04.825950,3,2,1,8
8,2026-08-21 04:20:04.825950,3,2,1,5
1,2026-08-21 05:20:04.825950,5,4,1,5
2,2026-08-21 05:20:04.825950,5,4,1,7
3,2026-08-21 05:20:04.825950,5,4,1,6
4,2026-08-21 05:20:04.825950,5,3,2,7
5,2026-08-21 05:20:04.825950,3,2,1,13
6,2026-08-21 05:20:04.825950,2,1,1,9
7,2026-08-21 05:20:04.825950,5,4,1,11
8,2026-08-21 05:20:04.825950,2,1,1,9
1,2026-08-21 06:20:04.825950,4,3,1,6
2,2026-08-21 06:20:04.825950,3,2,1,8
3,2026-08-21 06:20:04.825950,0,0,0,12
4,2026-08-21 06:20:04.825950,1,0,1,5
5,2026-08-21 06:20:04.825950,3,2,1,6
6,2026-08-21 06:20:04.825950,1,0,1,11
7,2026-08-21 06:20:04.825950,1,0,1,6
8,2026-08-21 06:20:04.825950,1,0,1,10
1,2026-08-21 07:20:04.825950,22,17,5,17
2,2026-08-21 07:20:04.825950,5,4,1,8
3,2026-08-21 07:20:04.825950,1,0,1,5
4,2026-08-21 07:20:04.825950,4,2,2,7
5,2026-08-21 07:20:04.825950,2,1,1,9
6,2026-08-21 07:20:04.825950,1,0,1,8
7,2026-08-21 07:20:04.825950,5,3,2,11
8,2026-08-21 07:20:04.825950,1,0,1,13
1,2026-08-21 08:20:04.825950,22,16,6,16
2,2026-08-21 08:20:04.825950,2,1,1,12
3,2026-08-21 08:20:04.825950,24,17,7,17
4,2026-08-21 08:20:04.825950,4,3,1,13
5,2026-08-21 08:20:04.825950,1,0,1,10
6,2026-08-21 08:20:04.825950,0,0,0,6
7,2026-08-21 08:20:04.825950,3,2,1,5
8,2026-08-21 08:20:04.825950,4,3,1,10
1,2026-08-21 09:20:04.825950,18,13,5,13
2,2026-08-21 09:20:04.825950,5,3,2,11
3,2026-08-21 09:20:04.825950,11,9,2,14
4,2026-08-21 09:20:04.825950,0,0,0,15
5,2026-08-21 09:20:04.825950,0,0,0,6
6,2026-08-21 09:20:04.825950,0,0,0,12
7,2026-08-21 09:20:04.825950,4,3,1,9
8,2026-08-21 09:20:04.825950,5,4,1,12
1,2026-08-21 10:20:04.825950,5,3,2,12
2,2026-08-21 10:20:04.825950,4,3,1,15
3,2026-08-21 10:20:04.825950,28,24,4,24
4,2026-08-21 10:20:04.825950,3,2,1,10
5,2026-08-21 10:20:04.825950,1,0,1,15
6,2026-08-21 10:20:04.825950,5,3,2,11
7,2026-08-21 10:20:04.825950,2,1,1,10
8,2026-08-21 10:20:04.825950,5,3,2,9
1,2026-08-21 11:20:04.825950,1,0,1,11
2,2026-08-21 11:20:04.825950,5,4,1,8
3,2026-08-21 11:20:04.825950,3,2,1,15
4,2026-08-21 11:20:04.825950,15,13,2,13
5,2026-08-21 11:20:04.825950,3,2,1,12
6,2026-08-21 11:20:04.825950,3,2,1,12
7,2026-08-21 11:20:04.825950,2,1,1,15
8,2026-08-21 11:20:04.825950,3,2,1,13
1,2026-08-21 12:20:04.825950,1,0,1,8
2,2026-08-21 12:20:04.825950,4,2,2,15
3,2026-08-21 12:20:04.825950,4,3,1,12
4,2026-08-21 12:20:04.825950,20,15,5,15
5,2026-08-21 12:20:04.825950,1,0,1,12
6,2026-08-21 12:20:04.825950,0,0,0,12
7,2026-08-21 12:20:04.825950,2,1,1,14
8,2026-08-21 12:20:04.825950,3,2,1,8
1,2026-08-21 13:20:04.825950,2,1,1,7
2,2026-08-21 13:20:04.825950,5,3,2,13
3,2026-08-21 13:20:04.825950,3,2,1,12
4,2026-08-21 13:20:04.825950,13,10,3,15
5,2026-08-21 13:20:04.825950,1,0,1,15
6,2026-08-21 13:20:04.825950,4,3,1,15
7,2026-08-21 13:20:04.825950,3,2,1,8
8,2026-08-21 13:20:04.825950,1,0,1,12
1,2026-08-21 14:20:04.825950,1,0,1,7
2,2026-08-21 14:20:04.825950,3,2,1,14
3,2026-08-21 14:20:04.825950,4,3,1,5
4,2026-08-21 14:20:04.825950,5,3,2,6
5,2026-08-21 14:20:04.825950,0,0,0,5
6,2026-08-21 14:20:04.825950,2,1,1,10
7,2026-08-21 14:20:04.825950,2,1,1,7
8,2026-08-21 14:20:04.825950,1,0,1,6
1,2026-08-21 15:20:04.825950,2,1,1,10
2,2026-08-21 15:20:04.825950,4,3,1,12
3,2026-08-21 15:20:04.825950,23,19,4,19
4,2026-08-21 15:20:04.825950,2,1,1,13
5,2026-08-21 15:20:04.825950,1,0,1,7
6,2026-08-21 15:20:04.825950,1,0,1,13
7,2026-08-21 15:20:04.825950,4,3,1,13
8,2026-08-21 15:20:04.825950,4,3,1,9
1,2026-08-21 16:20:04.825950,5,4,1,8
2,2026-08-21 16:20:04.825950,0,0,0,7
3,2026-08-21 16:20:04.825950,16,13,3,13
4,2026-08-21 16:20:04.825950,3,2,1,12
5,2026-08-21 16:20:04.825950,1,0,1,14
6,2026-08-21 16:20:04.825950,5,4,1,10
7,2026-08-21 16:20:04.825950,3,2,1,7
8,2026-08-21 16:20:04.825950,3,2,1,12
1,2026-08-21 17:20:04.825950,31,27,4,27
2,2026-08-21 17:20:04.825950,2,1,1,7
3,2026-08-21 17:20:04.825950,23,19,4,19
4,2026-08-21 17:20:04.825950,0,0,0,15
5,2026-08-21 17:20:04.825950,1,0,1,10
6,2026-08-21 17:20:04.825950,2,1,1,6
7,2026-08-21 17:20:04.825950,2,1,1,12
8,2026-08-21 17:20:04.825950,0,0,0,14
1,2026-08-21 18:20:04.825950,23,17,6,17
2,2026-08-21 18:20:04.825950,1,0,1,13
3,2026-08-21 18:20:04.825950,0,0,0,7
4,2026-08-21 18:20:04.825950,20,14,6,14
5,2026-08-21 18:20:04.825950,2,1,1,11
6,2026-08-21 18:20:04.825950,2,1,1,15
7,2026-08-21 18:20:04.825950,3,2,1,10
8,2026-08-21 18:20:04.825950,4,2,2,14
1,2026-08-21 19:20:04.825950,15,11,4,11
2,2026-08-21 19:20:04.825950,3,2,1,5
3,2026-08-21 19:20:04.825950,5,4,1,11
4,2026-08-21 19:20:04.825950,17,14,3,14
5,2026-08-21 19:20:04.825950,3,2,1,7
6,2026-08-21 19:20:04.825950,2,1,1,13
7,2026-08-21 19:20:04.825950,1,0,1,9
8,2026-08-21 19:20:04.825950,0,0,0,15
1,2026-08-21 20:20:04.825950,25,21,4,21
2,2026-08-21 20:20:04.825950,0,0,0,6
3,2026-08-21 20:20:04.825950,1,0,1,10
4,2026-08-21 20:20:04.825950,12,9,3,9
5,2026-08-21 20:20:04.825950,0,0,0,5
6,2026-08-21 20:20:04.825950,5,3,2,10
7,2026-08-21 20:20:04.825950,4,2,2,14
8,2026-08-21 20:20:04.825950,5,4,1,12
1,2026-08-21 21:20:04.825950,5,4,1,15
2,2026-08-21 21:20:04.825950,0,0,0,5
3,2026-08-21 21:20:04.825950,5,3,2,6
4,2026-08-21 21:20:04.825950,12,10,2,10
5,2026-08-21 21:20:04.825950,0,0,0,15
6,2026-08-21 21:20:04.825950,1,0,1,6
7,2026-08-21 21:20:04.825950,3,2,1,13
8,2026-08-21 21:20:04.825950,1,0,1,8
1,2026-08-21 22:20:04.825950,5,4,1,14
2,2026-08-21 22:20:04.825950,5,3,2,9
3,2026-08-21 22:20:04.825950,5,4,1,5
4,2026-08-21 22:20:04.825950,3,2,1,5
5,2026-08-21 22:20:04.825950,0,0,0,8
6,2026-08-21 22:20:04.825950,2,1,1,13
7,2026-08-21 22:20:04.825950,4,3,1,6
8,2026-08-21 22:20:04.825950,5,4,1,8
1,2026-08-21 23:20:04.825950,1,0,1,8
2,2026-08-21 23:20:04.825950,1,0,1,14
3,2026-08-21 23:20:04.825950,2,1,1,13
4,2026-08-21 23:20:04.825950,5,3,2,11
5,2026-08-21 23:20:04.825950,2,1,1,8
6,2026-08-21 23:20:04.825950,4,2,2,15
7,2026-08-21 23:20:04.825950,2,1,1,7
8,2026-08-21 23:20:04.825950,0,0,0,12
1,2026-08-22 00:20:04.825950,2,1,1,5
2,2026-08-22 00:20:04.825950,4,3,1,11
3,2026-08-22 00:20:04.825950,0,0,0,12
4,2026-08-22 00:20:04.825950,0,0,0,15
5,2026-08-22 00:20:04.825950,0,0,0,10
6,2026-08-22 00:20:04.825950,5,4,1,15
7,2026-08-22 00:20:04.825950,0,0,0,10
8,2026-08-22 00:20:04.825950,3,2,1,12
1,2026-08-22 01:20:04.825950,2,1,1,12
2,2026-08-22 01:20:04.825950,2,1,1,8
3,2026-08-22 01:20:04.825950,1,0,1,5
4,2026-08-22 01:20:04.825950,5,3,2,12
5,2026-08-22 01:20:04.825950,3,2,1,11
6,2026-08-22 01:20:04.825950,3,2,1,12
7,2026-08-22 01:20:04.825950,3,2,1,11
8,2026-08-22 01:20:04.825950,3,2,1,7
1,2026-08-22 02:20:04.825950,2,1,1,15
2,2026-08-22 02:20:04.825950,1,0,1,5
3,2026-08-22 02:20:04.825950,3,2,1,15
4,2026-08-22 02:20:04.825950,1,0,1,7
5,2026-08-22 02:20:04.825950,1,0,1,11
6,2026-08-22 02:20:04.825950,3,2,1,10
7,2026-08-22 02:20:04.825950,1,0,1,11
8,2026-08-22 02:20:04.825950,1,0,1,13
1,2026-08-22 03:20:04.825950,2,1,1,12
2,2026-08-22 03:20:04.825950,4,3,1,11
3,2026-08-22 03:20:04.825950,3,2,1,7
4,2026-08-22 03:20:04.825950,3,2,1,5
5,2026-08-22 03:20:04.825950,2,1,1,6
6,2026-08-22 03:20:04.825950,2,1,1,14
7,2026-08-22 03:20:04.825950,2,1,1,13
8,2026-08-22 03:20:04.825950,3,2,1,11
1,2026-08-22 04:20:04.825950,3,2,1,9
2,2026-08-22 04:20:04.825950,5,3,2,15
3,2026-08-22 04:20:04.825950,2,1,1,11
4,2026-08-22 04:20:04.825950,4,2,2,7
5,2026-08-22 04:20:04.825950,4,3,1,10
6,2026-08-22 04:20:04.825950,5,4,1,10
7,2026-08-22 04:20:04.825950,4,3,1,6
8,2026-08-22 04:20:04.825950,0,0,0,11
1,2026-08-22 05:20:04.825950,1,0,1,10
2,2026-08-22 05:20:04.825950,5,3,2,10
3,2026-08-22 05:20:04.825950,5,4,1,12
4,2026-08-22 05:20:04.825950,2,1,1,14
5,2026-08-22 05:20:04.825950,2,1,1,7
6,2026-08-22 05:20:04.825950,2,1,1,14
7,2026-08-22 05:20:04.825950,1,0,1,14
8,2026-08-22 05:20:04.825950,1,0,1,8
1,2026-08-22 06:20:04.825950,3,2,1,5
2,2026-08-22 06:20:04.825950,2,1,1,6
3,2026-08-22 06:20:04.825950,3,2,1,14
4,2026-08-22 06:20:04.825950,2,1,1,12
5,2026-08-22 06:20:04.825950,3,2,1,9
6,2026-08-22 06:20:04.825950,0,0,0,8
7,2026-08-22 06:20:04.825950,2,1,1,10
8,2026-08-22 06:20:04.825950,0,0,0,8
1,2026-08-22 07:20:04.825950,20,15,5,15
2,2026-08-22 07:20:04.825950,3,2,1,9
3,2026-08-22 07:20:04.825950,2,1,1,10
4,2026-08-22 07:20:04.825950,4,3,1,8
5,2026-08-22 07:20:04.825950,5,3,2,14
6,2026-08-22 07:20:04.825950,4,2,2,5
7,2026-08-22 07:20:04.825950,5,4,1,13
8,2026-08-22 07:20:04.825950,4,3,1,11
1,2026-08-22 08:20:04.825950,18,13,5,13
2,2026-08-22 08:20:04.825950,1,0,1,5
3,2026-08-22 08:20:04.825950,5,4,1,11
4,2026-08-22 08:20:04.825950,0,0,0,7
5,2026-08-22 08:20:04.825950,3,2,1,13
6,2026-08-22 08:20:04.825950,1,0,1,10
7,2026-08-22 08:20:04.825950,0,0,0,12
8,2026-08-22 08:20:04.825950,2,1,1,14
1,2026-08-22 09:20:04.825950,27,19,8,19
2,2026-08-22 09:20:04.825950,2,1,1,6
3,2026-08-22 09:20:04.825950,0,0,0,13
4,2026-08-22 09:20:04.825950,3,2,1,10
5,2026-08-22 09:20:04.825950,5,3,2,5
6,2026-08-22 09:20:04.825950,5,3,2,10
7,2026-08-22 09:20:04.825950,3,2,1,14
8,2026-08-22 09:20:04.825950,0,0,0,10
1,2026-08-22 10:20:04.825950,4,3,1,5
2,2026-08-22 10:20:04.825950,4,2,2,7
3,2026-08-22 10:20:04.825950,3,2,1,6
4,2026-08-22 10:20:04.825950,1,0,1,13
5,2026-08-22 10:20:04.825950,1,0,1,8
6,2026-08-22 10:20:04.825950,0,0,0,10
7,2026-08-22 10:20:04.825950,2,1,1,10
8,2026-08-22 10:20:04.825950,0,0,0,13
1,2026-08-22 11:20:04.825950,0,0,0,15
2,2026-08-22 11:20:04.825950,3,2,1,13
3,2026-08-22 11:20:04.825950,0,0,0,12
4,2026-08-22 11:20:04.825950,12,10,2,10
5,2026-08-22 11:20:04.825950,1,0,1,15
6,2026-08-22 11:20:04.825950,5,4,1,5
7,2026-08-22 11:20:04.825950,5,4,1,8
8,2026-08-22 11:20:04.825950,3,2,1,8
1,2026-08-22 12:20:04.825950,1,0,1,7
2,2026-08-22 12:20:04.825950,4,3,1,11
3,2026-08-22 12:20:04.825950,5,4,1,5
4,2026-08-22 12:20:04.825950,18,14,4,15
5,2026-08-22 12:20:04.825950,5,4,1,13
6,2026-08-22 12:20:04.825950,0,0,0,14
7,2026-08-22 12:20:04.825950,0,0,0,14
8,2026-08-22 12:20:04.825950,3,2,1,6
1,2026-08-22 13:20:04.825950,4,3,1,13
2,2026-08-22 13:20:04.825950,1,0,1,7
3,2026-08-22 13:20:04.825950,4,2,2,15
4,2026-08-22 13:20:04.825950,24,18,6,18
5,2026-08-22 13:20:04.825950,2,1,1,7
6,2026-08-22 13:20:04.825950,1,0,1,9
7,2026-08-22 13:20:04.825950,2,1,1,9
8,2026-08-22 13:20:04.825950,3,2,1,9
1,2026-08-22 14:20:04.825950,3,2,1,14
2,2026-08-22 14:20:04.825950,5,4,1,11
3,2026-08-22 14:20:04.825950,1,0,1,5
4,2026-08-22 14:20:04.825950,3,2,1,8
5,2026-08-22 14:20:04.825950,1,0,1,9
6,2026-08-22 14:20:04.825950,5,4,1,14
7,2026-08-22 14:20:04.825950,2,1,1,5
8,2026-08-22 14:20:04.825950,5,4,1,14
1,2026-08-22 15:20:04.825950,2,1,1,5
2,2026-08-22 15:20:04.825950,2,1,1,7
3,2026-08-22 15:20:04.825950,2,1,1,11
4,2026-08-22 15:20:04.825950,5,3,2,11
5,2026-08-22 15:20:04.825950,4,3,1,12
6,2026-08-22 15:20:04.825950,3,2,1,9
7,2026-08-22 15:20:04.825950,5,4,1,8
8,2026-08-22 15:20:04.825950,0,0,0,5
1,2026-08-22 16:20:04.825950,0,0,0,5
2,2026-08-22 16:20:04.825950,2,1,1,9
3,2026-08-22 16:20:04.825950,3,2,1,14
4,2026-08-22 16:20:04.825950,1,0,1,10
5,2026-08-22 16:20:04.825950,1,0,1,11
6,2026-08-22 16:20:04.825950,5,4,1,6
7,2026-08-22 16:20:04.825950,2,1,1,5
8,2026-08-22 16:20:04.825950,2,1,1,6
1,2026-08-22 17:20:04.825950,21,15,6,15
2,2026-08-22 17:20:04.825950,0,0,0,15
3,2026-08-22 17:20:04.825950,0,0,0,12
4,2026-08-22 17:20:04.825950,1,0,1,6
5,2026-08-22 17:20:04.825950,5,3,2,14
6,2026-08-22 17:20:04.825950,5,4,1,9
7,2026-08-22 17:20:04.825950,0,0,0,12
8,2026-08-22 17:20:04.825950,0,0,0,7
1,2026-08-22 18:20:04.825950,18,14,4,14
2,2026-08-22 18:20:04.825950,0,0,0,11
3,2026-08-22 18:20:04.825950,3,2,1,5
4,2026-08-22 18:20:04.825950,14,11,3,11
5,2026-08-22 18:20:04.825950,5,3,2,12
6,2026-08-22 18:20:04.825950,1,0,1,5
7,2026-08-22 18:20:04.825950,5,3,2,8
8,2026-08-22 18:20:04.825950,1,0,1,5
1,2026-08-22 19:20:04.825950,21,18,3,18
2,2026-08-22 19:20:04.825950,4,3,1,12
3,2026-08-22 19:20:04.825950,1,0,1,5
4,2026-08-22 19:20:04.825950,17,12,5,12
5,2026-08-22 19:20:04.825950,3,2,1,13
6,2026-08-22 19:20:04.825950,1,0,1,10
7,2026-08-22 19:20:04.825950,5,4,1,7
8,2026-08-22 19:20:04.825950,2,1,1,10
1,2026-08-22 20:20:04.825950,23,18,5,18
2,2026-08-22 20:20:04.825950,3,2,1,9
3,2026-08-22 20:20:04.825950,1,0,1,12
4,2026-08-22 20:20:04.825950,23,17,6,17
5,2026-08-22 20:20:04.825950,0,0,0,7
6,2026-08-22 20:20:04.825950,2,1,1,15
7,2026-08-22 20:20:04.825950,3,2,1,13
8,2026-08-22 20:20:04.825950,5,3,2,5
1,2026-08-22 21:20:04.825950,2,1,1,15
2,2026-08-22 21:20:04.825950,1,0,1,13
3,2026-08-22 21:20:04.825950,5,4,1,7
4,2026-08-22 21:20:04.825950,16,14,2,14
5,2026-08-22 21:20:04.825950,5,3,2,11
6,2026-08-22 21:20:04.825950,0,0,0,13
7,2026-08-22 21:20:04.825950,0,0,0,14
8,2026-08-22 21:20:04.825950,0,0,0,13
1,2026-08-22 22:20:04.825950,5,4,1,8
2,2026-08-22 22:20:04.825950,5,4,1,10
3,2026-08-22 22:20:04.825950,3,2,1,10
4,2026-08-22 22:20:04.825950,4,3,1,13
5,2026-08-22 22:20:04.825950,5,4,1,8
6,2026-08-22 22:20:04.825950,4,3,1,11
7,2026-08-22 22:20:04.825950,5,4,1,6
8,2026-08-22 22:20:04.825950,1,0,1,12
1,2026-08-22 23:20:04.825950,1,0,1,8
2,2026-08-22 23:20:04.825950,5,3,2,13
3,2026-08-22 23:20:04.825950,0,0,0,6
4,2026-08-22 23:20:04.825950,5,4,1,8
5,2026-08-22 23:20:04.825950,3,2,1,8
6,2026-08-22 23:20:04.825950,4,3,1,8
7,2026-08-22 23:20:04.825950,0,0,0,9
8,2026-08-22 23:20:04.825950,0,0,0,15
1,2026-08-23 00:20:04.825950,0,0,0,12
2,2026-08-23 00:20:04.825950,0,0,0,10
3,2026-08-23 00:20:04.825950,5,3,2,14
4,2026-08-23 00:20:04.825950,2,1,1,10
5,2026-08-23 00:20:04.825950,1,0,1,14
6,2026-08-23 00:20:04.825950,4,3,1,15
7,2026-08-23 00:20:04.825950,4,3,1,15
8,2026-08-23 00:20:04.825950,3,2,1,12
1,2026-08-23 01:20:04.825950,2,1,1,9
2,2026-08-23 01:20:04.825950,5,3,2,11
3,2026-08-23 01:20:04.825950,4,3,1,11
4,2026-08-23 01:20:04.825950,5,4,1,10
5,2026-08-23 01:20:04.825950,5,3,2,5
6,2026-08-23 01:20:04.825950,3,2,1,12
7,2026-08-23 01:20:04.825950,0,0,0,13
8,2026-08-23 01:20:04.825950,0,0,0,15
1,2026-08-23 02:20:04.825950,0,0,0,10
2,2026-08-23 02:20:04.825950,1,0,1,12
3,2026-08-23 02:20:04.825950,0,0,0,13
4,2026-08-23 02:20:04.825950,5,4,1,8
5,2026-08-23 02:20:04.825950,4,3,1,5
6,2026-08-23 02:20:04.825950,5,3,2,15
7,2026-08-23 02:20:04.825950,0,0,0,12
8,2026-08-23 02:20:04.825950,0,0,0,12
1,2026-08-23 03:20:04.825950,2,1,1,11
2,2026-08-23 03:20:04.825950,4,3,1,5
3,2026-08-23 03:20:04.825950,2,1,1,13
4,2026-08-23 03:20:04.825950,3,2,1,12
5,2026-08-23 03:20:04.825950,2,1,1,5
6,2026-08-23 03:20:04.825950,2,1,1,11
7,2026-08-23 03:20:04.825950,0,0,0,6
8,2026-08-23 03:20:04.825950,1,0,1,8
1,2026-08-23 04:20:04.825950,0,0,0,15
2,2026-08-23 04:20:04.825950,1,0,1,5
3,2026-08-23 04:20:04.825950,2,1,1,10
4,2026-08-23 04:20:04.825950,5,4,1,12
5,2026-08-23 04:20:04.825950,1,0,1,6
6,2026-08-23 04:20:04.825950,0,0,0,7
7,2026-08-23 04:20:04.825950,5,4,1,14
8,2026-08-23 04:20:04.825950,4,2,2,12
1,2026-08-23 05:20:04.825950,2,1,1,11
2,2026-08-23 05:20:04.825950,0,0,0,10
3,2026-08-23 05:20:04.825950,5,4,1,11
4,2026-08-23 05:20:04.825950,3,2,1,11
5,2026-08-23 05:20:04.825950,4,3,1,6
6,2026-08-23 05:20:04.825950,0,0,0,15
7,2026-08-23 05:20:04.825950,2,1,1,13
8,2026-08-23 05:20:04.825950,1,0,1,7
1,2026-08-23 06:20:04.825950,0,0,0,6
2,2026-08-23 06:20:04.825950,4,2,2,8
3,2026-08-23 06:20:04.825950,3,2,1,13
4,2026-08-23 06:20:04.825950,2,1,1,12
5,2026-08-23 06:20:04.825950,0,0,0,15
6,2026-08-23 06:20:04.825950,1,0,1,6
7,2026-08-23 06:20:04.825950,4,2,2,8
8,2026-08-23 06:20:04.825950,1,0,1,11
1,2026-08-23 07:20:04.825950,26,18,8,18
2,2026-08-23 07:20:04.825950,0,0,0,9
3,2026-08-23 07:20:04.825950,4,3,1,9
4,2026-08-23 07:20:04.825950,1,0,1,8
5,2026-08-23 07:20:04.825950,3,2,1,8
6,2026-08-23 07:20:04.825950,5,3,2,12
7,2026-08-23 07:20:04.825950,1,0,1,11
8,2026-08-23 07:20:04.825950,4,3,1,13
1,2026-08-23 08:20:04.825950,19,15,4,15
2,2026-08-23 08:20:04.825950,1,0,1,6
3,2026-08-23 08:20:04.825950,3,2,1,6
4,2026-08-23 08:20:04.825950,4,2,2,15
5,2026-08-23 08:20:04.825950,3,2,1,10
6,2026-08-23 08:20:04.825950,1,0,1,11
7,2026-08-23 08:20:04.825950,0,0,0,5
8,2026-08-23 08:20:04.825950,2,1,1,5
1,2026-08-23 09:20:04.825950,27,21,6,21
2,2026-08-23 09:20:04.825950,1,0,1,7
3,2026-08-23 09:20:04.825950,3,2,1,13
4,2026-08-23 09:20:04.825950,3,2,1,15
5,2026-08-23 09:20:04.825950,1,0,1,13
6,2026-08-23 09:20:04.825950,2,1,1,6
7,2026-08-23 09:20:04.825950,3,2,1,11
8,2026-08-23 09:20:04.825950,0,0,0,7
1,2026-08-23 10:20:04.825950,5,3,2,9
2,2026-08-23 10:20:04.825950,3,2,1,15
3,2026-08-23 10:20:04.825950,2,1,1,13
4,2026-08-23 10:20:04.825950,4,3,1,9
5,2026-08-23 10:20:04.825950,3,2,1,11
6,2026-08-23 10:20:04.825950,5,4,1,13
7,2026-08-23 10:20:04.825950,5,4,1,15
8,2026-08-23 10:20:04.825950,4,2,2,10
1,2026-08-23 11:20:04.825950,0,0,0,10
2,2026-08-23 11:20:04.825950,4,3,1,15
3,2026-08-23 11:20:04.825950,0,0,0,9
4,2026-08-23 11:20:04.825950,16,13,3,13
5,2026-08-23 11:20:04.825950,2,1,1,10
6,2026-08-23 11:20:04.825950,1,0,1,10
7,2026-08-23 11:20:04.825950,2,1,1,10
8,2026-08-23 11:20:04.825950,4,3,1,9
1,2026-08-23 12:20:04.825950,2,1,1,15
2,2026-08-23 12:20:04.825950,5,3,2,14
3,2026-08-23 12:20:04.825950,1,0,1,9
4,2026-08-23 12:20:04.825950,21,17,4,17
5,2026-08-23 12:20:04.825950,4,3,1,12
6,2026-08-23 12:20:04.825950,4,3,1,6
7,2026-08-23 12:20:04.825950,5,4,1,9
8,2026-08-23 12:20:04.825950,5,3,2,14
1,2026-08-23 13:20:04.825950,5,4,1,7
2,2026-08-23 13:20:04.825950,5,4,1,10
3,2026-08-23 13:20:04.825950,1,0,1,9
4,2026-08-23 13:20:04.825950,21,16,5,16
5,2026-08-23 13:20:04.825950,2,1,1,9
6,2026-08-23 13:20:04.825950,0,0,0,13
7,2026-08-23 13:20:04.825950,3,2,1,8
8,2026-08-23 13:20:04.825950,2,1,1,12
1,2026-08-23 14:20:04.825950,4,3,1,9
2,2026-08-23 14:20:04.825950,4,3,1,8
3,2026-08-23 14:20:04.825950,2,1,1,11
4,2026-08-23 14:20:04.825950,5,4,1,14
5,2026-08-23 14:20:04.825950,0,0,0,11
6,2026-08-23 14:20:04.825950,2,1,1,7
7,2026-08-23 14:20:04.825950,0,0,0,5
8,2026-08-23 14:20:04.825950,0,0,0,9
1,2026-08-23 15:20:04.825950,0,0,0,9
2,2026-08-23 15:20:04.825950,1,0,1,15
3,2026-08-23 15:20:04.825950,3,2,1,15
4,2026-08-23 15:20:04.825950,4,2,2,6
5,2026-08-23 15:20:04.825950,2,1,1,9
6,2026-08-23 15:20:04.825950,2,1,1,8
7,2026-08-23 15:20:04.825950,1,0,1,14
8,2026-08-23 15:20:04.825950,2,1,1,10
1,2026-08-23 16:20:04.825950,1,0,1,13
2,2026-08-23 16:20:04.825950,4,3,1,8
3,2026-08-23 16:20:04.825950,1,0,1,11
4,2026-08-23 16:20:04.825950,1,0,1,5
5,2026-08-23 16:20:04.825950,1,0,1,14
6,2026-08-23 16:20:04.825950,2,1,1,6
7,2026-08-23 16:20:04.825950,0,0,0,11
8,2026-08-23 16:20:04.825950,1,0,1,14
1,2026-08-23 17:20:04.825950,21,18,3,18
2,2026-08-23 17:20:04.825950,0,0,0,15
3,2026-08-23 17:20:04.825950,2,1,1,14
4,2026-08-23 17:20:04.825950,3,2,1,8
5,2026-08-23 17:20:04.825950,0,0,0,11
6,2026-08-23 17:20:04.825950,5,3,2,7
7,2026-08-23 17:20:04.825950,5,4,1,14
8,2026-08-23 17:20:04.825950,3,2,1,9
1,2026-08-23 18:20:04.825950,31,24,7,24
2,2026-08-23 18:20:04.825950,2,1,1,12
3,2026-08-23 18:20:04.825950,4,3,1,12
4,2026-08-23 18:20:04.825950,17,13,4,13
5,2026-08-23 18:20:04.825950,4,3,1,15
6,2026-08-23 18:20:04.825950,3,2,1,11
7,2026-08-23 18:20:04.825950,1,0,1,10
8,2026-08-23 18:20:04.825950,3,2,1,9
1,2026-08-23 19:20:04.825950,28,22,6,22
2,2026-08-23 19:20:04.825950,0,0,0,14
3,2026-08-23 19:20:04.825950,1,0,1,6
4,2026-08-23 19:20:04.825950,13,10,3,10
5,2026-08-23 19:20:04.825950,2,1,1,12
6,2026-08-23 19:20:04.825950,3,2,1,11
7,2026-08-23 19:20:04.825950,0,0,0,10
8,2026-08-23 19:20:04.825950,1,0,1,9
1,2026-08-23 20:20:04.825950,23,16,7,16
2,2026-08-23 20:20:04.825950,5,4,1,13
3,2026-08-23 20:20:04.825950,1,0,1,11
4,2026-08-23 20:20:04.825950,12,10,2,10
5,2026-08-23 20:20:04.825950,5,4,1,6
6,2026-08-23 20:20:04.825950,4,3,1,5
7,2026-08-23 20:20:04.825950,2,1,1,9
8,2026-08-23 20:20:04.825950,3,2,1,7
1,2026-08-23 21:20:04.825950,3,2,1,7
2,2026-08-23 21:20:04.825950,1,0,1,7
3,2026-08-23 21:20:04.825950,4,2,2,6
4,2026-08-23 21:20:04.825950,14,11,3,11
5,2026-08-23 21:20:04.825950,2,1,1,11
6,2026-08-23 21:20:04.825950,1,0,1,8
7,2026-08-23 21:20:04.825950,4,3,1,6
8,2026-08-23 21:20:04.825950,0,0,0,7
1,2026-08-23 22:20:04.825950,4,2,2,12
2,2026-08-23 22:20:04.825950,4,3,1,7
3,2026-08-23 22:20:04.825950,1,0,1,7
4,2026-08-23 22:20:04.825950,1,0,1,10
5,2026-08-23 22:20:04.825950,1,0,1,13
6,2026-08-23 22:20:04.825950,0,0,0,5
7,2026-08-23 22:20:04.825950,3,2,1,5
8,2026-08-23 22:20:04.825950,3,2,1,7
1,2026-08-23 23:20:04.825950,1,0,1,10
2,2026-08-23 23:20:04.825950,4,3,1,12
3,2026-08-23 23:20:04.825950,1,0,1,6
4,2026-08-23 23:20:04.825950,5,3,2,15
5,2026-08-23 23:20:04.825950,4,3,1,6
6,2026-08-23 23:20:04.825950,3,2,1,9
7,2026-08-23 23:20:04.825950,3,2,1,12
8,2026-08-23 23:20:04.825950,5,4,1,13
1,2026-08-24 00:20:04.825950,4,3,1,13
2,2026-08-24 00:20:04.825950,3,2,1,13
3,2026-08-24 00:20:04.825950,2,1,1,14
4,2026-08-24 00:20:04.825950,5,4,1,11
5,2026-08-24 00:20:04.825950,2,1,1,11
6,2026-08-24 00:20:04.825950,1,0,1,12
7,2026-08-24 00:20:04.825950,1,0,1,8
8,2026-08-24 00:20:04.825950,0,0,0,10
1,2026-08-24 01:20:04.825950,2,1,1,11
2,2026-08-24 01:20:04.825950,3,2,1,10
3,2026-08-24 01:20:04.825950,0,0,0,8
4,2026-08-24 01:20:04.825950,0,0,0,15
5,2026-08-24 01:20:04.825950,1,0,1,14
6,2026-08-24 01:20:04.825950,5,3,2,9
7,2026-08-24 01:20:04.825950,3,2,1,5
8,2026-08-24 01:20:04.825950,1,0,1,9
1,2026-08-24 02:20:04.825950,3,2,1,12
2,2026-08-24 02:20:04.825950,2,1,1,12
3,2026-08-24 02:20:04.825950,1,0,1,5
4,2026-08-24 02:20:04.825950,1,0,1,15
5,2026-08-24 02:20:04.825950,0,0,0,5
6,2026-08-24 02:20:04.825950,2,1,1,11
7,2026-08-24 02:20:04.825950,5,4,1,6
8,2026-08-24 02:20:04.825950,4,3,1,13
1,2026-08-24 03:20:04.825950,4,3,1,12
2,2026-08-24 03:20:04.825950,0,0,0,8
3,2026-08-24 03:20:04.825950,2,1,1,7
4,2026-08-24 03:20:04.825950,0,0,0,7
5,2026-08-24 03:20:04.825950,5,4,1,9
6,2026-08-24 03:20:04.825950,0,0,0,8
7,2026-08-24 03:20:04.825950,5,4,1,5
8,2026-08-24 03:20:04.825950,3,2,1,14
1,2026-08-24 04:20:04.825950,3,2,1,10
2,2026-08-24 04:20:04.825950,2,1,1,13
3,2026-08-24 04:20:04.825950,4,2,2,12
4,2026-08-24 04:20:04.825950,3,2,1,13
5,2026-08-24 04:20:04.825950,0,0,0,13
6,2026-08-24 04:20:04.825950,5,4,1,13
7,2026-08-24 04:20:04.825950,0,0,0,7
8,2026-08-24 04:20:04.825950,3,2,1,12
1,2026-08-24 05:20:04.825950,5,4,1,9
2,2026-08-24 05:20:04.825950,1,0,1,8
3,2026-08-24 05:20:04.825950,0,0,0,9
4,2026-08-24 05:20:04.825950,3,2,1,5
5,2026-08-24 05:20:04.825950,2,1,1,7
6,2026-08-24 05:20:04.825950,1,0,1,8
7,2026-08-24 05:20:04.825950,3,2,1,7
8,2026-08-24 05:20:04.825950,3,2,1,9
1,2026-08-24 06:20:04.825950,1,0,1,6
2,2026-08-24 06:20:04.825950,1,0,1,9
3,2026-08-24 06:20:04.825950,5,3,2,6
4,2026-08-24 06:20:04.825950,1,0,1,7
5,2026-08-24 06:20:04.825950,5,3,2,6
6,2026-08-24 06:20:04.825950,5,3,2,10
7,2026-08-24 06:20:04.825950,4,3,1,10
8,2026-08-24 06:20:04.825950,3,2,1,9
1,2026-08-24 07:20:04.825950,29,23,6,23
2,2026-08-24 07:20:04.825950,4,2,2,15
3,2026-08-24 07:20:04.825950,5,4,1,15
4,2026-08-24 07:20:04.825950,2,1,1,8
5,2026-08-24 07:20:04.825950,1,0,1,11
6,2026-08-24 07:20:04.825950,3,2,1,13
7,2026-08-24 07:20:04.825950,2,1,1,11
8,2026-08-24 07:20:04.825950,0,0,0,9
1,2026-08-24 08:20:04.825950,20,17,3,17
2,2026-08-24 08:20:04.825950,1,0,1,8
3,2026-08-24 08:20:04.825950,25,22,3,22
4,2026-08-24 08:20:04.825950,5,4,1,10
5,2026-08-24 08:20:04.825950,3,2,1,11
6,2026-08-24 08:20:04.825950,4,3,1,6
7,2026-08-24 08:20:04.825950,1,0,1,12
8,2026-08-24 08:20:04.825950,5,3,2,10
1,2026-08-24 09:20:04.825950,28,21,7,21
2,2026-08-24 09:20:04.825950,1,0,1,5
3,2026-08-24 09:20:04.825950,23,16,7,16
4,2026-08-24 09:20:04.825950,3,2,1,12
5,2026-08-24 09:20:04.825950,3,2,1,11
6,2026-08-24 09:20:04.825950,3,2,1,9
7,2026-08-24 09:20:04.825950,1,0,1,7
8,2026-08-24 09:20:04.825950,2,1,1,10
1,2026-08-24 10:20:04.825950,4,3,1,6
2,2026-08-24 10:20:04.825950,0,0,0,5
3,2026-08-24 10:20:04.825950,24,19,5,19
4,2026-08-24 10:20:04.825950,5,4,1,5
5,2026-08-24 10:20:04.825950,0,0,0,5
6,2026-08-24 10:20:04.825950,1,0,1,10
7,2026-08-24 10:20:04.825950,5,4,1,10
8,2026-08-24 10:20:04.825950,5,4,1,5
1,2026-08-24 11:20:04.825950,1,0,1,10
2,2026-08-24 11:20:04.825950,0,0,0,14
3,2026-08-24 11:20:04.825950,0,0,0,14
4,2026-08-24 11:20:04.825950,13,11,2,11
5,2026-08-24 11:20:04.825950,3,2,1,14
6,2026-08-24 11:20:04.825950,2,1,1,13
7,2026-08-24 11:20:04.825950,0,0,0,9
8,2026-08-24 11:20:04.825950,1,0,1,14
1,2026-08-24 12:20:04.825950,2,1,1,13
2,2026-08-24 12:20:04.825950,0,0,0,8
3,2026-08-24 12:20:04.825950,5,3,2,11
4,2026-08-24 12:20:04.825950,22,16,6,16
5,2026-08-24 12:20:04.825950,3,2,1,13
6,2026-08-24 12:20:04.825950,2,1,1,11
7,2026-08-24 12:20:04.825950,3,2,1,8
8,2026-08-24 12:20:04.825950,2,1,1,8
1,2026-08-24 13:20:04.825950,1,0,1,7
2,2026-08-24 13:20:04.825950,0,0,0,14
3,2026-08-24 13:20:04.825950,0,0,0,12
4,2026-08-24 13:20:04.825950,13,10,3,10
5,2026-08-24 13:20:04.825950,2,1,1,14
6,2026-08-24 13:20:04.825950,1,0,1,11
7,2026-08-24 13:20:04.825950,3,2,1,15
8,2026-08-24 13:20:04.825950,5,4,1,13
1,2026-08-24 14:20:04.825950,5,4,1,8
2,2026-08-24 14:20:04.825950,3,2,1,10
3,2026-08-24 14:20:04.825950,1,0,1,10
4,2026-08-24 14:20:04.825950,0,0,0,9
5,2026-08-24 14:20:04.825950,3,2,1,12
6,2026-08-24 14:20:04.825950,3,2,1,11
7,2026-08-24 14:20:04.825950,5,4,1,12
8,2026-08-24 14:20:04.825950,1,0,1,11
1,2026-08-24 15:20:04.825950,5,3,2,14
2,2026-08-24 15:20:04.825950,5,3,2,7
3,2026-08-24 15:20:04.825950,25,17,8,17
4,2026-08-24 15:20:04.825950,1,0,1,7
5,2026-08-24 15:20:04.825950,1,0,1,12
6,2026-08-24 15:20:04.825950,2,1,1,7
7,2026-08-24 15:20:04.825950,3,2,1,5
8,2026-08-24 15:20:04.825950,5,3,2,10
1,2026-08-24 16:20:04.825950,4,3,1,5
2,2026-08-24 16:20:04.825950,0,0,0,13
3,2026-08-24 16:20:04.825950,17,12,5,15
4,2026-08-24 16:20:04.825950,5,4,1,13
5,2026-08-24 16:20:04.825950,2,1,1,13
6,2026-08-24 16:20:04.825950,4,3,1,14
7,2026-08-24 16:20:04.825950,1,0,1,5
8,2026-08-24 16:20:04.825950,3,2,1,14
1,2026-08-24 17:20:04.825950,28,22,6,22
2,2026-08-24 17:20:04.825950,0,0,0,5
3,2026-08-24 17:20:04.825950,15,11,4,11
4,2026-08-24 17:20:04.825950,3,2,1,14
5,2026-08-24 17:20:04.825950,4,2,2,10
6,2026-08-24 17:20:04.825950,4,2,2,9
7,2026-08-24 17:20:04.825950,2,1,1,5
8,2026-08-24 17:20:04.825950,1,0,1,14
1,2026-08-24 18:20:04.825950,29,21,8,21
2,2026-08-24 18:20:04.825950,1,0,1,12
3,2026-08-24 18:20:04.825950,1,0,1,11
4,2026-08-24 18:20:04.825950,11,9,2,9
5,2026-08-24 18:20:04.825950,4,3,1,13
6,2026-08-24 18:20:04.825950,3,2,1,15
7,2026-08-24 18:20:04.825950,2,1,1,15
8,2026-08-24 18:20:04.825950,0,0,0,14
1,2026-08-24 19:20:04.825950,25,21,4,21
2,2026-08-24 19:20:04.825950,3,2,1,10
3,2026-08-24 19:20:04.825950,1,0,1,8
4,2026-08-24 19:20:04.825950,20,15,5,15
5,2026-08-24 19:20:04.825950,5,3,2,12
6,2026-08-24 19:20:04.825950,0,0,0,9
7,2026-08-24 19:20:04.825950,1,0,1,15
8,2026-08-24 19:20:04.825950,2,1,1,11
1,2026-08-24 20:20:04.825950,21,16,5,16
2,2026-08-24 20:20:04.825950,2,1,1,13
3,2026-08-24 20:20:04.825950,5,3,2,7
4,2026-08-24 20:20:04.825950,10,8,2,8
5,2026-08-24 20:20:04.825950,2,1,1,6
6,2026-08-24 20:20:04.825950,3,2,1,13
7,2026-08-24 20:20:04.825950,4,3,1,6
8,2026-08-24 20:20:04.825950,3,2,1,9
1,2026-08-24 21:20:04.825950,0,0,0,6
2,2026-08-24 21:20:04.825950,2,1,1,8
3,2026-08-24 21:20:04.825950,4,3,1,5
4,2026-08-24 21:20:04.825950,15,13,2,13
5,2026-08-24 21:20:04.825950,1,0,1,13
6,2026-08-24 21:20:04.825950,5,4,1,12
7,2026-08-24 21:20:04.825950,5,3,2,10
8,2026-08-24 21:20:04.825950,3,2,1,11
1,2026-08-24 22:20:04.825950,0,0,0,11
2,2026-08-24 22:20:04.825950,1,0,1,14
3,2026-08-24 22:20:04.825950,5,3,2,14
4,2026-08-24 22:20:04.825950,5,4,1,8
5,2026-08-24 22:20:04.825950,5,4,1,12
6,2026-08-24 22:20:04.825950,4,3,1,11
7,2026-08-24 22:20:04.825950,2,1,1,8
8,2026-08-24 22:20:04.825950,0,0,0,8
1,2026-08-24 23:20:04.825950,0,0,0,5
2,2026-08-24 23:20:04.825950,5,4,1,15
3,2026-08-24 23:20:04.825950,2,1,1,5
4,2026-08-24 23:20:04.825950,2,1,1,6
5,2026-08-24 23:20:04.825950,1,0,1,14
6,2026-08-24 23:20:04.825950,4,3,1,6
7,2026-08-24 23:20:04.825950,4,2,2,12
8,2026-08-24 23:20:04.825950,4,3,1,10
1,2026-08-25 00:20:04.825950,0,0,0,5
2,2026-08-25 00:20:04.825950,5,3,2,9
3,2026-08-25 00:20:04.825950,4,3,1,9
4,2026-08-25 00:20:04.825950,0,0,0,5
5,2026-08-25 00:20:04.825950,2,1,1,7
6,2026-08-25 00:20:04.825950,5,3,2,11
7,2026-08-25 00:20:04.825950,1,0,1,11
8,2026-08-25 00:20:04.825950,0,0,0,10
1,2026-08-25 01:20:04.825950,0,0,0,9
2,2026-08-25 01:20:04.825950,3,2,1,9
3,2026-08-25 01:20:04.825950,2,1,1,6
4,2026-08-25 01:20:04.825950,1,0,1,14
5,2026-08-25 01:20:04.825950,4,3,1,10
6,2026-08-25 01:20:04.825950,0,0,0,9
7,2026-08-25 01:20:04.825950,2,1,1,6
8,2026-08-25 01:20:04.825950,1,0,1,14
1,2026-08-25 02:20:04.825950,0,0,0,9
2,2026-08-25 02:20:04.825950,2,1,1,13
3,2026-08-25 02:20:04.825950,4,3,1,6
4,2026-08-25 02:20:04.825950,5,4,1,14
5,2026-08-25 02:20:04.825950,5,4,1,13
6,2026-08-25 02:20:04.825950,5,3,2,11
7,2026-08-25 02:20:04.825950,0,0,0,11
8,2026-08-25 02:20:04.825950,0,0,0,9
1,2026-08-25 03:20:04.825950,5,3,2,6
2,2026-08-25 03:20:04.825950,0,0,0,14
3,2026-08-25 03:20:04.825950,0,0,0,12
4,2026-08-25 03:20:04.825950,0,0,0,10
5,2026-08-25 03:20:04.825950,3,2,1,9
6,2026-08-25 03:20:04.825950,1,0,1,13
7,2026-08-25 03:20:04.825950,1,0,1,7
8,2026-08-25 03:20:04.825950,1,0,1,14
1,2026-08-25 04:20:04.825950,5,4,1,15
2,2026-08-25 04:20:04.825950,0,0,0,7
3,2026-08-25 04:20:04.825950,1,0,1,15
4,2026-08-25 04:20:04.825950,4,2,2,11
5,2026-08-25 04:20:04.825950,0,0,0,9
6,2026-08-25 04:20:04.825950,4,3,1,8
7,2026-08-25 04:20:04.825950,3,2,1,5
8,2026-08-25 04:20:04.825950,3,2,1,15
1,2026-08-25 05:20:04.825950,3,2,1,13
2,2026-08-25 05:20:04.825950,2,1,1,11
3,2026-08-25 05:20:04.825950,4,3,1,14
4,2026-08-25 05:20:04.825950,2,1,1,14
5,2026-08-25 05:20:04.825950,0,0,0,9
6,2026-08-25 05:20:04.825950,5,4,1,5
7,2026-08-25 05:20:04.825950,0,0,0,8
8,2026-08-25 05:20:04.825950,5,3,2,7
1,2026-08-25 06:20:04.825950,4,2,2,15
2,2026-08-25 06:20:04.825950,4,2,2,15
3,2026-08-25 06:20:04.825950,1,0,1,5
4,2026-08-25 06:20:04.825950,1,0,1,5
5,2026-08-25 06:20:04.825950,5,3,2,11
6,2026-08-25 06:20:04.825950,1,0,1,9
7,2026-08-25 06:20:04.825950,0,0,0,15
8,2026-08-25 06:20:04.825950,1,0,1,5
1,2026-08-25 07:20:04.825950,21,16,5,16
2,2026-08-25 07:20:04.825950,1,0,1,15
3,2026-08-25 07:20:04.825950,0,0,0,10
4,2026-08-25 07:20:04.825950,3,2,1,13
5,2026-08-25 07:20:04.825950,5,3,2,15
6,2026-08-25 07:20:04.825950,1,0,1,7
7,2026-08-25 07:20:04.825950,1,0,1,8
8,2026-08-25 07:20:04.825950,5,4,1,15
1,2026-08-25 08:20:04.825950,31,24,7,24
2,2026-08-25 08:20:04.825950,3,2,1,5
3,2026-08-25 08:20:04.825950,27,19,8,19
4,2026-08-25 08:20:04.825950,5,3,2,9
5,2026-08-25 08:20:04.825950,1,0,1,9
6,2026-08-25 08:20:04.825950,1,0,1,7
7,2026-08-25 08:20:04.825950,3,2,1,12
8,2026-08-25 08:20:04.825950,4,2,2,12
1,2026-08-25 09:20:04.825950,26,21,5,21
2,2026-08-25 09:20:04.825950,1,0,1,9
3,2026-08-25 09:20:04.825950,25,18,7,18
4,2026-08-25 09:20:04.825950,1,0,1,7
5,2026-08-25 09:20:04.825950,0,0,0,15
6,2026-08-25 09:20:04.825950,3,2,1,13
7,2026-08-25 09:20:04.825950,4,3,1,7
8,2026-08-25 09:20:04.825950,0,0,0,10
1,2026-08-25 10:20:04.825950,4,3,1,6
2,2026-08-25 10:20:04.825950,2,1,1,13
3,2026-08-25 10:20:04.825950,24,16,8,16
4,2026-08-25 10:20:04.825950,0,0,0,9
5,2026-08-25 10:20:04.825950,2,1,1,15
6,2026-08-25 10:20:04.825950,4,3,1,14
7,2026-08-25 10:20:04.825950,4,3,1,15
8,2026-08-25 10:20:04.825950,3,2,1,5
1,2026-08-25 11:20:04.825950,1,0,1,10
2,2026-08-25 11:20:04.825950,5,4,1,11
3,2026-08-25 11:20:04.825950,4,3,1,12
4,2026-08-25 11:20:04.825950,13,9,4,9
5,2026-08-25 11:20:04.825950,5,4,1,9
6,2026-08-25 11:20:04.825950,5,4,1,14
7,2026-08-25 11:20:04.825950,1,0,1,15
8,2026-08-25 11:20:04.825950,4,3,1,10
1,2026-08-25 12:20:04.825950,0,0,0,14
2,2026-08-25 12:20:04.825950,1,0,1,10
3,2026-08-25 12:20:04.825950,0,0,0,10
4,2026-08-25 12:20:04.825950,16,12,4,12
5,2026-08-25 12:20:04.825950,1,0,1,13
6,2026-08-25 12:20:04.825950,0,0,0,6
7,2026-08-25 12:20:04.825950,4,3,1,8
8,2026-08-25 12:20:04.825950,3,2,1,8
1,2026-08-25 13:20:04.825950,3,2,1,6
2,2026-08-25 13:20:04.825950,0,0,0,13
3,2026-08-25 13:20:04.825950,3,2,1,8
4,2026-08-25 13:20:04.825950,18,13,5,13
5,2026-08-25 13:20:04.825950,0,0,0,14
6,2026-08-25 13:20:04.825950,3,2,1,9
7,2026-08-25 13:20:04.825950,5,4,1,12
8,2026-08-25 13:20:04.825950,1,0,1,8
1,2026-08-25 14:20:04.825950,4,2,2,9
2,2026-08-25 14:20:04.825950,4,3,1,15
3,2026-08-25 14:20:04.825950,1,0,1,9
4,2026-08-25 14:20:04.825950,4,2,2,5
5,2026-08-25 14:20:04.825950,3,2,1,8
6,2026-08-25 14:20:04.825950,3,2,1,6
7,2026-08-25 14:20:04.825950,0,0,0,8
8,2026-08-25 14:20:04.825950,4,3,1,11
1,2026-08-25 15:20:04.825950,5,3,2,10
2,2026-08-25 15:20:04.825950,3,2,1,7
3,2026-08-25 15:20:04.825950,13,11,2,14
4,2026-08-25 15:20:04.825950,0,0,0,8
5,2026-08-25 15:20:04.825950,1,0,1,8
6,2026-08-25 15:20:04.825950,5,3,2,7
7,2026-08-25 15:20:04.825950,1,0,1,8
8,2026-08-25 15:20:04.825950,1,0,1,5
1,2026-08-25 16:20:04.825950,5,3,2,14
2,2026-08-25 16:20:04.825950,1,0,1,8
3,2026-08-25 16:20:04.825950,21,18,3,18
4,2026-08-25 16:20:04.825950,1,0,1,7
5,2026-08-25 16:20:04.825950,3,2,1,7
6,2026-08-25 16:20:04.825950,2,1,1,7
7,2026-08-25 16:20:04.825950,5,4,1,11
8,2026-08-25 16:20:04.825950,0,0,0,7
1,2026-08-25 17:20:04.825950,18,13,5,13
2,2026-08-25 17:20:04.825950,3,2,1,7
3,2026-08-25 17:20:04.825950,22,19,3,19
4,2026-08-25 17:20:04.825950,4,3,1,14
5,2026-08-25 17:20:04.825950,1,0,1,11
6,2026-08-25 17:20:04.825950,1,0,1,12
7,2026-08-25 17:20:04.825950,2,1,1,14
8,2026-08-25 17:20:04.825950,1,0,1,5
1,2026-08-25 18:20:04.825950,28,21,7,21
2,2026-08-25 18:20:04.825950,3,2,1,14
3,2026-08-25 18:20:04.825950,0,0,0,7
4,2026-08-25 18:20:04.825950,13,11,2,13
5,2026-08-25 18:20:04.825950,0,0,0,11
6,2026-08-25 18:20:04.825950,5,4,1,7
7,2026-08-25 18:20:04.825950,0,0,0,13
8,2026-08-25 18:20:04.825950,1,0,1,8
1,2026-08-25 19:20:04.825950,17,12,5,13
2,2026-08-25 19:20:04.825950,0,0,0,13
3,2026-08-25 19:20:04.825950,0,0,0,10
4,2026-08-25 19:20:04.825950,16,13,3,13
5,2026-08-25 19:20:04.825950,3,2,1,8
6,2026-08-25 19:20:04.825950,1,0,1,8
7,2026-08-25 19:20:04.825950,5,4,1,13
8,2026-08-25 19:20:04.825950,1,0,1,6
1,2026-08-25 20:20:04.825950,20,16,4,16
2,2026-08-25 20:20:04.825950,3,2,1,9
3,2026-08-25 20:20:04.825950,2,1,1,5
4,2026-08-25 20:20:04.825950,20,16,4,16
5,2026-08-25 20:20:04.825950,0,0,0,15
6,2026-08-25 20:20:04.825950,4,2,2,8
7,2026-08-25 20:20:04.825950,3,2,1,6
8,2026-08-25 20:20:04.825950,3,2,1,13
1,2026-08-25 21:20:04.825950,5,3,2,15
2,2026-08-25 21:20:04.825950,5,4,1,5
3,2026-08-25 21:20:04.825950,5,3,2,10
4,2026-08-25 21:20:04.825950,18,15,3,15
5,2026-08-25 21:20:04.825950,5,3,2,9
6,2026-08-25 21:20:04.825950,2,1,1,13
7,2026-08-25 21:20:04.825950,1,0,1,14
8,2026-08-25 21:20:04.825950,4,3,1,12
1,2026-08-25 22:20:04.825950,4,3,1,6
2,2026-08-25 22:20:04.825950,1,0,1,9
3,2026-08-25 22:20:04.825950,4,3,1,5
4,2026-08-25 22:20:04.825950,2,1,1,5
5,2026-08-25 22:20:04.825950,4,3,1,5
6,2026-08-25 22:20:04.825950,0,0,0,5
7,2026-08-25 22:20:04.825950,5,3,2,8
8,2026-08-25 22:20:04.825950,3,2,1,10
1,2026-08-25 23:20:04.825950,0,0,0,13
2,2026-08-25 23:20:04.825950,2,1,1,11
3,2026-08-25 23:20:04.825950,3,2,1,8
4,2026-08-25 23:20:04.825950,3,2,1,9
5,2026-08-25 23:20:04.825950,4,2,2,10
6,2026-08-25 23:20:04.825950,2,1,1,10
7,2026-08-25 23:20:04.825950,2,1,1,14
8,2026-08-25 23:20:04.825950,3,2,1,13
1,2026-08-26 00:20:04.825950,5,3,2,12
2,2026-08-26 00:20:04.825950,0,0,0,8
3,2026-08-26 00:20:04.825950,3,2,1,14
4,2026-08-26 00:20:04.825950,4,3,1,10
5,2026-08-26 00:20:04.825950,0,0,0,15
6,2026-08-26 00:20:04.825950,4,2,2,6
7,2026-08-26 00:20:04.825950,0,0,0,5
8,2026-08-26 00:20:04.825950,0,0,0,9
1,2026-08-26 01:20:04.825950,4,2,2,13
2,2026-08-26 01:20:04.825950,4,3,1,9
3,2026-08-26 01:20:04.825950,5,4,1,15
4,2026-08-26 01:20:04.825950,1,0,1,12
5,2026-08-26 01:20:04.825950,3,2,1,8
6,2026-08-26 01:20:04.825950,4,2,2,8
7,2026-08-26 01:20:04.825950,4,3,1,11
8,2026-08-26 01:20:04.825950,2,1,1,15
1,2026-08-26 02:20:04.825950,0,0,0,11
2,2026-08-26 02:20:04.825950,4,3,1,7
3,2026-08-26 02:20:04.825950,4,3,1,15
4,2026-08-26 02:20:04.825950,5,4,1,11
5,2026-08-26 02:20:04.825950,2,1,1,8
6,2026-08-26 02:20:04.825950,3,2,1,7
7,2026-08-26 02:20:04.825950,2,1,1,13
8,2026-08-26 02:20:04.825950,3,2,1,9
1,2026-08-26 03:20:04.825950,2,1,1,5
2,2026-08-26 03:20:04.825950,3,2,1,15
3,2026-08-26 03:20:04.825950,3,2,1,10
4,2026-08-26 03:20:04.825950,2,1,1,5
5,2026-08-26 03:20:04.825950,1,0,1,8
6,2026-08-26 03:20:04.825950,5,4,1,10
7,2026-08-26 03:20:04.825950,4,3,1,9
8,2026-08-26 03:20:04.825950,1,0,1,5
1,2026-08-26 04:20:04.825950,5,3,2,11
2,2026-08-26 04:20:04.825950,2,1,1,9
3,2026-08-26 04:20:04.825950,2,1,1,13
4,2026-08-26 04:20:04.825950,4,3,1,5
5,2026-08-26 04:20:04.825950,1,0,1,10
6,2026-08-26 04:20:04.825950,1,0,1,13
7,2026-08-26 04:20:04.825950,4,2,2,9
8,2026-08-26 04:20:04.825950,2,1,1,7
1,2026-08-26 05:20:04.825950,3,2,1,5
2,2026-08-26 05:20:04.825950,5,4,1,5
3,2026-08-26 05:20:04.825950,2,1,1,5
4,2026-08-26 05:20:04.825950,2,1,1,8
5,2026-08-26 05:20:04.825950,1,0,1,10
6,2026-08-26 05:20:04.825950,1,0,1,9
7,2026-08-26 05:20:04.825950,4,3,1,6
8,2026-08-26 05:20:04.825950,3,2,1,7
1,2026-08-26 06:20:04.825950,0,0,0,14
2,2026-08-26 06:20:04.825950,3,2,1,6
3,2026-08-26 06:20:04.825950,4,2,2,8
4,2026-08-26 06:20:04.825950,1,0,1,15
5,2026-08-26 06:20:04.825950,5,3,2,8
6,2026-08-26 06:20:04.825950,1,0,1,10
7,2026-08-26 06:20:04.825950,1,0,1,11
8,2026-08-26 06:20:04.825950,0,0,0,6
1,2026-08-26 07:20:04.825950,34,28,6,28
2,2026-08-26 07:20:04.825950,3,2,1,13
3,2026-08-26 07:20:04.825950,3,2,1,13
4,2026-08-26 07:20:04.825950,0,0,0,7
5,2026-08-26 07:20:04.825950,1,0,1,5
6,2026-08-26 07:20:04.825950,4,2,2,11
7,2026-08-26 07:20:04.825950,0,0,0,14
8,2026-08-26 07:20:04.825950,4,3,1,8
1,2026-08-26 08:20:04.825950,32,24,8,24
2,2026-08-26 08:20:04.825950,5,3,2,9
3,2026-08-26 08:20:04.825950,17,15,2,15
4,2026-08-26 08:20:04.825950,0,0,0,15
5,2026-08-26 08:20:04.825950,1,0,1,14
6,2026-08-26 08:20:04.825950,2,1,1,5
7,2026-08-26 08:20:04.825950,0,0,0,6
8,2026-08-26 08:20:04.825950,0,0,0,15
1,2026-08-26 09:20:04.825950,28,20,8,20
2,2026-08-26 09:20:04.825950,1,0,1,13
3,2026-08-26 09:20:04.825950,23,19,4,19
4,2026-08-26 09:20:04.825950,1,0,1,11
5,2026-08-26 09:20:04.825950,1,0,1,7
6,2026-08-26 09:20:04.825950,1,0,1,13
7,2026-08-26 09:20:04.825950,1,0,1,12
8,2026-08-26 09:20:04.825950,2,1,1,11
1,2026-08-26 10:20:04.825950,0,0,0,5
2,2026-08-26 10:20:04.825950,5,4,1,9
3,2026-08-26 10:20:04.825950,24,21,3,21
4,2026-08-26 10:20:04.825950,2,1,1,10
5,2026-08-26 10:20:04.825950,1,0,1,11
6,2026-08-26 10:20:04.825950,3,2,1,5
7,2026-08-26 10:20:04.825950,4,3,1,6
8,2026-08-26 10:20:04.825950,5,3,2,5
1,2026-08-26 11:20:04.825950,0,0,0,5
2,2026-08-26 11:20:04.825950,4,3,1,10
3,2026-08-26 11:20:04.825950,3,2,1,14
4,2026-08-26 11:20:04.825950,10,7,3,15
5,2026-08-26 11:20:04.825950,3,2,1,8
6,2026-08-26 11:20:04.825950,0,0,0,8
7,2026-08-26 11:20:04.825950,2,1,1,10
8,2026-08-26 11:20:04.825950,0,0,0,13
1,2026-08-26 12:20:04.825950,4,2,2,14
2,2026-08-26 12:20:04.825950,0,0,0,12
3,2026-08-26 12:20:04.825950,3,2,1,15
4,2026-08-26 12:20:04.825950,20,14,6,14
5,2026-08-26 12:20:04.825950,2,1,1,5
6,2026-08-26 12:20:04.825950,0,0,0,13
7,2026-08-26 12:20:04.825950,0,0,0,12
8,2026-08-26 12:20:04.825950,1,0,1,8
1,2026-08-26 13:20:04.825950,3,2,1,13
2,2026-08-26 13:20:04.825950,5,4,1,7
3,2026-08-26 13:20:04.825950,3,2,1,8
4,2026-08-26 13:20:04.825950,20,16,4,16
5,2026-08-26 13:20:04.825950,0,0,0,10
6,2026-08-26 13:20:04.825950,3,2,1,5
7,2026-08-26 13:20:04.825950,4,3,1,13
8,2026-08-26 13:20:04.825950,2,1,1,14
1,2026-08-26 14:20:04.825950,5,3,2,9
2,2026-08-26 14:20:04.825950,2,1,1,5
3,2026-08-26 14:20:04.825950,5,4,1,9
4,2026-08-26 14:20:04.825950,4,3,1,11
5,2026-08-26 14:20:04.825950,4,3,1,14
6,2026-08-26 14:20:04.825950,5,3,2,14
7,2026-08-26 14:20:04.825950,4,3,1,15
8,2026-08-26 14:20:04.825950,2,1,1,15
1,2026-08-26 15:20:04.825950,4,3,1,15
2,2026-08-26 15:20:04.825950,5,4,1,12
3,2026-08-26 15:20:04.825950,19,13,6,13
4,2026-08-26 15:20:04.825950,4,3,1,14
5,2026-08-26 15:20:04.825950,1,0,1,14
6,2026-08-26 15:20:04.825950,0,0,0,13
7,2026-08-26 15:20:04.825950,2,1,1,8
8,2026-08-26 15:20:04.825950,1,0,1,6
1,2026-08-26 16:20:04.825950,1,0,1,8
2,2026-08-26 16:20:04.825950,2,1,1,11
3,2026-08-26 16:20:04.825950,14,10,4,10
4,2026-08-26 16:20:04.825950,4,3,1,11
5,2026-08-26 16:20:04.825950,5,3,2,11
6,2026-08-26 16:20:04.825950,0,0,0,7
7,2026-08-26 16:20:04.825950,5,3,2,13
8,2026-08-26 16:20:04.825950,5,3,2,14
1,2026-08-26 17:20:04.825950,26,21,5,21
2,2026-08-26 17:20:04.825950,2,1,1,13
3,2026-08-26 17:20:04.825950,11,9,2,9
4,2026-08-26 17:20:04.825950,0,0,0,11
5,2026-08-26 17:20:04.825950,5,3,2,7
6,2026-08-26 17:20:04.825950,5,4,1,11
7,2026-08-26 17:20:04.825950,2,1,1,7
8,2026-08-26 17:20:04.825950,3,2,1,10
1,2026-08-26 18:20:04.825950,23,18,5,18
2,2026-08-26 18:20:04.825950,0,0,0,11
3,2026-08-26 18:20:04.825950,4,3,1,11
4,2026-08-26 18:20:04.825950,16,14,2,14
5,2026-08-26 18:20:04.825950,0,0,0,11
6,2026-08-26 18:20:04.825950,0,0,0,15
7,2026-08-26 18:20:04.825950,1,0,1,13
8,2026-08-26 18:20:04.825950,2,1,1,6
1,2026-08-26 19:20:04.825950,23,19,4,19
2,2026-08-26 19:20:04.825950,4,2,2,14
3,2026-08-26 19:20:04.825950,2,1,1,9
4,2026-08-26 19:20:04.825950,15,13,2,13
5,2026-08-26 19:20:04.825950,3,2,1,5
6,2026-08-26 19:20:04.825950,0,0,0,13
7,2026-08-26 19:20:04.825950,3,2,1,11
8,2026-08-26 19:20:04.825950,0,0,0,6
1,2026-08-26 20:20:04.825950,24,17,7,17
2,2026-08-26 20:20:04.825950,1,0,1,10
3,2026-08-26 20:20:04.825950,0,0,0,6
4,2026-08-26 20:20:04.825950,21,14,7,15
5,2026-08-26 20:20:04.825950,2,1,1,15
6,2026-08-26 20:20:04.825950,4,2,2,10
7,2026-08-26 20:20:04.825950,0,0,0,7
8,2026-08-26 20:20:04.825950,5,4,1,14
1,2026-08-26 21:20:04.825950,3,2,1,15
2,2026-08-26 21:20:04.825950,1,0,1,10
3,2026-08-26 21:20:04.825950,1,0,1,9
4,2026-08-26 21:20:04.825950,17,13,4,14
5,2026-08-26 21:20:04.825950,2,1,1,5
6,2026-08-26 21:20:04.825950,5,4,1,7
7,2026-08-26 21:20:04.825950,5,3,2,11
8,2026-08-26 21:20:04.825950,5,3,2,7
1,2026-08-26 22:20:04.825950,2,1,1,6
2,2026-08-26 22:20:04.825950,5,4,1,15
3,2026-08-26 22:20:04.825950,3,2,1,5
4,2026-08-26 22:20:04.825950,1,0,1,14
5,2026-08-26 22:20:04.825950,0,0,0,9
6,2026-08-26 22:20:04.825950,0,0,0,13
7,2026-08-26 22:20:04.825950,5,4,1,6
8,2026-08-26 22:20:04.825950,1,0,1,12
1,2026-08-26 23:20:04.825950,1,0,1,7
2,2026-08-26 23:20:04.825950,2,1,1,7
3,2026-08-26 23:20:04.825950,1,0,1,11
4,2026-08-26 23:20:04.825950,0,0,0,6
5,2026-08-26 23:20:04.825950,3,2,1,7
6,2026-08-26 23:20:04.825950,5,3,2,14
7,2026-08-26 23:20:04.825950,1,0,1,6
8,2026-08-26 23:20:04.825950,1,0,1,8
1,2026-08-27 00:20:04.825950,4,3,1,10
2,2026-08-27 00:20:04.825950,1,0,1,13
3,2026-08-27 00:20:04.825950,4,3,1,11
4,2026-08-27 00:20:04.825950,0,0,0,12
5,2026-08-27 00:20:04.825950,0,0,0,13
6,2026-08-27 00:20:04.825950,2,1,1,14
7,2026-08-27 00:20:04.825950,0,0,0,7
8,2026-08-27 00:20:04.825950,4,3,1,7
1,2026-08-27 01:20:04.825950,3,2,1,5
2,2026-08-27 01:20:04.825950,0,0,0,9
3,2026-08-27 01:20:04.825950,0,0,0,8
4,2026-08-27 01:20:04.825950,5,3,2,6
5,2026-08-27 01:20:04.825950,3,2,1,6
6,2026-08-27 01:20:04.825950,1,0,1,12
7,2026-08-27 01:20:04.825950,5,4,1,7
8,2026-08-27 01:20:04.825950,0,0,0,7
1,2026-08-27 02:20:04.825950,5,3,2,12
2,2026-08-27 02:20:04.825950,4,3,1,7
3,2026-08-27 02:20:04.825950,0,0,0,9
4,2026-08-27 02:20:04.825950,4,3,1,11
5,2026-08-27 02:20:04.825950,1,0,1,10
6,2026-08-27 02:20:04.825950,5,4,1,15
7,2026-08-27 02:20:04.825950,4,3,1,11
8,2026-08-27 02:20:04.825950,1,0,1,13
1,2026-08-27 03:20:04.825950,1,0,1,13
2,2026-08-27 03:20:04.825950,1,0,1,10
3,2026-08-27 03:20:04.825950,3,2,1,8
4,2026-08-27 03:20:04.825950,4,3,1,5
5,2026-08-27 03:20:04.825950,3,2,1,14
6,2026-08-27 03:20:04.825950,4,3,1,11
7,2026-08-27 03:20:04.825950,3,2,1,6
8,2026-08-27 03:20:04.825950,3,2,1,5
1,2026-08-27 04:20:04.825950,3,2,1,12
2,2026-08-27 04:20:04.825950,1,0,1,13
3,2026-08-27 04:20:04.825950,1,0,1,5
4,2026-08-27 04:20:04.825950,2,1,1,11
5,2026-08-27 04:20:04.825950,4,2,2,15
6,2026-08-27 04:20:04.825950,1,0,1,15
7,2026-08-27 04:20:04.825950,2,1,1,7
8,2026-08-27 04:20:04.825950,0,0,0,15
1,2026-08-27 05:20:04.825950,5,3,2,10
2,2026-08-27 05:20:04.825950,4,3,1,6
3,2026-08-27 05:20:04.825950,5,3,2,14
4,2026-08-27 05:20:04.825950,1,0,1,13
5,2026-08-27 05:20:04.825950,5,4,1,7
6,2026-08-27 05:20:04.825950,0,0,0,7
7,2026-08-27 05:20:04.825950,2,1,1,12
8,2026-08-27 05:20:04.825950,4,3,1,13
1,2026-08-27 06:20:04.825950,4,3,1,15
2,2026-08-27 06:20:04.825950,2,1,1,14
3,2026-08-27 06:20:04.825950,4,3,1,13
4,2026-08-27 06:20:04.825950,0,0,0,7
5,2026-08-27 06:20:04.825950,0,0,0,5
6,2026-08-27 06:20:04.825950,4,3,1,8
7,2026-08-27 06:20:04.825950,5,4,1,11
8,2026-08-27 06:20:04.825950,5,4,1,9
1,2026-08-27 07:20:04.825950,28,23,5,23
2,2026-08-27 07:20:04.825950,4,3,1,14
3,2026-08-27 07:20:04.825950,4,3,1,6
4,2026-08-27 07:20:04.825950,5,3,2,10
5,2026-08-27 07:20:04.825950,3,2,1,13
6,2026-08-27 07:20:04.825950,3,2,1,5
7,2026-08-27 07:20:04.825950,5,4,1,6
8,2026-08-27 07:20:04.825950,2,1,1,8
1,2026-08-27 08:20:04.825950,31,24,7,24
2,2026-08-27 08:20:04.825950,1,0,1,15
3,2026-08-27 08:20:04.825950,11,9,2,12
4,2026-08-27 08:20:04.825950,2,1,1,6
5,2026-08-27 08:20:04.825950,4,2,2,15
6,2026-08-27 08:20:04.825950,5,4,1,12
7,2026-08-27 08:20:04.825950,4,3,1,11
8,2026-08-27 08:20:04.825950,4,2,2,14
1,2026-08-27 09:20:04.825950,32,25,7,25
2,2026-08-27 09:20:04.825950,1,0,1,14
3,2026-08-27 09:20:04.825950,26,23,3,23
4,2026-08-27 09:20:04.825950,5,4,1,15
5,2026-08-27 09:20:04.825950,4,2,2,15
6,2026-08-27 09:20:04.825950,1,0,1,8
7,2026-08-27 09:20:04.825950,2,1,1,9
8,2026-08-27 09:20:04.825950,0,0,0,10
1,2026-08-27 10:20:04.825950,3,2,1,14
2,2026-08-27 10:20:04.825950,2,1,1,14
3,2026-08-27 10:20:04.825950,10,8,2,8
4,2026-08-27 10:20:04.825950,2,1,1,7
5,2026-08-27 10:20:04.825950,5,3,2,10
6,2026-08-27 10:20:04.825950,2,1,1,13
7,2026-08-27 10:20:04.825950,3,2,1,11
8,2026-08-27 10:20:04.825950,1,0,1,14
1,2026-08-27 11:20:04.825950,2,1,1,8
2,2026-08-27 11:20:04.825950,5,4,1,15
3,2026-08-27 11:20:04.825950,4,3,1,9
4,2026-08-27 11:20:04.825950,16,13,3,13
5,2026-08-27 11:20:04.825950,4,3,1,14
6,2026-08-27 11:20:04.825950,0,0,0,7
7,2026-08-27 11:20:04.825950,2,1,1,15
8,2026-08-27 11:20:04.825950,2,1,1,10
1,2026-08-27 12:20:04.825950,5,4,1,12
2,2026-08-27 12:20:04.825950,1,0,1,10
3,2026-08-27 12:20:04.825950,3,2,1,14
4,2026-08-27 12:20:04.825950,17,15,2,15
5,2026-08-27 12:20:04.825950,5,3,2,13
6,2026-08-27 12:20:04.825950,4,3,1,10
7,2026-08-27 12:20:04.825950,0,0,0,13
8,2026-08-27 12:20:04.825950,0,0,0,11
1,2026-08-27 13:20:04.825950,2,1,1,15
2,2026-08-27 13:20:04.825950,3,2,1,11
3,2026-08-27 13:20:04.825950,4,3,1,14
4,2026-08-27 13:20:04.825950,19,16,3,16
5,2026-08-27 13:20:04.825950,2,1,1,8
6,2026-08-27 13:20:04.825950,2,1,1,6
7,2026-08-27 13:20:04.825950,5,4,1,14
8,2026-08-27 13:20:04.825950,0,0,0,6
1,2026-08-27 14:20:04.825950,3,2,1,7
2,2026-08-27 14:20:04.825950,0,0,0,10
3,2026-08-27 14:20:04.825950,4,2,2,5
4,2026-08-27 14:20:04.825950,0,0,0,8
5,2026-08-27 14:20:04.825950,3,2,1,10
6,2026-08-27 14:20:04.825950,2,1,1,10
7,2026-08-27 14:20:04.825950,2,1,1,8
8,2026-08-27 14:20:04.825950,5,3,2,14
1,2026-08-27 15:20:04.825950,1,0,1,12
2,2026-08-27 15:20:04.825950,5,4,1,13
3,2026-08-27 15:20:04.825950,17,14,3,14
4,2026-08-27 15:20:04.825950,2,1,1,14
5,2026-08-27 15:20:04.825950,2,1,1,7
6,2026-08-27 15:20:04.825950,5,4,1,6
7,2026-08-27 15:20:04.825950,2,1,1,6
8,2026-08-27 15:20:04.825950,0,0,0,7
1,2026-08-27 16:20:04.825950,3,2,1,13
2,2026-08-27 16:20:04.825950,0,0,0,13
3,2026-08-27 16:20:04.825950,14,11,3,11
4,2026-08-27 16:20:04.825950,3,2,1,10
5,2026-08-27 16:20:04.825950,1,0,1,13
6,2026-08-27 16:20:04.825950,4,3,1,10
7,2026-08-27 16:20:04.825950,3,2,1,7
8,2026-08-27 16:20:04.825950,2,1,1,11
1,2026-08-27 17:20:04.825950,19,16,3,16
2,2026-08-27 17:20:04.825950,4,3,1,12
3,2026-08-27 17:20:04.825950,28,21,7,21
4,2026-08-27 17:20:04.825950,1,0,1,10
5,2026-08-27 17:20:04.825950,4,3,1,15
6,2026-08-27 17:20:04.825950,2,1,1,10
7,2026-08-27 17:20:04.825950,5,4,1,10
8,2026-08-27 17:20:04.825950,2,1,1,14
1,2026-08-27 18:20:04.825950,22,17,5,17
2,2026-08-27 18:20:04.825950,4,3,1,6
3,2026-08-27 18:20:04.825950,5,3,2,10
4,2026-08-27 18:20:04.825950,12,10,2,10
5,2026-08-27 18:20:04.825950,0,0,0,9
6,2026-08-27 18:20:04.825950,2,1,1,14
7,2026-08-27 18:20:04.825950,5,4,1,6
8,2026-08-27 18:20:04.825950,1,0,1,6
1,2026-08-27 19:20:04.825950,27,19,8,19
2,2026-08-27 19:20:04.825950,2,1,1,5
3,2026-08-27 19:20:04.825950,4,2,2,15
4,2026-08-27 19:20:04.825950,21,17,4,17
5,2026-08-27 19:20:04.825950,0,0,0,9
6,2026-08-27 19:20:04.825950,4,3,1,11
7,2026-08-27 19:20:04.825950,3,2,1,12
8,2026-08-27 19:20:04.825950,1,0,1,8
1,2026-08-27 20:20:04.825950,32,28,4,28
2,2026-08-27 20:20:04.825950,5,4,1,15
3,2026-08-27 20:20:04.825950,3,2,1,5
4,2026-08-27 20:20:04.825950,16,13,3,13
5,2026-08-27 20:20:04.825950,2,1,1,6
6,2026-08-27 20:20:04.825950,4,2,2,7
7,2026-08-27 20:20:04.825950,5,4,1,6
8,2026-08-27 20:20:04.825950,5,3,2,6
1,2026-08-27 21:20:04.825950,1,0,1,7
2,2026-08-27 21:20:04.825950,5,3,2,9
3,2026-08-27 21:20:04.825950,4,2,2,11
4,2026-08-27 21:20:04.825950,15,13,2,13
5,2026-08-27 21:20:04.825950,1,0,1,12
6,2026-08-27 21:20:04.825950,1,0,1,13
7,2026-08-27 21:20:04.825950,3,2,1,13
8,2026-08-27 21:20:04.825950,1,0,1,11
1,2026-08-27 22:20:04.825950,4,3,1,15
2,2026-08-27 22:20:04.825950,3,2,1,7
3,2026-08-27 22:20:04.825950,2,1,1,10
4,2026-08-27 22:20:04.825950,2,1,1,10
5,2026-08-27 22:20:04.825950,4,3,1,12
6,2026-08-27 22:20:04.825950,1,0,1,14
7,2026-08-27 22:20:04.825950,0,0,0,14
8,2026-08-27 22:20:04.825950,0,0,0,15
1,2026-08-27 23:20:04.825950,5,3,2,15
2,2026-08-27 23:20:04.825950,4,2,2,6
3,2026-08-27 23:20:04.825950,3,2,1,7
4,2026-08-27 23:20:04.825950,5,3,2,6
5,2026-08-27 23:20:04.825950,5,3,2,6
6,2026-08-27 23:20:04.825950,3,2,1,8
7,2026-08-27 23:20:04.825950,3,2,1,8
8,2026-08-27 23:20:04.825950,4,3,1,7
1,2026-08-28 00:20:04.825950,0,0,0,7
2,2026-08-28 00:20:04.825950,1,0,1,14
3,2026-08-28 00:20:04.825950,4,2,2,11
4,2026-08-28 00:20:04.825950,1,0,1,11
5,2026-08-28 00:20:04.825950,2,1,1,14
6,2026-08-28 00:20:04.825950,0,0,0,8
7,2026-08-28 00:20:04.825950,4,3,1,8
8,2026-08-28 00:20:04.825950,1,0,1,10
1,2026-08-28 01:20:04.825950,5,4,1,14
2,2026-08-28 01:20:04.825950,4,2,2,13
3,2026-08-28 01:20:04.825950,2,1,1,6
4,2026-08-28 01:20:04.825950,3,2,1,12
5,2026-08-28 01:20:04.825950,5,4,1,12
6,2026-08-28 01:20:04.825950,1,0,1,11
7,2026-08-28 01:20:04.825950,2,1,1,5
8,2026-08-28 01:20:04.825950,4,3,1,9
1,2026-08-28 02:20:04.825950,4,3,1,12
2,2026-08-28 02:20:04.825950,4,3,1,6
3,2026-08-28 02:20:04.825950,1,0,1,14
4,2026-08-28 02:20:04.825950,4,3,1,7
5,2026-08-28 02:20:04.825950,4,2,2,6
6,2026-08-28 02:20:04.825950,1,0,1,8
7,2026-08-28 02:20:04.825950,5,4,1,12
8,2026-08-28 02:20:04.825950,4,3,1,6
1,2026-08-28 03:20:04.825950,1,0,1,10
2,2026-08-28 03:20:04.825950,1,0,1,13
3,2026-08-28 03:20:04.825950,4,2,2,7
4,2026-08-28 03:20:04.825950,0,0,0,6
5,2026-08-28 03:20:04.825950,1,0,1,11
6,2026-08-28 03:20:04.825950,5,4,1,5
7,2026-08-28 03:20:04.825950,4,2,2,5
8,2026-08-28 03:20:04.825950,0,0,0,13
1,2026-08-28 04:20:04.825950,3,2,1,15
2,2026-08-28 04:20:04.825950,3,2,1,13
3,2026-08-28 04:20:04.825950,4,3,1,15
4,2026-08-28 04:20:04.825950,1,0,1,10
5,2026-08-28 04:20:04.825950,5,4,1,7
6,2026-08-28 04:20:04.825950,1,0,1,11
7,2026-08-28 04:20:04.825950,0,0,0,5
8,2026-08-28 04:20:04.825950,1,0,1,9
1,2026-08-28 05:20:04.825950,1,0,1,15
2,2026-08-28 05:20:04.825950,0,0,0,14
3,2026-08-28 05:20:04.825950,2,1,1,6
4,2026-08-28 05:20:04.825950,2,1,1,7
5,2026-08-28 05:20:04.825950,1,0,1,14
6,2026-08-28 05:20:04.825950,0,0,0,7
7,2026-08-28 05:20:04.825950,5,4,1,14
8,2026-08-28 05:20:04.825950,5,3,2,5
1,2026-08-28 06:20:04.825950,0,0,0,12
2,2026-08-28 06:20:04.825950,2,1,1,13
3,2026-08-28 06:20:04.825950,1,0,1,8
4,2026-08-28 06:20:04.825950,0,0,0,12
5,2026-08-28 06:20:04.825950,0,0,0,14
6,2026-08-28 06:20:04.825950,3,2,1,6
7,2026-08-28 06:20:04.825950,1,0,1,15
8,2026-08-28 06:20:04.825950,1,0,1,6
1,2026-08-28 07:20:04.825950,21,15,6,15
2,2026-08-28 07:20:04.825950,5,4,1,11
3,2026-08-28 07:20:04.825950,3,2,1,7
4,2026-08-28 07:20:04.825950,0,0,0,15
5,2026-08-28 07:20:04.825950,0,0,0,11
6,2026-08-28 07:20:04.825950,3,2,1,7
7,2026-08-28 07:20:04.825950,0,0,0,5
8,2026-08-28 07:20:04.825950,3,2,1,10
1,2026-08-28 08:20:04.825950,34,30,4,30
2,2026-08-28 08:20:04.825950,4,3,1,8
3,2026-08-28 08:20:04.825950,19,15,4,15
4,2026-08-28 08:20:04.825950,3,2,1,13
5,2026-08-28 08:20:04.825950,0,0,0,12
6,2026-08-28 08:20:04.825950,5,4,1,9
7,2026-08-28 08:20:04.825950,4,2,2,9
8,2026-08-28 08:20:04.825950,1,0,1,9
1,2026-08-28 09:20:04.825950,27,22,5,22
2,2026-08-28 09:20:04.825950,2,1,1,14
3,2026-08-28 09:20:04.825950,25,22,3,22
4,2026-08-28 09:20:04.825950,4,3,1,7
5,2026-08-28 09:20:04.825950,0,0,0,14
6,2026-08-28 09:20:04.825950,1,0,1,10
7,2026-08-28 09:20:04.825950,2,1,1,6
8,2026-08-28 09:20:04.825950,5,4,1,5
1,2026-08-28 10:20:04.825950,1,0,1,14
2,2026-08-28 10:20:04.825950,4,3,1,14
3,2026-08-28 10:20:04.825950,13,11,2,11
4,2026-08-28 10:20:04.825950,3,2,1,9
5,2026-08-28 10:20:04.825950,1,0,1,10
6,2026-08-28 10:20:04.825950,4,3,1,10
7,2026-08-28 10:20:04.825950,3,2,1,7
8,2026-08-28 10:20:04.825950,1,0,1,9
1,2026-08-28 11:20:04.825950,0,0,0,7
2,2026-08-28 11:20:04.825950,0,0,0,12
3,2026-08-28 11:20:04.825950,0,0,0,10
4,2026-08-28 11:20:04.825950,16,12,4,13
5,2026-08-28 11:20:04.825950,3,2,1,7
6,2026-08-28 11:20:04.825950,4,3,1,12
7,2026-08-28 11:20:04.825950,5,4,1,6
8,2026-08-28 11:20:04.825950,3,2,1,14
1,2026-08-28 12:20:04.825950,0,0,0,7
2,2026-08-28 12:20:04.825950,1,0,1,13
3,2026-08-28 12:20:04.825950,5,4,1,6
4,2026-08-28 12:20:04.825950,17,12,5,12
5,2026-08-28 12:20:04.825950,5,4,1,5
6,2026-08-28 12:20:04.825950,1,0,1,9
7,2026-08-28 12:20:04.825950,0,0,0,6
8,2026-08-28 12:20:04.825950,0,0,0,11
1,2026-08-28 13:20:04.825950,3,2,1,15
2,2026-08-28 13:20:04.825950,3,2,1,9
3,2026-08-28 13:20:04.825950,4,2,2,12
4,2026-08-28 13:20:04.825950,24,20,4,20
5,2026-08-28 13:20:04.825950,2,1,1,7
6,2026-08-28 13:20:04.825950,1,0,1,6
7,2026-08-28 13:20:04.825950,1,0,1,9
8,2026-08-28 13:20:04.825950,3,2,1,6
1,2026-08-28 14:20:04.825950,0,0,0,6
2,2026-08-28 14:20:04.825950,4,2,2,8
3,2026-08-28 14:20:04.825950,0,0,0,11
4,2026-08-28 14:20:04.825950,4,2,2,12
5,2026-08-28 14:20:04.825950,3,2,1,6
6,2026-08-28 14:20:04.825950,3,2,1,13
7,2026-08-28 14:20:04.825950,0,0,0,13
8,2026-08-28 14:20:04.825950,0,0,0,15
1,2026-08-28 15:20:04.825950,2,1,1,7
2,2026-08-28 15:20:04.825950,4,2,2,6
3,2026-08-28 15:20:04.825950,13,10,3,10
4,2026-08-28 15:20:04.825950,4,2,2,12
5,2026-08-28 15:20:04.825950,0,0,0,12
6,2026-08-28 15:20:04.825950,5,3,2,6
7,2026-08-28 15:20:04.825950,0,0,0,9
8,2026-08-28 15:20:04.825950,2,1,1,9
1,2026-08-28 16:20:04.825950,3,2,1,11
2,2026-08-28 16:20:04.825950,1,0,1,8
3,2026-08-28 16:20:04.825950,10,8,2,8
4,2026-08-28 16:20:04.825950,2,1,1,13
5,2026-08-28 16:20:04.825950,5,3,2,11
6,2026-08-28 16:20:04.825950,5,3,2,9
7,2026-08-28 16:20:04.825950,3,2,1,6
8,2026-08-28 16:20:04.825950,4,2,2,8
1,2026-08-28 17:20:04.825950,26,21,5,21
2,2026-08-28 17:20:04.825950,3,2,1,11
3,2026-08-28 17:20:04.825950,26,22,4,22
4,2026-08-28 17:20:04.825950,2,1,1,13
5,2026-08-28 17:20:04.825950,1,0,1,12
6,2026-08-28 17:20:04.825950,0,0,0,9
7,2026-08-28 17:20:04.825950,3,2,1,6
8,2026-08-28 17:20:04.825950,2,1,1,15
1,2026-08-28 18:20:04.825950,19,16,3,16
2,2026-08-28 18:20:04.825950,0,0,0,12
3,2026-08-28 18:20:04.825950,5,3,2,9
4,2026-08-28 18:20:04.825950,10,8,2,9
5,2026-08-28 18:20:04.825950,4,2,2,13
6,2026-08-28 18:20:04.825950,0,0,0,14
7,2026-08-28 18:20:04.825950,5,4,1,15
8,2026-08-28 18:20:04.825950,5,3,2,5
1,2026-08-28 19:20:04.825950,24,20,4,20
2,2026-08-28 19:20:04.825950,2,1,1,5
3,2026-08-28 19:20:04.825950,2,1,1,13
4,2026-08-28 19:20:04.825950,19,14,5,14
5,2026-08-28 19:20:04.825950,3,2,1,11
6,2026-08-28 19:20:04.825950,4,3,1,12
7,2026-08-28 19:20:04.825950,5,3,2,6
8,2026-08-28 19:20:04.825950,1,0,1,12
1,2026-08-28 20:20:04.825950,23,19,4,19
2,2026-08-28 20:20:04.825950,4,3,1,9
3,2026-08-28 20:20:04.825950,0,0,0,11
4,2026-08-28 20:20:04.825950,12,8,4,9
5,2026-08-28 20:20:04.825950,0,0,0,14
6,2026-08-28 20:20:04.825950,2,1,1,7
7,2026-08-28 20:20:04.825950,2,1,1,8
8,2026-08-28 20:20:04.825950,5,4,1,13
1,2026-08-28 21:20:04.825950,5,4,1,9
2,2026-08-28 21:20:04.825950,4,3,1,6
3,2026-08-28 21:20:04.825950,4,3,1,5
4,2026-08-28 21:20:04.825950,14,10,4,11
5,2026-08-28 21:20:04.825950,5,3,2,8
6,2026-08-28 21:20:04.825950,3,2,1,12
7,2026-08-28 21:20:04.825950,4,3,1,6
8,2026-08-28 21:20:04.825950,0,0,0,7
1,2026-08-28 22:20:04.825950,5,4,1,5
2,2026-08-28 22:20:04.825950,5,4,1,15
3,2026-08-28 22:20:04.825950,2,1,1,13
4,2026-08-28 22:20:04.825950,0,0,0,15
5,2026-08-28 22:20:04.825950,5,4,1,14
6,2026-08-28 22:20:04.825950,4,3,1,14
7,2026-08-28 22:20:04.825950,3,2,1,6
8,2026-08-28 22:20:04.825950,0,0,0,5
1,2026-08-28 23:20:04.825950,5,4,1,13
2,2026-08-28 23:20:04.825950,5,4,1,9
3,2026-08-28 23:20:04.825950,5,4,1,6
4,2026-08-28 23:20:04.825950,4,3,1,9
5,2026-08-28 23:20:04.825950,2,1,1,7
6,2026-08-28 23:20:04.825950,0,0,0,10
7,2026-08-28 23:20:04.825950,4,3,1,8
8,2026-08-28 23:20:04.825950,4,3,1,13
1,2026-08-29 00:20:04.825950,2,1,1,5
2,2026-08-29 00:20:04.825950,4,2,2,5
3,2026-08-29 00:20:04.825950,2,1,1,11
4,2026-08-29 00:20:04.825950,3,2,1,15
5,2026-08-29 00:20:04.825950,0,0,0,7
6,2026-08-29 00:20:04.825950,1,0,1,6
7,2026-08-29 00:20:04.825950,2,1,1,6
8,2026-08-29 00:20:04.825950,5,4,1,7
1,2026-08-29 01:20:04.825950,4,3,1,15
2,2026-08-29 01:20:04.825950,4,3,1,7
3,2026-08-29 01:20:04.825950,4,3,1,13
4,2026-08-29 01:20:04.825950,4,2,2,11
5,2026-08-29 01:20:04.825950,4,3,1,15
6,2026-08-29 01:20:04.825950,3,2,1,5
7,2026-08-29 01:20:04.825950,2,1,1,10
8,2026-08-29 01:20:04.825950,1,0,1,9
1,2026-08-29 02:20:04.825950,0,0,0,11
2,2026-08-29 02:20:04.825950,0,0,0,5
3,2026-08-29 02:20:04.825950,3,2,1,15
4,2026-08-29 02:20:04.825950,1,0,1,9
5,2026-08-29 02:20:04.825950,5,4,1,13
6,2026-08-29 02:20:04.825950,4,2,2,11
7,2026-08-29 02:20:04.825950,2,1,1,12
8,2026-08-29 02:20:04.825950,4,3,1,15
1,2026-08-29 03:20:04.825950,5,4,1,7
2,2026-08-29 03:20:04.825950,2,1,1,14
3,2026-08-29 03:20:04.825950,3,2,1,9
4,2026-08-29 03:20:04.825950,4,3,1,13
5,2026-08-29 03:20:04.825950,1,0,1,14
6,2026-08-29 03:20:04.825950,3,2,1,12
7,2026-08-29 03:20:04.825950,4,3,1,6
8,2026-08-29 03:20:04.825950,3,2,1,13
1,2026-08-29 04:20:04.825950,2,1,1,7
2,2026-08-29 04:20:04.825950,1,0,1,10
3,2026-08-29 04:20:04.825950,4,3,1,15
4,2026-08-29 04:20:04.825950,3,2,1,13
5,2026-08-29 04:20:04.825950,1,0,1,14
6,2026-08-29 04:20:04.825950,1,0,1,11
7,2026-08-29 04:20:04.825950,4,3,1,8
8,2026-08-29 04:20:04.825950,4,2,2,11
1,2026-08-29 05:20:04.825950,1,0,1,11
2,2026-08-29 05:20:04.825950,3,2,1,13
3,2026-08-29 05:20:04.825950,3,2,1,6
4,2026-08-29 05:20:04.825950,3,2,1,6
5,2026-08-29 05:20:04.825950,0,0,0,8
6,2026-08-29 05:20:04.825950,0,0,0,8
7,2026-08-29 05:20:04.825950,2,1,1,14
8,2026-08-29 05:20:04.825950,5,4,1,8
1,2026-08-29 06:20:04.825950,5,3,2,8
2,2026-08-29 06:20:04.825950,1,0,1,11
3,2026-08-29 06:20:04.825950,0,0,0,8
4,2026-08-29 06:20:04.825950,0,0,0,10
5,2026-08-29 06:20:04.825950,4,3,1,11
6,2026-08-29 06:20:04.825950,2,1,1,5
7,2026-08-29 06:20:04.825950,1,0,1,9
8,2026-08-29 06:20:04.825950,2,1,1,9
1,2026-08-29 07:20:04.825950,18,14,4,15
2,2026-08-29 07:20:04.825950,0,0,0,9
3,2026-08-29 07:20:04.825950,2,1,1,14
4,2026-08-29 07:20:04.825950,3,2,1,6
5,2026-08-29 07:20:04.825950,3,2,1,12
6,2026-08-29 07:20:04.825950,5,3,2,13
7,2026-08-29 07:20:04.825950,1,0,1,14
8,2026-08-29 07:20:04.825950,4,3,1,13
1,2026-08-29 08:20:04.825950,21,16,5,16
2,2026-08-29 08:20:04.825950,3,2,1,13
3,2026-08-29 08:20:04.825950,1,0,1,6
4,2026-08-29 08:20:04.825950,3,2,1,13
5,2026-08-29 08:20:04.825950,0,0,0,10
6,2026-08-29 08:20:04.825950,4,2,2,11
7,2026-08-29 08:20:04.825950,5,3,2,9
8,2026-08-29 08:20:04.825950,4,3,1,15
1,2026-08-29 09:20:04.825950,26,21,5,21
2,2026-08-29 09:20:04.825950,3,2,1,13
3,2026-08-29 09:20:04.825950,3,2,1,13
4,2026-08-29 09:20:04.825950,3,2,1,6
5,2026-08-29 09:20:04.825950,2,1,1,9
6,2026-08-29 09:20:04.825950,2,1,1,5
7,2026-08-29 09:20:04.825950,0,0,0,7
8,2026-08-29 09:20:04.825950,5,4,1,7
1,2026-08-29 10:20:04.825950,0,0,0,12
2,2026-08-29 10:20:04.825950,2,1,1,11
3,2026-08-29 10:20:04.825950,5,3,2,6
4,2026-08-29 10:20:04.825950,0,0,0,11
5,2026-08-29 10:20:04.825950,5,4,1,8
6,2026-08-29 10:20:04.825950,4,3,1,13
7,2026-08-29 10:20:04.825950,3,2,1,10
8,2026-08-29 10:20:04.825950,1,0,1,15
1,2026-08-29 11:20:04.825950,1,0,1,14
2,2026-08-29 11:20:04.825950,2,1,1,14
3,2026-08-29 11:20:04.825950,0,0,0,5
4,2026-08-29 11:20:04.825950,10,8,2,15
5,2026-08-29 11:20:04.825950,4,3,1,7
6,2026-08-29 11:20:04.825950,2,1,1,14
7,2026-08-29 11:20:04.825950,2,1,1,9
8,2026-08-29 11:20:04.825950,3,2,1,15
1,2026-08-29 12:20:04.825950,2,1,1,13
2,2026-08-29 12:20:04.825950,4,3,1,12
3,2026-08-29 12:20:04.825950,3,2,1,11
4,2026-08-29 12:20:04.825950,14,9,5,9
5,2026-08-29 12:20:04.825950,2,1,1,10
6,2026-08-29 12:20:04.825950,3,2,1,10
7,2026-08-29 12:20:04.825950,4,3,1,14
8,2026-08-29 12:20:04.825950,3,2,1,9
1,2026-08-29 13:20:04.825950,2,1,1,8
2,2026-08-29 13:20:04.825950,4,3,1,5
3,2026-08-29 13:20:04.825950,3,2,1,10
4,2026-08-29 13:20:04.825950,18,15,3,15
5,2026-08-29 13:20:04.825950,5,3,2,11
6,2026-08-29 13:20:04.825950,2,1,1,5
7,2026-08-29 13:20:04.825950,0,0,0,10
8,2026-08-29 13:20:04.825950,4,3,1,8
1,2026-08-29 14:20:04.825950,0,0,0,15
2,2026-08-29 14:20:04.825950,3,2,1,7
3,2026-08-29 14:20:04.825950,0,0,0,9
4,2026-08-29 14:20:04.825950,1,0,1,12
5,2026-08-29 14:20:04.825950,3,2,1,12
6,2026-08-29 14:20:04.825950,5,4,1,9
7,2026-08-29 14:20:04.825950,3,2,1,10
8,2026-08-29 14:20:04.825950,4,2,2,5
1,2026-08-29 15:20:04.825950,0,0,0,9
2,2026-08-29 15:20:04.825950,5,4,1,6
3,2026-08-29 15:20:04.825950,2,1,1,13
4,2026-08-29 15:20:04.825950,2,1,1,13
5,2026-08-29 15:20:04.825950,5,3,2,5
6,2026-08-29 15:20:04.825950,0,0,0,13
7,2026-08-29 15:20:04.825950,0,0,0,14
8,2026-08-29 15:20:04.825950,4,3,1,12
1,2026-08-29 16:20:04.825950,5,3,2,13
2,2026-08-29 16:20:04.825950,1,0,1,6
3,2026-08-29 16:20:04.825950,1,0,1,10
4,2026-08-29 16:20:04.825950,3,2,1,5
5,2026-08-29 16:20:04.825950,2,1,1,11
6,2026-08-29 16:20:04.825950,2,1,1,15
7,2026-08-29 16:20:04.825950,3,2,1,6
8,2026-08-29 16:20:04.825950,1,0,1,13
1,2026-08-29 17:20:04.825950,24,20,4,20
2,2026-08-29 17:20:04.825950,2,1,1,10
3,2026-08-29 17:20:04.825950,5,4,1,11
4,2026-08-29 17:20:04.825950,4,2,2,13
5,2026-08-29 17:20:04.825950,2,1,1,15
6,2026-08-29 17:20:04.825950,1,0,1,9
7,2026-08-29 17:20:04.825950,4,2,2,7
8,2026-08-29 17:20:04.825950,0,0,0,8
1,2026-08-29 18:20:04.825950,29,25,4,25
2,2026-08-29 18:20:04.825950,2,1,1,15
3,2026-08-29 18:20:04.825950,3,2,1,15
4,2026-08-29 18:20:04.825950,16,13,3,13
5,2026-08-29 18:20:04.825950,5,3,2,8
6,2026-08-29 18:20:04.825950,0,0,0,8
7,2026-08-29 18:20:04.825950,1,0,1,12
8,2026-08-29 18:20:04.825950,2,1,1,14
1,2026-08-29 19:20:04.825950,35,29,6,29
2,2026-08-29 19:20:04.825950,5,4,1,6
3,2026-08-29 19:20:04.825950,3,2,1,11
4,2026-08-29 19:20:04.825950,14,11,3,15
5,2026-08-29 19:20:04.825950,5,4,1,7
6,2026-08-29 19:20:04.825950,3,2,1,8
7,2026-08-29 19:20:04.825950,4,3,1,15
8,2026-08-29 19:20:04.825950,1,0,1,12
1,2026-08-29 20:20:04.825950,17,14,3,14
2,2026-08-29 20:20:04.825950,0,0,0,11
3,2026-08-29 20:20:04.825950,1,0,1,9
4,2026-08-29 20:20:04.825950,22,16,6,16
5,2026-08-29 20:20:04.825950,4,3,1,8
6,2026-08-29 20:20:04.825950,2,1,1,13
7,2026-08-29 20:20:04.825950,1,0,1,8
8,2026-08-29 20:20:04.825950,2,1,1,9
1,2026-08-29 21:20:04.825950,0,0,0,15
2,2026-08-29 21:20:04.825950,5,3,2,6
3,2026-08-29 21:20:04.825950,5,4,1,12
4,2026-08-29 21:20:04.825950,21,15,6,15
5,2026-08-29 21:20:04.825950,3,2,1,7
6,2026-08-29 21:20:04.825950,2,1,1,15
7,2026-08-29 21:20:04.825950,2,1,1,11
8,2026-08-29 21:20:04.825950,0,0,0,8
1,2026-08-29 22:20:04.825950,4,3,1,6
2,2026-08-29 22:20:04.825950,3,2,1,8
3,2026-08-29 22:20:04.825950,3,2,1,13
4,2026-08-29 22:20:04.825950,0,0,0,15
5,2026-08-29 22:20:04.825950,5,4,1,15
6,2026-08-29 22:20:04.825950,2,1,1,14
7,2026-08-29 22:20:04.825950,0,0,0,12
8,2026-08-29 22:20:04.825950,4,3,1,9
1,2026-08-29 23:20:04.825950,4,3,1,14
2,2026-08-29 23:20:04.825950,4,3,1,14
3,2026-08-29 23:20:04.825950,4,3,1,7
4,2026-08-29 23:20:04.825950,5,4,1,9
5,2026-08-29 23:20:04.825950,2,1,1,7
6,2026-08-29 23:20:04.825950,3,2,1,12
7,2026-08-29 23:20:04.825950,5,3,2,11
8,2026-08-29 23:20:04.825950,1,0,1,6
1,2026-08-30 00:20:04.825950,5,4,1,13
2,2026-08-30 00:20:04.825950,5,4,1,9
3,2026-08-30 00:20:04.825950,1,0,1,8
4,2026-08-30 00:20:04.825950,4,3,1,14
5,2026-08-30 00:20:04.825950,3,2,1,8
6,2026-08-30 00:20:04.825950,1,0,1,6
7,2026-08-30 00:20:04.825950,1,0,1,15
8,2026-08-30 00:20:04.825950,5,4,1,5
1,2026-08-30 01:20:04.825950,3,2,1,7
2,2026-08-30 01:20:04.825950,4,2,2,7
3,2026-08-30 01:20:04.825950,4,3,1,5
4,2026-08-30 01:20:04.825950,5,4,1,8
5,2026-08-30 01:20:04.825950,1,0,1,5
6,2026-08-30 01:20:04.825950,0,0,0,8
7,2026-08-30 01:20:04.825950,1,0,1,5
8,2026-08-30 01:20:04.825950,0,0,0,11
1,2026-08-30 02:20:04.825950,3,2,1,6
2,2026-08-30 02:20:04.825950,0,0,0,13
3,2026-08-30 02:20:04.825950,5,4,1,13
4,2026-08-30 02:20:04.825950,5,3,2,11
5,2026-08-30 02:20:04.825950,0,0,0,6
6,2026-08-30 02:20:04.825950,2,1,1,11
7,2026-08-30 02:20:04.825950,0,0,0,8
8,2026-08-30 02:20:04.825950,4,3,1,10
1,2026-08-30 03:20:04.825950,5,3,2,6
2,2026-08-30 03:20:04.825950,4,3,1,5
3,2026-08-30 03:20:04.825950,3,2,1,13
4,2026-08-30 03:20:04.825950,5,3,2,10
5,2026-08-30 03:20:04.825950,2,1,1,14
6,2026-08-30 03:20:04.825950,2,1,1,6
7,2026-08-30 03:20:04.825950,0,0,0,5
8,2026-08-30 03:20:04.825950,3,2,1,11
1,2026-08-30 04:20:04.825950,1,0,1,9
2,2026-08-30 04:20:04.825950,2,1,1,14
3,2026-08-30 04:20:04.825950,3,2,1,6
4,2026-08-30 04:20:04.825950,2,1,1,5
5,2026-08-30 04:20:04.825950,3,2,1,15
6,2026-08-30 04:20:04.825950,3,2,1,6
7,2026-08-30 04:20:04.825950,0,0,0,15
8,2026-08-30 04:20:04.825950,3,2,1,9
1,2026-08-30 05:20:04.825950,0,0,0,8
2,2026-08-30 05:20:04.825950,2,1,1,12
3,2026-08-30 05:20:04.825950,4,3,1,11
4,2026-08-30 05:20:04.825950,4,3,1,14
5,2026-08-30 05:20:04.825950,2,1,1,12
6,2026-08-30 05:20:04.825950,0,0,0,5
7,2026-08-30 05:20:04.825950,2,1,1,8
8,2026-08-30 05:20:04.825950,3,2,1,8
1,2026-08-30 06:20:04.825950,2,1,1,11
2,2026-08-30 06:20:04.825950,4,3,1,14
3,2026-08-30 06:20:04.825950,4,3,1,11
4,2026-08-30 06:20:04.825950,4,3,1,5
5,2026-08-30 06:20:04.825950,4,2,2,11
6,2026-08-30 06:20:04.825950,4,3,1,15
7,2026-08-30 06:20:04.825950,4,2,2,13
8,2026-08-30 06:20:04.825950,5,4,1,12
1,2026-08-30 07:20:04.825950,21,16,5,16
2,2026-08-30 07:20:04.825950,4,3,1,10
3,2026-08-30 07:20:04.825950,3,2,1,14
4,2026-08-30 07:20:04.825950,3,2,1,5
5,2026-08-30 07:20:04.825950,5,4,1,7
6,2026-08-30 07:20:04.825950,0,0,0,7
7,2026-08-30 07:20:04.825950,3,2,1,10
8,2026-08-30 07:20:04.825950,3,2,1,15
1,2026-08-30 08:20:04.825950,24,18,6,18
2,2026-08-30 08:20:04.825950,0,0,0,5
3,2026-08-30 08:20:04.825950,4,3,1,7
4,2026-08-30 08:20:04.825950,0,0,0,10
5,2026-08-30 08:20:04.825950,2,1,1,6
6,2026-08-30 08:20:04.825950,3,2,1,9
7,2026-08-30 08:20:04.825950,5,3,2,7
8,2026-08-30 08:20:04.825950,3,2,1,14
1,2026-08-30 09:20:04.825950,18,12,6,15
2,2026-08-30 09:20:04.825950,5,4,1,9
3,2026-08-30 09:20:04.825950,0,0,0,14
4,2026-08-30 09:20:04.825950,3,2,1,11
5,2026-08-30 09:20:04.825950,2,1,1,7
6,2026-08-30 09:20:04.825950,4,3,1,10
7,2026-08-30 09:20:04.825950,4,3,1,12
8,2026-08-30 09:20:04.825950,0,0,0,9
1,2026-08-30 10:20:04.825950,5,4,1,9
2,2026-08-30 10:20:04.825950,1,0,1,13
3,2026-08-30 10:20:04.825950,2,1,1,10
4,2026-08-30 10:20:04.825950,3,2,1,5
5,2026-08-30 10:20:04.825950,2,1,1,13
6,2026-08-30 10:20:04.825950,1,0,1,14
7,2026-08-30 10:20:04.825950,1,0,1,10
8,2026-08-30 10:20:04.825950,3,2,1,14
1,2026-08-30 11:20:04.825950,0,0,0,5
2,2026-08-30 11:20:04.825950,0,0,0,8
3,2026-08-30 11:20:04.825950,5,4,1,11
4,2026-08-30 11:20:04.825950,12,9,3,9
5,2026-08-30 11:20:04.825950,1,0,1,12
6,2026-08-30 11:20:04.825950,1,0,1,13
7,2026-08-30 11:20:04.825950,4,3,1,9
8,2026-08-30 11:20:04.825950,0,0,0,12
1,2026-08-30 12:20:04.825950,4,3,1,13
2,2026-08-30 12:20:04.825950,1,0,1,9
3,2026-08-30 12:20:04.825950,5,3,2,6
4,2026-08-30 12:20:04.825950,17,12,5,13
5,2026-08-30 12:20:04.825950,2,1,1,6
6,2026-08-30 12:20:04.825950,0,0,0,13
7,2026-08-30 12:20:04.825950,5,4,1,5
8,2026-08-30 12:20:04.825950,0,0,0,10
1,2026-08-30 13:20:04.825950,0,0,0,12
2,2026-08-30 13:20:04.825950,0,0,0,15
3,2026-08-30 13:20:04.825950,0,0,0,11
4,2026-08-30 13:20:04.825950,10,8,2,8
5,2026-08-30 13:20:04.825950,3,2,1,14
6,2026-08-30 13:20:04.825950,1,0,1,5
7,2026-08-30 13:20:04.825950,3,2,1,11
8,2026-08-30 13:20:04.825950,4,3,1,5
1,2026-08-30 14:20:04.825950,0,0,0,9
2,2026-08-30 14:20:04.825950,5,4,1,15
3,2026-08-30 14:20:04.825950,0,0,0,14
4,2026-08-30 14:20:04.825950,2,1,1,10
5,2026-08-30 14:20:04.825950,5,3,2,15
6,2026-08-30 14:20:04.825950,1,0,1,13
7,2026-08-30 14:20:04.825950,3,2,1,13
8,2026-08-30 14:20:04.825950,4,2,2,11
1,2026-08-30 15:20:04.825950,2,1,1,9
2,2026-08-30 15:20:04.825950,2,1,1,6
3,2026-08-30 15:20:04.825950,3,2,1,6
4,2026-08-30 15:20:04.825950,4,3,1,13
5,2026-08-30 15:20:04.825950,1,0,1,8
6,2026-08-30 15:20:04.825950,2,1,1,6
7,2026-08-30 15:20:04.825950,1,0,1,6
8,2026-08-30 15:20:04.825950,0,0,0,5
1,2026-08-30 16:20:04.825950,1,0,1,13
2,2026-08-30 16:20:04.825950,5,4,1,8
3,2026-08-30 16:20:04.825950,5,3,2,12
4,2026-08-30 16:20:04.825950,2,1,1,10
5,2026-08-30 16:20:04.825950,3,2,1,8
6,2026-08-30 16:20:04.825950,2,1,1,7
7,2026-08-30 16:20:04.825950,3,2,1,11
8,2026-08-30 16:20:04.825950,2,1,1,11
1,2026-08-30 17:20:04.825950,28,22,6,22
2,2026-08-30 17:20:04.825950,4,2,2,9
3,2026-08-30 17:20:04.825950,2,1,1,13
4,2026-08-30 17:20:04.825950,1,0,1,7
5,2026-08-30 17:20:04.825950,2,1,1,11
6,2026-08-30 17:20:04.825950,5,4,1,9
7,2026-08-30 17:20:04.825950,3,2,1,13
8,2026-08-30 17:20:04.825950,0,0,0,5
1,2026-08-30 18:20:04.825950,32,28,4,28
2,2026-08-30 18:20:04.825950,3,2,1,14
3,2026-08-30 18:20:04.825950,2,1,1,10
4,2026-08-30 18:20:04.825950,15,11,4,11
5,2026-08-30 18:20:04.825950,5,4,1,14
6,2026-08-30 18:20:04.825950,0,0,0,10
7,2026-08-30 18:20:04.825950,2,1,1,12
8,2026-08-30 18:20:04.825950,5,4,1,5
1,2026-08-30 19:20:04.825950,23,20,3,20
2,2026-08-30 19:20:04.825950,0,0,0,12
3,2026-08-30 19:20:04.825950,4,3,1,6
4,2026-08-30 19:20:04.825950,24,16,8,16
5,2026-08-30 19:20:04.825950,2,1,1,12
6,2026-08-30 19:20:04.825950,5,3,2,15
7,2026-08-30 19:20:04.825950,5,3,2,15
8,2026-08-30 19:20:04.825950,0,0,0,14
1,2026-08-30 20:20:04.825950,24,18,6,18
2,2026-08-30 20:20:04.825950,5,4,1,15
3,2026-08-30 20:20:04.825950,1,0,1,6
4,2026-08-30 20:20:04.825950,17,12,5,12
5,2026-08-30 20:20:04.825950,4,3,1,5
6,2026-08-30 20:20:04.825950,0,0,0,11
7,2026-08-30 20:20:04.825950,5,4,1,6
8,2026-08-30 20:20:04.825950,2,1,1,8
1,2026-08-30 21:20:04.825950,5,4,1,10
2,2026-08-30 21:20:04.825950,5,4,1,14
3,2026-08-30 21:20:04.825950,2,1,1,14
4,2026-08-30 21:20:04.825950,12,9,3,9
5,2026-08-30 21:20:04.825950,3,2,1,12
6,2026-08-30 21:20:04.825950,5,3,2,7
7,2026-08-30 21:20:04.825950,3,2,1,5
8,2026-08-30 21:20:04.825950,2,1,1,14
1,2026-08-30 22:20:04.825950,5,3,2,5
2,2026-08-30 22:20:04.825950,1,0,1,6
3,2026-08-30 22:20:04.825950,0,0,0,11
4,2026-08-30 22:20:04.825950,2,1,1,14
5,2026-08-30 22:20:04.825950,1,0,1,5
6,2026-08-30 22:20:04.825950,1,0,1,14
7,2026-08-30 22:20:04.825950,0,0,0,10
8,2026-08-30 22:20:04.825950,1,0,1,8
1,2026-08-30 23:20:04.825950,3,2,1,14
2,2026-08-30 23:20:04.825950,5,4,1,9
3,2026-08-30 23:20:04.825950,0,0,0,9
4,2026-08-30 23:20:04.825950,5,4,1,6
5,2026-08-30 23:20:04.825950,1,0,1,10
6,2026-08-30 23:20:04.825950,4,3,1,7
7,2026-08-30 23:20:04.825950,4,3,1,8
8,2026-08-30 23:20:04.825950,2,1,1,10
1,2026-08-31 00:20:04.825950,1,0,1,11
2,2026-08-31 00:20:04.825950,0,0,0,11
3,2026-08-31 00:20:04.825950,3,2,1,14
4,2026-08-31 00:20:04.825950,0,0,0,11
5,2026-08-31 00:20:04.825950,4,3,1,13
6,2026-08-31 00:20:04.825950,0,0,0,11
7,2026-08-31 00:20:04.825950,5,3,2,9
8,2026-08-31 00:20:04.825950,0,0,0,8
1,2026-08-31 01:20:04.825950,3,2,1,15
2,2026-08-31 01:20:04.825950,1,0,1,8
3,2026-08-31 01:20:04.825950,5,3,2,9
4,2026-08-31 01:20:04.825950,2,1,1,10
5,2026-08-31 01:20:04.825950,1,0,1,11
6,2026-08-31 01:20:04.825950,3,2,1,7
7,2026-08-31 01:20:04.825950,2,1,1,8
8,2026-08-31 01:20:04.825950,1,0,1,5
1,2026-08-31 02:20:04.825950,0,0,0,11
2,2026-08-31 02:20:04.825950,2,1,1,11
3,2026-08-31 02:20:04.825950,1,0,1,12
4,2026-08-31 02:20:04.825950,4,3,1,14
5,2026-08-31 02:20:04.825950,0,0,0,15
6,2026-08-31 02:20:04.825950,4,3,1,7
7,2026-08-31 02:20:04.825950,1,0,1,9
8,2026-08-31 02:20:04.825950,2,1,1,6
1,2026-08-31 03:20:04.825950,0,0,0,5
2,2026-08-31 03:20:04.825950,4,2,2,11
3,2026-08-31 03:20:04.825950,5,3,2,8
4,2026-08-31 03:20:04.825950,0,0,0,13
5,2026-08-31 03:20:04.825950,4,3,1,13
6,2026-08-31 03:20:04.825950,2,1,1,7
7,2026-08-31 03:20:04.825950,0,0,0,11
8,2026-08-31 03:20:04.825950,3,2,1,7
1,2026-08-31 04:20:04.825950,4,3,1,9
2,2026-08-31 04:20:04.825950,5,3,2,12
3,2026-08-31 04:20:04.825950,2,1,1,14
4,2026-08-31 04:20:04.825950,4,3,1,13
5,2026-08-31 04:20:04.825950,3,2,1,14
6,2026-08-31 04:20:04.825950,1,0,1,14
7,2026-08-31 04:20:04.825950,5,4,1,11
8,2026-08-31 04:20:04.825950,2,1,1,5
1,2026-08-31 05:20:04.825950,1,0,1,8
2,2026-08-31 05:20:04.825950,3,2,1,7
3,2026-08-31 05:20:04.825950,0,0,0,7
4,2026-08-31 05:20:04.825950,3,2,1,13
5,2026-08-31 05:20:04.825950,1,0,1,12
6,2026-08-31 05:20:04.825950,3,2,1,14
7,2026-08-31 05:20:04.825950,1,0,1,12
8,2026-08-31 05:20:04.825950,0,0,0,10
1,2026-08-31 06:20:04.825950,1,0,1,13
2,2026-08-31 06:20:04.825950,0,0,0,11
3,2026-08-31 06:20:04.825950,5,4,1,6
4,2026-08-31 06:20:04.825950,5,4,1,15
5,2026-08-31 06:20:04.825950,1,0,1,13
6,2026-08-31 06:20:04.825950,0,0,0,12
7,2026-08-31 06:20:04.825950,5,3,2,10
8,2026-08-31 06:20:04.825950,4,2,2,6
1,2026-08-31 07:20:04.825950,28,20,8,20
2,2026-08-31 07:20:04.825950,2,1,1,6
3,2026-08-31 07:20:04.825950,5,4,1,10
4,2026-08-31 07:20:04.825950,4,3,1,12
5,2026-08-31 07:20:04.825950,1,0,1,6
6,2026-08-31 07:20:04.825950,3,2,1,5
7,2026-08-31 07:20:04.825950,5,3,2,10
8,2026-08-31 07:20:04.825950,1,0,1,14
1,2026-08-31 08:20:04.825950,18,14,4,14
2,2026-08-31 08:20:04.825950,4,3,1,13
3,2026-08-31 08:20:04.825950,29,25,4,25
4,2026-08-31 08:20:04.825950,2,1,1,9
5,2026-08-31 08:20:04.825950,0,0,0,13
6,2026-08-31 08:20:04.825950,1,0,1,12
7,2026-08-31 08:20:04.825950,1,0,1,7
8,2026-08-31 08:20:04.825950,4,2,2,9
1,2026-08-31 09:20:04.825950,23,18,5,18
2,2026-08-31 09:20:04.825950,1,0,1,7
3,2026-08-31 09:20:04.825950,18,12,6,12
4,2026-08-31 09:20:04.825950,3,2,1,15
5,2026-08-31 09:20:04.825950,1,0,1,13
6,2026-08-31 09:20:04.825950,5,3,2,11
7,2026-08-31 09:20:04.825950,2,1,1,8
8,2026-08-31 09:20:04.825950,5,3,2,7
1,2026-08-31 10:20:04.825950,5,4,1,5
2,2026-08-31 10:20:04.825950,1,0,1,8
3,2026-08-31 10:20:04.825950,18,15,3,15
4,2026-08-31 10:20:04.825950,1,0,1,7
5,2026-08-31 10:20:04.825950,5,3,2,10
6,2026-08-31 10:20:04.825950,1,0,1,6
7,2026-08-31 10:20:04.825950,1,0,1,8
8,2026-08-31 10:20:04.825950,0,0,0,7
1,2026-08-31 11:20:04.825950,4,2,2,10
2,2026-08-31 11:20:04.825950,0,0,0,11
3,2026-08-31 11:20:04.825950,1,0,1,5
4,2026-08-31 11:20:04.825950,21,15,6,15
5,2026-08-31 11:20:04.825950,3,2,1,11
6,2026-08-31 11:20:04.825950,4,2,2,13
7,2026-08-31 11:20:04.825950,1,0,1,6
8,2026-08-31 11:20:04.825950,5,3,2,7
1,2026-08-31 12:20:04.825950,4,2,2,15
2,2026-08-31 12:20:04.825950,5,4,1,6
3,2026-08-31 12:20:04.825950,3,2,1,14
4,2026-08-31 12:20:04.825950,12,9,3,13
5,2026-08-31 12:20:04.825950,1,0,1,5
6,2026-08-31 12:20:04.825950,2,1,1,13
7,2026-08-31 12:20:04.825950,2,1,1,11
8,2026-08-31 12:20:04.825950,3,2,1,14
1,2026-08-31 13:20:04.825950,0,0,0,8
2,2026-08-31 13:20:04.825950,0,0,0,5
3,2026-08-31 13:20:04.825950,4,2,2,11
4,2026-08-31 13:20:04.825950,19,16,3,16
5,2026-08-31 13:20:04.825950,3,2,1,5
6,2026-08-31 13:20:04.825950,3,2,1,11
7,2026-08-31 13:20:04.825950,1,0,1,13
8,2026-08-31 13:20:04.825950,3,2,1,5
1,2026-08-31 14:20:04.825950,2,1,1,9
2,2026-08-31 14:20:04.825950,2,1,1,12
3,2026-08-31 14:20:04.825950,3,2,1,8
4,2026-08-31 14:20:04.825950,5,3,2,8
5,2026-08-31 14:20:04.825950,5,3,2,11
6,2026-08-31 14:20:04.825950,2,1,1,15
7,2026-08-31 14:20:04.825950,4,3,1,12
8,2026-08-31 14:20:04.825950,1,0,1,7
1,2026-08-31 15:20:04.825950,3,2,1,6
2,2026-08-31 15:20:04.825950,0,0,0,7
3,2026-08-31 15:20:04.825950,18,15,3,15
4,2026-08-31 15:20:04.825950,1,0,1,10
5,2026-08-31 15:20:04.825950,5,4,1,10
6,2026-08-31 15:20:04.825950,2,1,1,6
7,2026-08-31 15:20:04.825950,5,4,1,13
8,2026-08-31 15:20:04.825950,5,4,1,5
1,2026-08-31 16:20:04.825950,4,3,1,14
2,2026-08-31 16:20:04.825950,5,4,1,14
3,2026-08-31 16:20:04.825950,17,14,3,14
4,2026-08-31 16:20:04.825950,5,3,2,14
5,2026-08-31 16:20:04.825950,4,3,1,9
6,2026-08-31 16:20:04.825950,1,0,1,10
7,2026-08-31 16:20:04.825950,1,0,1,9
8,2026-08-31 16:20:04.825950,3,2,1,7
1,2026-08-31 17:20:04.825950,18,13,5,13
2,2026-08-31 17:20:04.825950,1,0,1,8
3,2026-08-31 17:20:04.825950,17,12,5,12
4,2026-08-31 17:20:04.825950,5,4,1,11
5,2026-08-31 17:20:04.825950,0,0,0,9
6,2026-08-31 17:20:04.825950,2,1,1,11
7,2026-08-31 17:20:04.825950,5,4,1,9
8,2026-08-31 17:20:04.825950,3,2,1,12
1,2026-08-31 18:20:04.825950,26,21,5,21
2,2026-08-31 18:20:04.825950,2,1,1,10
3,2026-08-31 18:20:04.825950,1,0,1,14
4,2026-08-31 18:20:04.825950,17,13,4,14
5,2026-08-31 18:20:04.825950,4,3,1,6
6,2026-08-31 18:20:04.825950,3,2,1,9
7,2026-08-31 18:20:04.825950,1,0,1,10
8,2026-08-31 18:20:04.825950,2,1,1,13
1,2026-08-31 19:20:04.825950,20,16,4,16
2,2026-08-31 19:20:04.825950,2,1,1,10
3,2026-08-31 19:20:04.825950,1,0,1,14
4,2026-08-31 19:20:04.825950,16,13,3,13
5,2026-08-31 19:20:04.825950,4,3,1,9
6,2026-08-31 19:20:04.825950,3,2,1,8
7,2026-08-31 19:20:04.825950,0,0,0,9
8,2026-08-31 19:20:04.825950,1,0,1,14
1,2026-08-31 20:20:04.825950,23,16,7,16
2,2026-08-31 20:20:04.825950,2,1,1,15
3,2026-08-31 20:20:04.825950,2,1,1,14
4,2026-08-31 20:20:04.825950,14,12,2,12
5,2026-08-31 20:20:04.825950,3,2,1,9
6,2026-08-31 20:20:04.825950,2,1,1,8
7,2026-08-31 20:20:04.825950,5,4,1,12
8,2026-08-31 20:20:04.825950,4,3,1,15
1,2026-08-31 21:20:04.825950,3,2,1,15
2,2026-08-31 21:20:04.825950,0,0,0,15
3,2026-08-31 21:20:04.825950,5,4,1,12
4,2026-08-31 21:20:04.825950,19,16,3,16
5,2026-08-31 21:20:04.825950,0,0,0,13
6,2026-08-31 21:20:04.825950,3,2,1,13
7,2026-08-31 21:20:04.825950,2,1,1,8
8,2026-08-31 21:20:04.825950,2,1,1,15
1,2026-08-31 22:20:04.825950,2,1,1,7
2,2026-08-31 22:20:04.825950,3,2,1,13
3,2026-08-31 22:20:04.825950,3,2,1,15
4,2026-08-31 22:20:04.825950,5,4,1,12
5,2026-08-31 22:20:04.825950,0,0,0,8
6,2026-08-31 22:20:04.825950,5,4,1,15
7,2026-08-31 22:20:04.825950,5,3,2,13
8,2026-08-31 22:20:04.825950,3,2,1,7
1,2026-08-31 23:20:04.825950,1,0,1,12
2,2026-08-31 23:20:04.825950,3,2,1,11
3,2026-08-31 23:20:04.825950,3,2,1,11
4,2026-08-31 23:20:04.825950,1,0,1,5
5,2026-08-31 23:20:04.825950,0,0,0,5
6,2026-08-31 23:20:04.825950,5,4,1,15
7,2026-08-31 23:20:04.825950,5,3,2,7
8,2026-08-31 23:20:04.825950,3,2,1,6
1,2026-09-01 00:20:04.825950,0,0,0,10
2,2026-09-01 00:20:04.825950,2,1,1,15
3,2026-09-01 00:20:04.825950,0,0,0,7
4,2026-09-01 00:20:04.825950,3,2,1,7
5,2026-09-01 00:20:04.825950,5,3,2,9
6,2026-09-01 00:20:04.825950,1,0,1,15
7,2026-09-01 00:20:04.825950,1,0,1,5
8,2026-09-01 00:20:04.825950,4,3,1,14
1,2026-09-01 01:20:04.825950,5,4,1,8
2,2026-09-01 01:20:04.825950,3,2,1,15
3,2026-09-01 01:20:04.825950,5,3,2,7
4,2026-09-01 01:20:04.825950,0,0,0,8
5,2026-09-01 01:20:04.825950,3,2,1,10
6,2026-09-01 01:20:04.825950,5,3,2,11
7,2026-09-01 01:20:04.825950,1,0,1,5
8,2026-09-01 01:20:04.825950,4,3,1,14
1,2026-09-01 02:20:04.825950,5,4,1,12
2,2026-09-01 02:20:04.825950,1,0,1,10
3,2026-09-01 02:20:04.825950,4,3,1,15
4,2026-09-01 02:20:04.825950,5,3,2,8
5,2026-09-01 02:20:04.825950,1,0,1,15
6,2026-09-01 02:20:04.825950,5,4,1,12
7,2026-09-01 02:20:04.825950,1,0,1,8
8,2026-09-01 02:20:04.825950,4,3,1,7
1,2026-09-01 03:20:04.825950,0,0,0,12
2,2026-09-01 03:20:04.825950,5,4,1,8
3,2026-09-01 03:20:04.825950,2,1,1,8
4,2026-09-01 03:20:04.825950,3,2,1,13
5,2026-09-01 03:20:04.825950,2,1,1,12
6,2026-09-01 03:20:04.825950,3,2,1,5
7,2026-09-01 03:20:04.825950,4,3,1,5
8,2026-09-01 03:20:04.825950,4,2,2,14
1,2026-09-01 04:20:04.825950,3,2,1,6
2,2026-09-01 04:20:04.825950,4,3,1,8
3,2026-09-01 04:20:04.825950,3,2,1,5
4,2026-09-01 04:20:04.825950,3,2,1,11
5,2026-09-01 04:20:04.825950,0,0,0,13
6,2026-09-01 04:20:04.825950,1,0,1,13
7,2026-09-01 04:20:04.825950,5,4,1,7
8,2026-09-01 04:20:04.825950,5,3,2,12
1,2026-09-01 05:20:04.825950,5,4,1,15
2,2026-09-01 05:20:04.825950,3,2,1,9
3,2026-09-01 05:20:04.825950,4,3,1,11
4,2026-09-01 05:20:04.825950,3,2,1,12
5,2026-09-01 05:20:04.825950,2,1,1,8
6,2026-09-01 05:20:04.825950,1,0,1,7
7,2026-09-01 05:20:04.825950,1,0,1,13
8,2026-09-01 05:20:04.825950,0,0,0,14
1,2026-09-01 06:20:04.825950,2,1,1,7
2,2026-09-01 06:20:04.825950,2,1,1,15
3,2026-09-01 06:20:04.825950,5,4,1,15
4,2026-09-01 06:20:04.825950,5,4,1,7
5,2026-09-01 06:20:04.825950,1,0,1,10
6,2026-09-01 06:20:04.825950,3,2,1,7
7,2026-09-01 06:20:04.825950,4,3,1,10
8,2026-09-01 06:20:04.825950,1,0,1,5
1,2026-09-01 07:20:04.825950,25,21,4,21
2,2026-09-01 07:20:04.825950,5,3,2,8
3,2026-09-01 07:20:04.825950,0,0,0,6
4,2026-09-01 07:20:04.825950,4,2,2,11
5,2026-09-01 07:20:04.825950,5,4,1,9
6,2026-09-01 07:20:04.825950,0,0,0,5
7,2026-09-01 07:20:04.825950,3,2,1,8
8,2026-09-01 07:20:04.825950,4,3,1,6
1,2026-09-01 08:20:04.825950,30,21,9,21
2,2026-09-01 08:20:04.825950,0,0,0,11
3,2026-09-01 08:20:04.825950,23,19,4,19
4,2026-09-01 08:20:04.825950,2,1,1,8
5,2026-09-01 08:20:04.825950,4,3,1,12
6,2026-09-01 08:20:04.825950,5,3,2,6
7,2026-09-01 08:20:04.825950,2,1,1,12
8,2026-09-01 08:20:04.825950,0,0,0,9
1,2026-09-01 09:20:04.825950,21,18,3,18
2,2026-09-01 09:20:04.825950,5,3,2,6
3,2026-09-01 09:20:04.825950,21,15,6,15
4,2026-09-01 09:20:04.825950,5,3,2,11
5,2026-09-01 09:20:04.825950,2,1,1,15
6,2026-09-01 09:20:04.825950,0,0,0,11
7,2026-09-01 09:20:04.825950,4,3,1,14
8,2026-09-01 09:20:04.825950,2,1,1,12
1,2026-09-01 10:20:04.825950,2,1,1,5
2,2026-09-01 10:20:04.825950,3,2,1,7
3,2026-09-01 10:20:04.825950,18,13,5,13
4,2026-09-01 10:20:04.825950,5,3,2,14
5,2026-09-01 10:20:04.825950,5,3,2,7
6,2026-09-01 10:20:04.825950,5,4,1,7
7,2026-09-01 10:20:04.825950,2,1,1,8
8,2026-09-01 10:20:04.825950,4,2,2,11
1,2026-09-01 11:20:04.825950,4,3,1,13
2,2026-09-01 11:20:04.825950,4,3,1,11
3,2026-09-01 11:20:04.825950,0,0,0,13
4,2026-09-01 11:20:04.825950,16,11,5,11
5,2026-09-01 11:20:04.825950,3,2,1,8
6,2026-09-01 11:20:04.825950,0,0,0,7
7,2026-09-01 11:20:04.825950,1,0,1,11
8,2026-09-01 11:20:04.825950,5,4,1,12
1,2026-09-01 12:20:04.825950,2,1,1,13
2,2026-09-01 12:20:04.825950,4,3,1,15
3,2026-09-01 12:20:04.825950,4,3,1,8
4,2026-09-01 12:20:04.825950,18,15,3,15
5,2026-09-01 12:20:04.825950,4,3,1,9
6,2026-09-01 12:20:04.825950,1,0,1,6
7,2026-09-01 12:20:04.825950,5,4,1,10
8,2026-09-01 12:20:04.825950,2,1,1,13
1,2026-09-01 13:20:04.825950,5,4,1,14
2,2026-09-01 13:20:04.825950,5,3,2,8
3,2026-09-01 13:20:04.825950,0,0,0,7
4,2026-09-01 13:20:04.825950,19,13,6,13
5,2026-09-01 13:20:04.825950,2,1,1,11
6,2026-09-01 13:20:04.825950,2,1,1,14
7,2026-09-01 13:20:04.825950,5,3,2,9
8,2026-09-01 13:20:04.825950,3,2,1,5
1,2026-09-01 14:20:04.825950,0,0,0,13
2,2026-09-01 14:20:04.825950,3,2,1,9
3,2026-09-01 14:20:04.825950,4,3,1,11
4,2026-09-01 14:20:04.825950,3,2,1,14
5,2026-09-01 14:20:04.825950,3,2,1,9
6,2026-09-01 14:20:04.825950,0,0,0,8
7,2026-09-01 14:20:04.825950,3,2,1,11
8,2026-09-01 14:20:04.825950,5,4,1,9
1,2026-09-01 15:20:04.825950,2,1,1,11
2,2026-09-01 15:20:04.825950,1,0,1,8
3,2026-09-01 15:20:04.825950,19,13,6,13
4,2026-09-01 15:20:04.825950,2,1,1,14
5,2026-09-01 15:20:04.825950,1,0,1,12
6,2026-09-01 15:20:04.825950,0,0,0,15
7,2026-09-01 15:20:04.825950,4,3,1,7
8,2026-09-01 15:20:04.825950,4,3,1,8
1,2026-09-01 16:20:04.825950,2,1,1,10
2,2026-09-01 16:20:04.825950,4,3,1,5
3,2026-09-01 16:20:04.825950,22,16,6,16
4,2026-09-01 16:20:04.825950,4,2,2,11
5,2026-09-01 16:20:04.825950,5,3,2,9
6,2026-09-01 16:20:04.825950,1,0,1,10
7,2026-09-01 16:20:04.825950,4,3,1,13
8,2026-09-01 16:20:04.825950,4,3,1,14
1,2026-09-01 17:20:04.825950,29,22,7,22
2,2026-09-01 17:20:04.825950,3,2,1,8
3,2026-09-01 17:20:04.825950,22,18,4,18
4,2026-09-01 17:20:04.825950,5,3,2,9
5,2026-09-01 17:20:04.825950,0,0,0,9
6,2026-09-01 17:20:04.825950,4,2,2,14
7,2026-09-01 17:20:04.825950,4,3,1,14
8,2026-09-01 17:20:04.825950,1,0,1,9
1,2026-09-01 18:20:04.825950,31,23,8,23
2,2026-09-01 18:20:04.825950,2,1,1,9
3,2026-09-01 18:20:04.825950,0,0,0,15
4,2026-09-01 18:20:04.825950,23,16,7,16
5,2026-09-01 18:20:04.825950,0,0,0,13
6,2026-09-01 18:20:04.825950,3,2,1,12
7,2026-09-01 18:20:04.825950,5,4,1,14
8,2026-09-01 18:20:04.825950,5,4,1,15
1,2026-09-01 19:20:04.825950,27,19,8,19
2,2026-09-01 19:20:04.825950,0,0,0,14
3,2026-09-01 19:20:04.825950,3,2,1,7
4,2026-09-01 19:20:04.825950,17,14,3,14
5,2026-09-01 19:20:04.825950,2,1,1,13
6,2026-09-01 19:20:04.825950,2,1,1,15
7,2026-09-01 19:20:04.825950,5,4,1,10
8,2026-09-01 19:20:04.825950,2,1,1,14
1,2026-09-01 20:20:04.825950,20,14,6,14
2,2026-09-01 20:20:04.825950,0,0,0,14
3,2026-09-01 20:20:04.825950,3,2,1,11
4,2026-09-01 20:20:04.825950,12,10,2,10
5,2026-09-01 20:20:04.825950,4,2,2,5
6,2026-09-01 20:20:04.825950,1,0,1,10
7,2026-09-01 20:20:04.825950,0,0,0,6
8,2026-09-01 20:20:04.825950,1,0,1,12
1,2026-09-01 21:20:04.825950,2,1,1,10
2,2026-09-01 21:20:04.825950,4,3,1,11
3,2026-09-01 21:20:04.825950,1,0,1,10
4,2026-09-01 21:20:04.825950,25,21,4,21
5,2026-09-01 21:20:04.825950,4,3,1,6
6,2026-09-01 21:20:04.825950,4,3,1,6
7,2026-09-01 21:20:04.825950,2,1,1,13
8,2026-09-01 21:20:04.825950,2,1,1,10
1,2026-09-01 22:20:04.825950,3,2,1,6
2,2026-09-01 22:20:04.825950,0,0,0,13
3,2026-09-01 22:20:04.825950,4,3,1,8
4,2026-09-01 22:20:04.825950,2,1,1,8
5,2026-09-01 22:20:04.825950,3,2,1,15
6,2026-09-01 22:20:04.825950,5,3,2,8
7,2026-09-01 22:20:04.825950,1,0,1,9
8,2026-09-01 22:20:04.825950,1,0,1,8
1,2026-09-01 23:20:04.825950,5,3,2,9
2,2026-09-01 23:20:04.825950,1,0,1,14
3,2026-09-01 23:20:04.825950,3,2,1,15
4,2026-09-01 23:20:04.825950,5,3,2,13
5,2026-09-01 23:20:04.825950,0,0,0,15
6,2026-09-01 23:20:04.825950,2,1,1,7
7,2026-09-01 23:20:04.825950,4,3,1,11
8,2026-09-01 23:20:04.825950,4,3,1,7
1,2026-09-02 00:20:04.825950,5,3,2,15
2,2026-09-02 00:20:04.825950,3,2,1,9
3,2026-09-02 00:20:04.825950,0,0,0,8
4,2026-09-02 00:20:04.825950,0,0,0,10
5,2026-09-02 00:20:04.825950,0,0,0,13
6,2026-09-02 00:20:04.825950,2,1,1,7
7,2026-09-02 00:20:04.825950,1,0,1,14
8,2026-09-02 00:20:04.825950,2,1,1,10
1,2026-09-02 01:20:04.825950,1,0,1,10
2,2026-09-02 01:20:04.825950,5,4,1,7
3,2026-09-02 01:20:04.825950,1,0,1,13
4,2026-09-02 01:20:04.825950,1,0,1,8
5,2026-09-02 01:20:04.825950,0,0,0,7
6,2026-09-02 01:20:04.825950,2,1,1,6
7,2026-09-02 01:20:04.825950,1,0,1,5
8,2026-09-02 01:20:04.825950,1,0,1,8
1,2026-09-02 02:20:04.825950,2,1,1,12
2,2026-09-02 02:20:04.825950,0,0,0,6
3,2026-09-02 02:20:04.825950,5,4,1,12
4,2026-09-02 02:20:04.825950,2,1,1,5
5,2026-09-02 02:20:04.825950,3,2,1,7
6,2026-09-02 02:20:04.825950,3,2,1,10
7,2026-09-02 02:20:04.825950,2,1,1,5
8,2026-09-02 02:20:04.825950,1,0,1,10
1,2026-09-02 03:20:04.825950,1,0,1,7
2,2026-09-02 03:20:04.825950,1,0,1,13
3,2026-09-02 03:20:04.825950,2,1,1,7
4,2026-09-02 03:20:04.825950,1,0,1,9
5,2026-09-02 03:20:04.825950,5,4,1,7
6,2026-09-02 03:20:04.825950,0,0,0,9
7,2026-09-02 03:20:04.825950,3,2,1,14
8,2026-09-02 03:20:04.825950,5,4,1,5
1,2026-09-02 04:20:04.825950,0,0,0,7
2,2026-09-02 04:20:04.825950,1,0,1,7
3,2026-09-02 04:20:04.825950,2,1,1,10
4,2026-09-02 04:20:04.825950,0,0,0,11
5,2026-09-02 04:20:04.825950,2,1,1,13
6,2026-09-02 04:20:04.825950,3,2,1,6
7,2026-09-02 04:20:04.825950,3,2,1,12
8,2026-09-02 04:20:04.825950,2,1,1,11
1,2026-09-02 05:20:04.825950,0,0,0,14
2,2026-09-02 05:20:04.825950,1,0,1,5
3,2026-09-02 05:20:04.825950,3,2,1,13
4,2026-09-02 05:20:04.825950,1,0,1,12
5,2026-09-02 05:20:04.825950,1,0,1,12
6,2026-09-02 05:20:04.825950,5,3,2,13
7,2026-09-02 05:20:04.825950,0,0,0,10
8,2026-09-02 05:20:04.825950,4,2,2,14
1,2026-09-02 06:20:04.825950,5,3,2,11
2,2026-09-02 06:20:04.825950,4,3,1,9
3,2026-09-02 06:20:04.825950,4,3,1,7
4,2026-09-02 06:20:04.825950,1,0,1,15
5,2026-09-02 06:20:04.825950,1,0,1,6
6,2026-09-02 06:20:04.825950,1,0,1,6
7,2026-09-02 06:20:04.825950,0,0,0,6
8,2026-09-02 06:20:04.825950,4,3,1,13
1,2026-09-02 07:20:04.825950,22,18,4,18
2,2026-09-02 07:20:04.825950,3,2,1,14
3,2026-09-02 07:20:04.825950,0,0,0,6
4,2026-09-02 07:20:04.825950,3,2,1,12
5,2026-09-02 07:20:04.825950,2,1,1,15
6,2026-09-02 07:20:04.825950,1,0,1,10
7,2026-09-02 07:20:04.825950,0,0,0,14
8,2026-09-02 07:20:04.825950,4,3,1,10
1,2026-09-02 08:20:04.825950,26,22,4,22
2,2026-09-02 08:20:04.825950,3,2,1,7
3,2026-09-02 08:20:04.825950,26,23,3,23
4,2026-09-02 08:20:04.825950,1,0,1,12
5,2026-09-02 08:20:04.825950,1,0,1,10
6,2026-09-02 08:20:04.825950,2,1,1,6
7,2026-09-02 08:20:04.825950,3,2,1,15
8,2026-09-02 08:20:04.825950,2,1,1,9
1,2026-09-02 09:20:04.825950,31,26,5,26
2,2026-09-02 09:20:04.825950,1,0,1,5
3,2026-09-02 09:20:04.825950,21,15,6,15
4,2026-09-02 09:20:04.825950,2,1,1,5
5,2026-09-02 09:20:04.825950,2,1,1,13
6,2026-09-02 09:20:04.825950,3,2,1,14
7,2026-09-02 09:20:04.825950,2,1,1,12
8,2026-09-02 09:20:04.825950,0,0,0,5
1,2026-09-02 10:20:04.825950,2,1,1,11
2,2026-09-02 10:20:04.825950,4,3,1,6
3,2026-09-02 10:20:04.825950,24,17,7,17
4,2026-09-02 10:20:04.825950,3,2,1,14
5,2026-09-02 10:20:04.825950,5,4,1,11
6,2026-09-02 10:20:04.825950,3,2,1,8
7,2026-09-02 10:20:04.825950,1,0,1,14
8,2026-09-02 10:20:04.825950,5,3,2,8
1,2026-09-02 11:20:04.825950,2,1,1,12
2,2026-09-02 11:20:04.825950,3,2,1,7
3,2026-09-02 11:20:04.825950,1,0,1,14
4,2026-09-02 11:20:04.825950,11,8,3,11
5,2026-09-02 11:20:04.825950,2,1,1,7
6,2026-09-02 11:20:04.825950,4,2,2,15
7,2026-09-02 11:20:04.825950,2,1,1,7
8,2026-09-02 11:20:04.825950,1,0,1,6
1,2026-09-02 12:20:04.825950,0,0,0,11
2,2026-09-02 12:20:04.825950,1,0,1,14
3,2026-09-02 12:20:04.825950,2,1,1,15
4,2026-09-02 12:20:04.825950,24,18,6,18
5,2026-09-02 12:20:04.825950,1,0,1,7
6,2026-09-02 12:20:04.825950,5,3,2,14
7,2026-09-02 12:20:04.825950,5,3,2,7
8,2026-09-02 12:20:04.825950,0,0,0,6
1,2026-09-02 13:20:04.825950,2,1,1,14
2,2026-09-02 13:20:04.825950,4,2,2,15
3,2026-09-02 13:20:04.825950,4,3,1,8
4,2026-09-02 13:20:04.825950,12,8,4,13
5,2026-09-02 13:20:04.825950,0,0,0,14
6,2026-09-02 13:20:04.825950,4,3,1,8
7,2026-09-02 13:20:04.825950,5,4,1,6
8,2026-09-02 13:20:04.825950,5,3,2,7
1,2026-09-02 14:20:04.825950,0,0,0,7
2,2026-09-02 14:20:04.825950,0,0,0,9
3,2026-09-02 14:20:04.825950,4,3,1,6
4,2026-09-02 14:20:04.825950,5,3,2,7
5,2026-09-02 14:20:04.825950,3,2,1,13
6,2026-09-02 14:20:04.825950,3,2,1,9
7,2026-09-02 14:20:04.825950,0,0,0,14
8,2026-09-02 14:20:04.825950,0,0,0,9
1,2026-09-02 15:20:04.825950,4,3,1,11
2,2026-09-02 15:20:04.825950,2,1,1,7
3,2026-09-02 15:20:04.825950,15,10,5,11
4,2026-09-02 15:20:04.825950,1,0,1,13
5,2026-09-02 15:20:04.825950,3,2,1,13
6,2026-09-02 15:20:04.825950,3,2,1,10
7,2026-09-02 15:20:04.825950,4,3,1,11
8,2026-09-02 15:20:04.825950,5,3,2,11
1,2026-09-02 16:20:04.825950,5,3,2,6
2,2026-09-02 16:20:04.825950,4,3,1,7
3,2026-09-02 16:20:04.825950,20,16,4,16
4,2026-09-02 16:20:04.825950,4,2,2,11
5,2026-09-02 16:20:04.825950,1,0,1,8
6,2026-09-02 16:20:04.825950,1,0,1,6
7,2026-09-02 16:20:04.825950,0,0,0,14
8,2026-09-02 16:20:04.825950,2,1,1,6
1,2026-09-02 17:20:04.825950,32,28,4,28
2,2026-09-02 17:20:04.825950,5,4,1,6
3,2026-09-02 17:20:04.825950,27,19,8,19
4,2026-09-02 17:20:04.825950,4,3,1,14
5,2026-09-02 17:20:04.825950,2,1,1,13
6,2026-09-02 17:20:04.825950,0,0,0,13
7,2026-09-02 17:20:04.825950,5,3,2,13
8,2026-09-02 17:20:04.825950,0,0,0,11
1,2026-09-02 18:20:04.825950,31,21,10,21
2,2026-09-02 18:20:04.825950,5,3,2,5
3,2026-09-02 18:20:04.825950,2,1,1,7
4,2026-09-02 18:20:04.825950,19,14,5,14
5,2026-09-02 18:20:04.825950,1,0,1,5
6,2026-09-02 18:20:04.825950,2,1,1,10
7,2026-09-02 18:20:04.825950,1,0,1,13
8,2026-09-02 18:20:04.825950,1,0,1,5
1,2026-09-02 19:20:04.825950,22,19,3,19
2,2026-09-02 19:20:04.825950,1,0,1,14
3,2026-09-02 19:20:04.825950,4,2,2,12
4,2026-09-02 19:20:04.825950,21,17,4,17
5,2026-09-02 19:20:04.825950,3,2,1,8
6,2026-09-02 19:20:04.825950,1,0,1,13
7,2026-09-02 19:20:04.825950,1,0,1,13
8,2026-09-02 19:20:04.825950,4,3,1,15
1,2026-09-02 20:20:04.825950,22,18,4,18
2,2026-09-02 20:20:04.825950,5,3,2,10
3,2026-09-02 20:20:04.825950,5,3,2,15
4,2026-09-02 20:20:04.825950,20,14,6,14
5,2026-09-02 20:20:04.825950,0,0,0,13
6,2026-09-02 20:20:04.825950,2,1,1,6
7,2026-09-02 20:20:04.825950,0,0,0,8
8,2026-09-02 20:20:04.825950,1,0,1,7
1,2026-09-02 21:20:04.825950,1,0,1,14
2,2026-09-02 21:20:04.825950,1,0,1,13
3,2026-09-02 21:20:04.825950,4,3,1,8
4,2026-09-02 21:20:04.825950,14,11,3,14
5,2026-09-02 21:20:04.825950,5,4,1,13
6,2026-09-02 21:20:04.825950,3,2,1,5
7,2026-09-02 21:20:04.825950,3,2,1,12
8,2026-09-02 21:20:04.825950,3,2,1,15
1,2026-09-02 22:20:04.825950,0,0,0,15
2,2026-09-02 22:20:04.825950,5,3,2,14
3,2026-09-02 22:20:04.825950,1,0,1,13
4,2026-09-02 22:20:04.825950,4,2,2,15
5,2026-09-02 22:20:04.825950,2,1,1,6
6,2026-09-02 22:20:04.825950,4,2,2,14
7,2026-09-02 22:20:04.825950,3,2,1,6
8,2026-09-02 22:20:04.825950,3,2,1,6
1,2026-09-02 23:20:04.825950,2,1,1,11
2,2026-09-02 23:20:04.825950,4,3,1,15
3,2026-09-02 23:20:04.825950,1,0,1,9
4,2026-09-02 23:20:04.825950,2,1,1,7
5,2026-09-02 23:20:04.825950,5,4,1,7
6,2026-09-02 23:20:04.825950,5,3,2,10
7,2026-09-02 23:20:04.825950,5,4,1,11
8,2026-09-02 23:20:04.825950,4,3,1,7
1,2026-09-03 00:20:04.825950,4,3,1,14
2,2026-09-03 00:20:04.825950,0,0,0,12
3,2026-09-03 00:20:04.825950,1,0,1,13
4,2026-09-03 00:20:04.825950,4,3,1,7
5,2026-09-03 00:20:04.825950,2,1,1,14
6,2026-09-03 00:20:04.825950,2,1,1,15
7,2026-09-03 00:20:04.825950,5,3,2,12
8,2026-09-03 00:20:04.825950,5,3,2,7
1,2026-09-03 01:20:04.825950,4,3,1,5
2,2026-09-03 01:20:04.825950,3,2,1,12
3,2026-09-03 01:20:04.825950,1,0,1,11
4,2026-09-03 01:20:04.825950,3,2,1,9
5,2026-09-03 01:20:04.825950,0,0,0,14
6,2026-09-03 01:20:04.825950,4,3,1,5
7,2026-09-03 01:20:04.825950,4,2,2,14
8,2026-09-03 01:20:04.825950,3,2,1,15
1,2026-09-03 02:20:04.825950,3,2,1,10
2,2026-09-03 02:20:04.825950,5,4,1,14
3,2026-09-03 02:20:04.825950,2,1,1,6
4,2026-09-03 02:20:04.825950,4,2,2,14
5,2026-09-03 02:20:04.825950,4,3,1,6
6,2026-09-03 02:20:04.825950,3,2,1,9
7,2026-09-03 02:20:04.825950,3,2,1,15
8,2026-09-03 02:20:04.825950,2,1,1,14
1,2026-09-03 03:20:04.825950,4,3,1,6
2,2026-09-03 03:20:04.825950,3,2,1,14
3,2026-09-03 03:20:04.825950,4,2,2,9
4,2026-09-03 03:20:04.825950,2,1,1,14
5,2026-09-03 03:20:04.825950,1,0,1,13
6,2026-09-03 03:20:04.825950,3,2,1,10
7,2026-09-03 03:20:04.825950,1,0,1,5
8,2026-09-03 03:20:04.825950,1,0,1,12
1,2026-09-03 04:20:04.825950,0,0,0,9
2,2026-09-03 04:20:04.825950,4,3,1,5
3,2026-09-03 04:20:04.825950,0,0,0,7
4,2026-09-03 04:20:04.825950,2,1,1,9
5,2026-09-03 04:20:04.825950,2,1,1,8
6,2026-09-03 04:20:04.825950,0,0,0,13
7,2026-09-03 04:20:04.825950,4,3,1,15
8,2026-09-03 04:20:04.825950,0,0,0,9
1,2026-09-03 05:20:04.825950,5,4,1,13
2,2026-09-03 05:20:04.825950,1,0,1,12
3,2026-09-03 05:20:04.825950,2,1,1,6
4,2026-09-03 05:20:04.825950,4,3,1,8
5,2026-09-03 05:20:04.825950,0,0,0,12
6,2026-09-03 05:20:04.825950,2,1,1,5
7,2026-09-03 05:20:04.825950,0,0,0,15
8,2026-09-03 05:20:04.825950,2,1,1,15
1,2026-09-03 06:20:04.825950,3,2,1,14
2,2026-09-03 06:20:04.825950,2,1,1,5
3,2026-09-03 06:20:04.825950,2,1,1,6
4,2026-09-03 06:20:04.825950,4,3,1,14
5,2026-09-03 06:20:04.825950,1,0,1,13
6,2026-09-03 06:20:04.825950,5,4,1,9
7,2026-09-03 06:20:04.825950,3,2,1,5
8,2026-09-03 06:20:04.825950,4,3,1,5
1,2026-09-03 07:20:04.825950,23,18,5,18
2,2026-09-03 07:20:04.825950,3,2,1,5
3,2026-09-03 07:20:04.825950,0,0,0,8
4,2026-09-03 07:20:04.825950,3,2,1,6
5,2026-09-03 07:20:04.825950,0,0,0,9
6,2026-09-03 07:20:04.825950,2,1,1,9
7,2026-09-03 07:20:04.825950,1,0,1,5
8,2026-09-03 07:20:04.825950,3,2,1,15
1,2026-09-03 08:20:04.825950,30,24,6,24
2,2026-09-03 08:20:04.825950,2,1,1,5
3,2026-09-03 08:20:04.825950,17,14,3,14
4,2026-09-03 08:20:04.825950,0,0,0,10
5,2026-09-03 08:20:04.825950,4,3,1,12
6,2026-09-03 08:20:04.825950,1,0,1,11
7,2026-09-03 08:20:04.825950,1,0,1,7
8,2026-09-03 08:20:04.825950,0,0,0,10
1,2026-09-03 09:20:04.825950,22,19,3,19
2,2026-09-03 09:20:04.825950,5,3,2,5
3,2026-09-03 09:20:04.825950,27,20,7,20
4,2026-09-03 09:20:04.825950,2,1,1,15
5,2026-09-03 09:20:04.825950,2,1,1,8
6,2026-09-03 09:20:04.825950,4,3,1,7
7,2026-09-03 09:20:04.825950,0,0,0,8
8,2026-09-03 09:20:04.825950,4,2,2,5
1,2026-09-03 10:20:04.825950,3,2,1,7
2,2026-09-03 10:20:04.825950,2,1,1,10
3,2026-09-03 10:20:04.825950,14,10,4,14
4,2026-09-03 10:20:04.825950,0,0,0,8
5,2026-09-03 10:20:04.825950,3,2,1,7
6,2026-09-03 10:20:04.825950,0,0,0,6
7,2026-09-03 10:20:04.825950,5,4,1,8
8,2026-09-03 10:20:04.825950,5,3,2,12
1,2026-09-03 11:20:04.825950,3,2,1,9
2,2026-09-03 11:20:04.825950,4,3,1,8
3,2026-09-03 11:20:04.825950,4,3,1,10
4,2026-09-03 11:20:04.825950,25,19,6,19
5,2026-09-03 11:20:04.825950,1,0,1,15
6,2026-09-03 11:20:04.825950,2,1,1,10
7,2026-09-03 11:20:04.825950,1,0,1,10
8,2026-09-03 11:20:04.825950,0,0,0,13
1,2026-09-03 12:20:04.825950,2,1,1,14
2,2026-09-03 12:20:04.825950,0,0,0,5
3,2026-09-03 12:20:04.825950,2,1,1,13
4,2026-09-03 12:20:04.825950,15,11,4,14
5,2026-09-03 12:20:04.825950,0,0,0,12
6,2026-09-03 12:20:04.825950,2,1,1,8
7,2026-09-03 12:20:04.825950,2,1,1,10
8,2026-09-03 12:20:04.825950,1,0,1,13
1,2026-09-03 13:20:04.825950,5,4,1,9
2,2026-09-03 13:20:04.825950,0,0,0,12
3,2026-09-03 13:20:04.825950,0,0,0,9
4,2026-09-03 13:20:04.825950,24,19,5,19
5,2026-09-03 13:20:04.825950,2,1,1,14
6,2026-09-03 13:20:04.825950,1,0,1,8
7,2026-09-03 13:20:04.825950,3,2,1,5
8,2026-09-03 13:20:04.825950,1,0,1,13
1,2026-09-03 14:20:04.825950,1,0,1,6
2,2026-09-03 14:20:04.825950,5,3,2,15
3,2026-09-03 14:20:04.825950,4,3,1,7
4,2026-09-03 14:20:04.825950,3,2,1,13
5,2026-09-03 14:20:04.825950,3,2,1,7
6,2026-09-03 14:20:04.825950,4,2,2,7
7,2026-09-03 14:20:04.825950,3,2,1,8
8,2026-09-03 14:20:04.825950,0,0,0,13
1,2026-09-03 15:20:04.825950,3,2,1,15
2,2026-09-03 15:20:04.825950,0,0,0,6
3,2026-09-03 15:20:04.825950,22,17,5,17
4,2026-09-03 15:20:04.825950,1,0,1,8
5,2026-09-03 15:20:04.825950,3,2,1,13
6,2026-09-03 15:20:04.825950,0,0,0,14
7,2026-09-03 15:20:04.825950,0,0,0,15
8,2026-09-03 15:20:04.825950,3,2,1,9
1,2026-09-03 16:20:04.825950,3,2,1,12
2,2026-09-03 16:20:04.825950,3,2,1,7
3,2026-09-03 16:20:04.825950,26,21,5,21
4,2026-09-03 16:20:04.825950,2,1,1,11
5,2026-09-03 16:20:04.825950,1,0,1,14
6,2026-09-03 16:20:04.825950,2,1,1,15
7,2026-09-03 16:20:04.825950,3,2,1,10
8,2026-09-03 16:20:04.825950,0,0,0,14
1,2026-09-03 17:20:04.825950,19,15,4,15
2,2026-09-03 17:20:04.825950,0,0,0,13
3,2026-09-03 17:20:04.825950,27,20,7,20
4,2026-09-03 17:20:04.825950,4,3,1,15
5,2026-09-03 17:20:04.825950,5,3,2,6
6,2026-09-03 17:20:04.825950,5,3,2,14
7,2026-09-03 17:20:04.825950,3,2,1,9
8,2026-09-03 17:20:04.825950,2,1,1,9
1,2026-09-03 18:20:04.825950,26,22,4,22
2,2026-09-03 18:20:04.825950,4,3,1,15
3,2026-09-03 18:20:04.825950,4,3,1,14
4,2026-09-03 18:20:04.825950,19,13,6,13
5,2026-09-03 18:20:04.825950,3,2,1,14
6,2026-09-03 18:20:04.825950,2,1,1,7
7,2026-09-03 18:20:04.825950,4,3,1,14
8,2026-09-03 18:20:04.825950,0,0,0,6
1,2026-09-03 19:20:04.825950,32,27,5,27
2,2026-09-03 19:20:04.825950,5,4,1,15
3,2026-09-03 19:20:04.825950,0,0,0,9
4,2026-09-03 19:20:04.825950,22,16,6,16
5,2026-09-03 19:20:04.825950,3,2,1,12
6,2026-09-03 19:20:04.825950,0,0,0,14
7,2026-09-03 19:20:04.825950,4,3,1,9
8,2026-09-03 19:20:04.825950,2,1,1,9
1,2026-09-03 20:20:04.825950,29,23,6,23
2,2026-09-03 20:20:04.825950,4,3,1,13
3,2026-09-03 20:20:04.825950,0,0,0,8
4,2026-09-03 20:20:04.825950,15,11,4,13
5,2026-09-03 20:20:04.825950,2,1,1,13
6,2026-09-03 20:20:04.825950,0,0,0,14
7,2026-09-03 20:20:04.825950,1,0,1,12
8,2026-09-03 20:20:04.825950,4,2,2,10
1,2026-09-03 21:20:04.825950,4,2,2,5
2,2026-09-03 21:20:04.825950,5,4,1,15
3,2026-09-03 21:20:04.825950,5,4,1,7
4,2026-09-03 21:20:04.825950,17,13,4,13
5,2026-09-03 21:20:04.825950,2,1,1,13
6,2026-09-03 21:20:04.825950,3,2,1,14
7,2026-09-03 21:20:04.825950,1,0,1,10
8,2026-09-03 21:20:04.825950,0,0,0,15
1,2026-09-03 22:20:04.825950,2,1,1,13
2,2026-09-03 22:20:04.825950,0,0,0,12
3,2026-09-03 22:20:04.825950,5,3,2,15
4,2026-09-03 22:20:04.825950,2,1,1,15
5,2026-09-03 22:20:04.825950,3,2,1,6
6,2026-09-03 22:20:04.825950,0,0,0,14
7,2026-09-03 22:20:04.825950,0,0,0,13
8,2026-09-03 22:20:04.825950,1,0,1,12
1,2026-09-03 23:20:04.825950,2,1,1,10
2,2026-09-03 23:20:04.825950,2,1,1,11
3,2026-09-03 23:20:04.825950,0,0,0,13
4,2026-09-03 23:20:04.825950,2,1,1,6
5,2026-09-03 23:20:04.825950,4,3,1,5
6,2026-09-03 23:20:04.825950,2,1,1,7
7,2026-09-03 23:20:04.825950,2,1,1,12
8,2026-09-03 23:20:04.825950,1,0,1,10
1,2026-09-04 00:20:04.825950,5,4,1,13
2,2026-09-04 00:20:04.825950,3,2,1,11
3,2026-09-04 00:20:04.825950,1,0,1,6
4,2026-09-04 00:20:04.825950,1,0,1,13
5,2026-09-04 00:20:04.825950,5,4,1,14
6,2026-09-04 00:20:04.825950,1,0,1,8
7,2026-09-04 00:20:04.825950,4,2,2,5
8,2026-09-04 00:20:04.825950,5,3,2,10
1,2026-09-04 01:20:04.825950,3,2,1,15
2,2026-09-04 01:20:04.825950,2,1,1,8
3,2026-09-04 01:20:04.825950,0,0,0,11
4,2026-09-04 01:20:04.825950,3,2,1,12
5,2026-09-04 01:20:04.825950,4,2,2,10
6,2026-09-04 01:20:04.825950,0,0,0,9
7,2026-09-04 01:20:04.825950,1,0,1,15
8,2026-09-04 01:20:04.825950,4,2,2,7
1,2026-09-04 02:20:04.825950,4,3,1,12
2,2026-09-04 02:20:04.825950,3,2,1,5
3,2026-09-04 02:20:04.825950,1,0,1,11
4,2026-09-04 02:20:04.825950,5,3,2,5
5,2026-09-04 02:20:04.825950,2,1,1,9
6,2026-09-04 02:20:04.825950,1,0,1,11
7,2026-09-04 02:20:04.825950,2,1,1,15
8,2026-09-04 02:20:04.825950,3,2,1,6
1,2026-09-04 03:20:04.825950,4,3,1,12
2,2026-09-04 03:20:04.825950,2,1,1,8
3,2026-09-04 03:20:04.825950,2,1,1,15
4,2026-09-04 03:20:04.825950,2,1,1,9
5,2026-09-04 03:20:04.825950,0,0,0,6
6,2026-09-04 03:20:04.825950,0,0,0,13
7,2026-09-04 03:20:04.825950,4,2,2,12
8,2026-09-04 03:20:04.825950,1,0,1,7
1,2026-09-04 04:20:04.825950,3,2,1,11
2,2026-09-04 04:20:04.825950,1,0,1,13
3,2026-09-04 04:20:04.825950,0,0,0,9
4,2026-09-04 04:20:04.825950,5,3,2,6
5,2026-09-04 04:20:04.825950,4,3,1,8
6,2026-09-04 04:20:04.825950,4,3,1,8
7,2026-09-04 04:20:04.825950,0,0,0,14
8,2026-09-04 04:20:04.825950,0,0,0,11
1,2026-09-04 05:20:04.825950,2,1,1,15
2,2026-09-04 05:20:04.825950,4,3,1,5
3,2026-09-04 05:20:04.825950,4,2,2,13
4,2026-09-04 05:20:04.825950,4,3,1,9
5,2026-09-04 05:20:04.825950,4,3,1,9
6,2026-09-04 05:20:04.825950,2,1,1,10
7,2026-09-04 05:20:04.825950,0,0,0,8
8,2026-09-04 05:20:04.825950,2,1,1,12
1,2026-09-04 06:20:04.825950,1,0,1,6
2,2026-09-04 06:20:04.825950,3,2,1,8
3,2026-09-04 06:20:04.825950,0,0,0,11
4,2026-09-04 06:20:04.825950,4,3,1,6
5,2026-09-04 06:20:04.825950,0,0,0,9
6,2026-09-04 06:20:04.825950,5,4,1,5
7,2026-09-04 06:20:04.825950,1,0,1,8
8,2026-09-04 06:20:04.825950,4,3,1,13
1,2026-09-04 07:20:04.825950,30,22,8,22
2,2026-09-04 07:20:04.825950,3,2,1,10
3,2026-09-04 07:20:04.825950,4,2,2,8
4,2026-09-04 07:20:04.825950,1,0,1,12
5,2026-09-04 07:20:04.825950,3,2,1,9
6,2026-09-04 07:20:04.825950,0,0,0,5
7,2026-09-04 07:20:04.825950,4,2,2,6
8,2026-09-04 07:20:04.825950,2,1,1,15
1,2026-09-04 08:20:04.825950,18,13,5,13
2,2026-09-04 08:20:04.825950,3,2,1,9
3,2026-09-04 08:20:04.825950,12,10,2,10
4,2026-09-04 08:20:04.825950,5,4,1,8
5,2026-09-04 08:20:04.825950,0,0,0,15
6,2026-09-04 08:20:04.825950,2,1,1,7
7,2026-09-04 08:20:04.825950,0,0,0,9
8,2026-09-04 08:20:04.825950,0,0,0,12
1,2026-09-04 09:20:04.825950,28,20,8,20
2,2026-09-04 09:20:04.825950,1,0,1,8
3,2026-09-04 09:20:04.825950,16,11,5,12
4,2026-09-04 09:20:04.825950,5,4,1,6
5,2026-09-04 09:20:04.825950,5,4,1,7
6,2026-09-04 09:20:04.825950,2,1,1,12
7,2026-09-04 09:20:04.825950,0,0,0,13
8,2026-09-04 09:20:04.825950,3,2,1,11
1,2026-09-04 10:20:04.825950,2,1,1,14
2,2026-09-04 10:20:04.825950,3,2,1,7
3,2026-09-04 10:20:04.825950,14,12,2,12
4,2026-09-04 10:20:04.825950,1,0,1,5
5,2026-09-04 10:20:04.825950,2,1,1,15
6,2026-09-04 10:20:04.825950,5,3,2,11
7,2026-09-04 10:20:04.825950,0,0,0,14
8,2026-09-04 10:20:04.825950,0,0,0,9
1,2026-09-04 11:20:04.825950,3,2,1,6
2,2026-09-04 11:20:04.825950,5,3,2,5
3,2026-09-04 11:20:04.825950,3,2,1,13
4,2026-09-04 11:20:04.825950,20,16,4,16
5,2026-09-04 11:20:04.825950,0,0,0,7
6,2026-09-04 11:20:04.825950,0,0,0,10
7,2026-09-04 11:20:04.825950,1,0,1,11
8,2026-09-04 11:20:04.825950,5,3,2,14
1,2026-09-04 12:20:04.825950,2,1,1,13
2,2026-09-04 12:20:04.825950,4,2,2,10
3,2026-09-04 12:20:04.825950,3,2,1,10
4,2026-09-04 12:20:04.825950,10,7,3,8
5,2026-09-04 12:20:04.825950,1,0,1,14
6,2026-09-04 12:20:04.825950,0,0,0,12
7,2026-09-04 12:20:04.825950,1,0,1,6
8,2026-09-04 12:20:04.825950,1,0,1,5
1,2026-09-04 13:20:04.825950,5,3,2,7
2,2026-09-04 13:20:04.825950,0,0,0,13
3,2026-09-04 13:20:04.825950,3,2,1,13
4,2026-09-04 13:20:04.825950,14,11,3,12
5,2026-09-04 13:20:04.825950,1,0,1,5
6,2026-09-04 13:20:04.825950,2,1,1,9
7,2026-09-04 13:20:04.825950,5,3,2,6
8,2026-09-04 13:20:04.825950,3,2,1,7
1,2026-09-04 14:20:04.825950,4,3,1,6
2,2026-09-04 14:20:04.825950,3,2,1,12
3,2026-09-04 14:20:04.825950,2,1,1,11
4,2026-09-04 14:20:04.825950,0,0,0,7
5,2026-09-04 14:20:04.825950,1,0,1,9
6,2026-09-04 14:20:04.825950,1,0,1,7
7,2026-09-04 14:20:04.825950,0,0,0,5
8,2026-09-04 14:20:04.825950,1,0,1,8
1,2026-09-04 15:20:04.825950,4,3,1,6
2,2026-09-04 15:20:04.825950,1,0,1,15
3,2026-09-04 15:20:04.825950,15,12,3,12
4,2026-09-04 15:20:04.825950,5,4,1,12
5,2026-09-04 15:20:04.825950,1,0,1,5
6,2026-09-04 15:20:04.825950,1,0,1,11
7,2026-09-04 15:20:04.825950,5,4,1,10
8,2026-09-04 15:20:04.825950,0,0,0,7
1,2026-09-04 16:20:04.825950,3,2,1,15
2,2026-09-04 16:20:04.825950,3,2,1,9
3,2026-09-04 16:20:04.825950,15,13,2,15
4,2026-09-04 16:20:04.825950,1,0,1,10
5,2026-09-04 16:20:04.825950,5,3,2,13
6,2026-09-04 16:20:04.825950,2,1,1,5
7,2026-09-04 16:20:04.825950,1,0,1,14
8,2026-09-04 16:20:04.825950,5,3,2,13
1,2026-09-04 17:20:04.825950,21,15,6,15
2,2026-09-04 17:20:04.825950,4,3,1,9
3,2026-09-04 17:20:04.825950,28,21,7,21
4,2026-09-04 17:20:04.825950,3,2,1,13
5,2026-09-04 17:20:04.825950,5,3,2,8
6,2026-09-04 17:20:04.825950,3,2,1,5
7,2026-09-04 17:20:04.825950,0,0,0,9
8,2026-09-04 17:20:04.825950,2,1,1,5
1,2026-09-04 18:20:04.825950,26,20,6,20
2,2026-09-04 18:20:04.825950,4,3,1,14
3,2026-09-04 18:20:04.825950,0,0,0,12
4,2026-09-04 18:20:04.825950,21,18,3,18
5,2026-09-04 18:20:04.825950,0,0,0,5
6,2026-09-04 18:20:04.825950,0,0,0,13
7,2026-09-04 18:20:04.825950,1,0,1,15
8,2026-09-04 18:20:04.825950,1,0,1,10
1,2026-09-04 19:20:04.825950,24,19,5,19
2,2026-09-04 19:20:04.825950,3,2,1,5
3,2026-09-04 19:20:04.825950,4,2,2,8
4,2026-09-04 19:20:04.825950,22,17,5,17
5,2026-09-04 19:20:04.825950,3,2,1,5
6,2026-09-04 19:20:04.825950,1,0,1,7
7,2026-09-04 19:20:04.825950,1,0,1,12
8,2026-09-04 19:20:04.825950,5,4,1,7
1,2026-09-04 20:20:04.825950,26,22,4,22
2,2026-09-04 20:20:04.825950,1,0,1,5
3,2026-09-04 20:20:04.825950,0,0,0,13
4,2026-09-04 20:20:04.825950,20,14,6,14
5,2026-09-04 20:20:04.825950,5,4,1,11
6,2026-09-04 20:20:04.825950,3,2,1,6
7,2026-09-04 20:20:04.825950,4,2,2,13
8,2026-09-04 20:20:04.825950,4,3,1,14
1,2026-09-04 21:20:04.825950,0,0,0,6
2,2026-09-04 21:20:04.825950,3,2,1,5
3,2026-09-04 21:20:04.825950,4,3,1,6
4,2026-09-04 21:20:04.825950,22,18,4,18
5,2026-09-04 21:20:04.825950,1,0,1,7
6,2026-09-04 21:20:04.825950,5,3,2,12
7,2026-09-04 21:20:04.825950,5,4,1,15
8,2026-09-04 21:20:04.825950,4,3,1,14
1,2026-09-04 22:20:04.825950,5,3,2,14
2,2026-09-04 22:20:04.825950,0,0,0,13
3,2026-09-04 22:20:04.825950,5,3,2,13
4,2026-09-04 22:20:04.825950,0,0,0,13
5,2026-09-04 22:20:04.825950,3,2,1,9
6,2026-09-04 22:20:04.825950,3,2,1,5
7,2026-09-04 22:20:04.825950,0,0,0,14
8,2026-09-04 22:20:04.825950,4,3,1,8
1,2026-09-04 23:20:04.825950,1,0,1,6
2,2026-09-04 23:20:04.825950,5,4,1,12
3,2026-09-04 23:20:04.825950,0,0,0,13
4,2026-09-04 23:20:04.825950,0,0,0,15
5,2026-09-04 23:20:04.825950,4,3,1,10
6,2026-09-04 23:20:04.825950,5,3,2,13
7,2026-09-04 23:20:04.825950,1,0,1,9
8,2026-09-04 23:20:04.825950,1,0,1,8
1,2026-09-05 00:20:04.825950,5,3,2,15
2,2026-09-05 00:20:04.825950,0,0,0,8
3,2026-09-05 00:20:04.825950,2,1,1,9
4,2026-09-05 00:20:04.825950,3,2,1,12
5,2026-09-05 00:20:04.825950,2,1,1,14
6,2026-09-05 00:20:04.825950,4,3,1,9
7,2026-09-05 00:20:04.825950,4,3,1,9
8,2026-09-05 00:20:04.825950,3,2,1,7
1,2026-09-05 01:20:04.825950,5,3,2,5
2,2026-09-05 01:20:04.825950,4,2,2,15
3,2026-09-05 01:20:04.825950,5,3,2,7
4,2026-09-05 01:20:04.825950,5,4,1,6
5,2026-09-05 01:20:04.825950,5,4,1,7
6,2026-09-05 01:20:04.825950,5,3,2,12
7,2026-09-05 01:20:04.825950,4,3,1,9
8,2026-09-05 01:20:04.825950,0,0,0,11
1,2026-09-05 02:20:04.825950,1,0,1,10
2,2026-09-05 02:20:04.825950,4,3,1,12
3,2026-09-05 02:20:04.825950,2,1,1,7
4,2026-09-05 02:20:04.825950,3,2,1,10
5,2026-09-05 02:20:04.825950,5,4,1,11
6,2026-09-05 02:20:04.825950,2,1,1,8
7,2026-09-05 02:20:04.825950,2,1,1,5
8,2026-09-05 02:20:04.825950,0,0,0,7
1,2026-09-05 03:20:04.825950,4,2,2,13
2,2026-09-05 03:20:04.825950,1,0,1,10
3,2026-09-05 03:20:04.825950,0,0,0,15
4,2026-09-05 03:20:04.825950,3,2,1,15
5,2026-09-05 03:20:04.825950,1,0,1,10
6,2026-09-05 03:20:04.825950,2,1,1,9
7,2026-09-05 03:20:04.825950,5,4,1,11
8,2026-09-05 03:20:04.825950,0,0,0,5
1,2026-09-05 04:20:04.825950,3,2,1,8
2,2026-09-05 04:20:04.825950,0,0,0,11
3,2026-09-05 04:20:04.825950,0,0,0,7
4,2026-09-05 04:20:04.825950,4,2,2,7
5,2026-09-05 04:20:04.825950,3,2,1,6
6,2026-09-05 04:20:04.825950,5,4,1,7
7,2026-09-05 04:20:04.825950,1,0,1,7
8,2026-09-05 04:20:04.825950,4,3,1,15
1,2026-09-05 05:20:04.825950,3,2,1,6
2,2026-09-05 05:20:04.825950,1,0,1,9
3,2026-09-05 05:20:04.825950,4,3,1,5
4,2026-09-05 05:20:04.825950,3,2,1,11
5,2026-09-05 05:20:04.825950,2,1,1,9
6,2026-09-05 05:20:04.825950,2,1,1,5
7,2026-09-05 05:20:04.825950,2,1,1,7
8,2026-09-05 05:20:04.825950,3,2,1,8
1,2026-09-05 06:20:04.825950,5,3,2,5
2,2026-09-05 06:20:04.825950,0,0,0,10
3,2026-09-05 06:20:04.825950,1,0,1,12
4,2026-09-05 06:20:04.825950,5,4,1,15
5,2026-09-05 06:20:04.825950,1,0,1,9
6,2026-09-05 06:20:04.825950,3,2,1,9
7,2026-09-05 06:20:04.825950,1,0,1,11
8,2026-09-05 06:20:04.825950,0,0,0,11
1,2026-09-05 07:20:04.825950,24,17,7,17
2,2026-09-05 07:20:04.825950,0,0,0,7
3,2026-09-05 07:20:04.825950,3,2,1,7
4,2026-09-05 07:20:04.825950,3,2,1,5
5,2026-09-05 07:20:04.825950,4,3,1,11
6,2026-09-05 07:20:04.825950,5,4,1,10
7,2026-09-05 07:20:04.825950,5,4,1,7
8,2026-09-05 07:20:04.825950,1,0,1,6
1,2026-09-05 08:20:04.825950,33,28,5,28
2,2026-09-05 08:20:04.825950,4,3,1,9
3,2026-09-05 08:20:04.825950,4,3,1,12
4,2026-09-05 08:20:04.825950,0,0,0,14
5,2026-09-05 08:20:04.825950,0,0,0,10
6,2026-09-05 08:20:04.825950,0,0,0,6
7,2026-09-05 08:20:04.825950,4,3,1,14
8,2026-09-05 08:20:04.825950,3,2,1,7
1,2026-09-05 09:20:04.825950,23,17,6,17
2,2026-09-05 09:20:04.825950,1,0,1,9
3,2026-09-05 09:20:04.825950,5,3,2,11
4,2026-09-05 09:20:04.825950,4,2,2,6
5,2026-09-05 09:20:04.825950,1,0,1,15
6,2026-09-05 09:20:04.825950,3,2,1,14
7,2026-09-05 09:20:04.825950,5,4,1,7
8,2026-09-05 09:20:04.825950,2,1,1,7
1,2026-09-05 10:20:04.825950,0,0,0,15
2,2026-09-05 10:20:04.825950,5,3,2,9
3,2026-09-05 10:20:04.825950,5,4,1,6
4,2026-09-05 10:20:04.825950,0,0,0,14
5,2026-09-05 10:20:04.825950,3,2,1,13
6,2026-09-05 10:20:04.825950,4,2,2,7
7,2026-09-05 10:20:04.825950,3,2,1,15
8,2026-09-05 10:20:04.825950,3,2,1,8
1,2026-09-05 11:20:04.825950,2,1,1,9
2,2026-09-05 11:20:04.825950,4,3,1,13
3,2026-09-05 11:20:04.825950,1,0,1,13
4,2026-09-05 11:20:04.825950,18,14,4,14
5,2026-09-05 11:20:04.825950,4,2,2,11
6,2026-09-05 11:20:04.825950,3,2,1,5
7,2026-09-05 11:20:04.825950,2,1,1,6
8,2026-09-05 11:20:04.825950,0,0,0,7
1,2026-09-05 12:20:04.825950,2,1,1,15
2,2026-09-05 12:20:04.825950,5,3,2,7
3,2026-09-05 12:20:04.825950,1,0,1,6
4,2026-09-05 12:20:04.825950,21,14,7,14
5,2026-09-05 12:20:04.825950,5,4,1,11
6,2026-09-05 12:20:04.825950,0,0,0,8
7,2026-09-05 12:20:04.825950,3,2,1,15
8,2026-09-05 12:20:04.825950,4,3,1,5
1,2026-09-05 13:20:04.825950,1,0,1,8
2,2026-09-05 13:20:04.825950,0,0,0,13
3,2026-09-05 13:20:04.825950,4,3,1,5
4,2026-09-05 13:20:04.825950,11,9,2,9
5,2026-09-05 13:20:04.825950,0,0,0,12
6,2026-09-05 13:20:04.825950,0,0,0,12
7,2026-09-05 13:20:04.825950,5,3,2,12
8,2026-09-05 13:20:04.825950,5,4,1,5
1,2026-09-05 14:20:04.825950,5,3,2,15
2,2026-09-05 14:20:04.825950,3,2,1,7
3,2026-09-05 14:20:04.825950,2,1,1,14
4,2026-09-05 14:20:04.825950,0,0,0,9
5,2026-09-05 14:20:04.825950,0,0,0,9
6,2026-09-05 14:20:04.825950,5,3,2,13
7,2026-09-05 14:20:04.825950,2,1,1,5
8,2026-09-05 14:20:04.825950,5,3,2,8
1,2026-09-05 15:20:04.825950,3,2,1,10
2,2026-09-05 15:20:04.825950,4,2,2,6
3,2026-09-05 15:20:04.825950,0,0,0,7
4,2026-09-05 15:20:04.825950,4,3,1,12
5,2026-09-05 15:20:04.825950,4,3,1,12
6,2026-09-05 15:20:04.825950,1,0,1,14
7,2026-09-05 15:20:04.825950,0,0,0,12
8,2026-09-05 15:20:04.825950,0,0,0,6
1,2026-09-05 16:20:04.825950,3,2,1,13
2,2026-09-05 16:20:04.825950,0,0,0,12
3,2026-09-05 16:20:04.825950,1,0,1,8
4,2026-09-05 16:20:04.825950,5,4,1,14
5,2026-09-05 16:20:04.825950,5,4,1,9
6,2026-09-05 16:20:04.825950,3,2,1,6
7,2026-09-05 16:20:04.825950,4,2,2,10
8,2026-09-05 16:20:04.825950,1,0,1,11
1,2026-09-05 17:20:04.825950,22,19,3,19
2,2026-09-05 17:20:04.825950,1,0,1,13
3,2026-09-05 17:20:04.825950,0,0,0,13
4,2026-09-05 17:20:04.825950,2,1,1,12
5,2026-09-05 17:20:04.825950,4,2,2,7
6,2026-09-05 17:20:04.825950,5,3,2,9
7,2026-09-05 17:20:04.825950,1,0,1,7
8,2026-09-05 17:20:04.825950,1,0,1,7
1,2026-09-05 18:20:04.825950,19,14,5,14
2,2026-09-05 18:20:04.825950,3,2,1,11
3,2026-09-05 18:20:04.825950,4,3,1,12
4,2026-09-05 18:20:04.825950,18,14,4,14
5,2026-09-05 18:20:04.825950,3,2,1,15
6,2026-09-05 18:20:04.825950,5,3,2,11
7,2026-09-05 18:20:04.825950,4,3,1,8
8,2026-09-05 18:20:04.825950,4,3,1,10
1,2026-09-05 19:20:04.825950,24,17,7,17
2,2026-09-05 19:20:04.825950,5,3,2,11
3,2026-09-05 19:20:04.825950,2,1,1,11
4,2026-09-05 19:20:04.825950,10,7,3,7
5,2026-09-05 19:20:04.825950,1,0,1,5
6,2026-09-05 19:20:04.825950,5,4,1,9
7,2026-09-05 19:20:04.825950,1,0,1,8
8,2026-09-05 19:20:04.825950,5,4,1,6
1,2026-09-05 20:20:04.825950,26,21,5,21
2,2026-09-05 20:20:04.825950,4,3,1,13
3,2026-09-05 20:20:04.825950,0,0,0,5
4,2026-09-05 20:20:04.825950,13,11,2,14
5,2026-09-05 20:20:04.825950,0,0,0,10
6,2026-09-05 20:20:04.825950,1,0,1,6
7,2026-09-05 20:20:04.825950,2,1,1,11
8,2026-09-05 20:20:04.825950,3,2,1,13
1,2026-09-05 21:20:04.825950,3,2,1,11
2,2026-09-05 21:20:04.825950,5,4,1,8
3,2026-09-05 21:20:04.825950,5,4,1,14
4,2026-09-05 21:20:04.825950,15,11,4,11
5,2026-09-05 21:20:04.825950,0,0,0,5
6,2026-09-05 21:20:04.825950,0,0,0,9
7,2026-09-05 21:20:04.825950,3,2,1,7
8,2026-09-05 21:20:04.825950,3,2,1,14
1,2026-09-05 22:20:04.825950,3,2,1,6
2,2026-09-05 22:20:04.825950,2,1,1,13
3,2026-09-05 22:20:04.825950,2,1,1,6
4,2026-09-05 22:20:04.825950,1,0,1,6
5,2026-09-05 22:20:04.825950,3,2,1,10
6,2026-09-05 22:20:04.825950,0,0,0,14
7,2026-09-05 22:20:04.825950,2,1,1,12
8,2026-09-05 22:20:04.825950,4,2,2,10
1,2026-09-05 23:20:04.825950,2,1,1,15
2,2026-09-05 23:20:04.825950,0,0,0,14
3,2026-09-05 23:20:04.825950,3,2,1,11
4,2026-09-05 23:20:04.825950,0,0,0,9
5,2026-09-05 23:20:04.825950,3,2,1,10
6,2026-09-05 23:20:04.825950,2,1,1,12
7,2026-09-05 23:20:04.825950,3,2,1,10
8,2026-09-05 23:20:04.825950,0,0,0,5
1,2026-09-06 00:20:04.825950,3,2,1,13
2,2026-09-06 00:20:04.825950,3,2,1,11
3,2026-09-06 00:20:04.825950,2,1,1,12
4,2026-09-06 00:20:04.825950,4,3,1,8
5,2026-09-06 00:20:04.825950,3,2,1,5
6,2026-09-06 00:20:04.825950,1,0,1,10
7,2026-09-06 00:20:04.825950,2,1,1,13
8,2026-09-06 00:20:04.825950,0,0,0,12
1,2026-09-06 01:20:04.825950,2,1,1,9
2,2026-09-06 01:20:04.825950,4,3,1,12
3,2026-09-06 01:20:04.825950,5,3,2,5
4,2026-09-06 01:20:04.825950,1,0,1,10
5,2026-09-06 01:20:04.825950,2,1,1,11
6,2026-09-06 01:20:04.825950,5,4,1,7
7,2026-09-06 01:20:04.825950,3,2,1,13
8,2026-09-06 01:20:04.825950,2,1,1,12
1,2026-09-06 02:20:04.825950,3,2,1,7
2,2026-09-06 02:20:04.825950,0,0,0,11
3,2026-09-06 02:20:04.825950,5,3,2,12
4,2026-09-06 02:20:04.825950,0,0,0,8
5,2026-09-06 02:20:04.825950,2,1,1,13
6,2026-09-06 02:20:04.825950,3,2,1,7
7,2026-09-06 02:20:04.825950,2,1,1,8
8,2026-09-06 02:20:04.825950,4,3,1,13
1,2026-09-06 03:20:04.825950,3,2,1,11
2,2026-09-06 03:20:04.825950,5,4,1,9
3,2026-09-06 03:20:04.825950,4,3,1,13
4,2026-09-06 03:20:04.825950,3,2,1,8
5,2026-09-06 03:20:04.825950,1,0,1,10
6,2026-09-06 03:20:04.825950,2,1,1,9
7,2026-09-06 03:20:04.825950,0,0,0,5
8,2026-09-06 03:20:04.825950,5,4,1,14
1,2026-09-06 04:20:04.825950,1,0,1,14
2,2026-09-06 04:20:04.825950,3,2,1,10
3,2026-09-06 04:20:04.825950,4,3,1,11
4,2026-09-06 04:20:04.825950,2,1,1,10
5,2026-09-06 04:20:04.825950,1,0,1,10
6,2026-09-06 04:20:04.825950,3,2,1,12
7,2026-09-06 04:20:04.825950,4,3,1,12
8,2026-09-06 04:20:04.825950,3,2,1,10
1,2026-09-06 05:20:04.825950,2,1,1,6
2,2026-09-06 05:20:04.825950,4,3,1,5
3,2026-09-06 05:20:04.825950,1,0,1,13
4,2026-09-06 05:20:04.825950,2,1,1,7
5,2026-09-06 05:20:04.825950,3,2,1,11
6,2026-09-06 05:20:04.825950,5,4,1,12
7,2026-09-06 05:20:04.825950,5,3,2,5
8,2026-09-06 05:20:04.825950,5,3,2,15
1,2026-09-06 06:20:04.825950,1,0,1,6
2,2026-09-06 06:20:04.825950,0,0,0,10
3,2026-09-06 06:20:04.825950,5,4,1,11
4,2026-09-06 06:20:04.825950,4,2,2,12
5,2026-09-06 06:20:04.825950,0,0,0,5
6,2026-09-06 06:20:04.825950,2,1,1,13
7,2026-09-06 06:20:04.825950,2,1,1,9
8,2026-09-06 06:20:04.825950,4,3,1,13
1,2026-09-06 07:20:04.825950,17,13,4,13
2,2026-09-06 07:20:04.825950,3,2,1,5
3,2026-09-06 07:20:04.825950,1,0,1,7
4,2026-09-06 07:20:04.825950,1,0,1,7
5,2026-09-06 07:20:04.825950,5,3,2,14
6,2026-09-06 07:20:04.825950,4,2,2,9
7,2026-09-06 07:20:04.825950,1,0,1,9
8,2026-09-06 07:20:04.825950,3,2,1,5
1,2026-09-06 08:20:04.825950,18,15,3,15
2,2026-09-06 08:20:04.825950,3,2,1,5
3,2026-09-06 08:20:04.825950,1,0,1,6
4,2026-09-06 08:20:04.825950,3,2,1,12
5,2026-09-06 08:20:04.825950,0,0,0,15
6,2026-09-06 08:20:04.825950,0,0,0,9
7,2026-09-06 08:20:04.825950,4,2,2,7
8,2026-09-06 08:20:04.825950,3,2,1,7
1,2026-09-06 09:20:04.825950,25,19,6,19
2,2026-09-06 09:20:04.825950,0,0,0,12
3,2026-09-06 09:20:04.825950,1,0,1,12
4,2026-09-06 09:20:04.825950,3,2,1,13
5,2026-09-06 09:20:04.825950,0,0,0,14
6,2026-09-06 09:20:04.825950,0,0,0,10
7,2026-09-06 09:20:04.825950,2,1,1,10
8,2026-09-06 09:20:04.825950,4,3,1,13
1,2026-09-06 10:20:04.825950,2,1,1,14
2,2026-09-06 10:20:04.825950,1,0,1,8
3,2026-09-06 10:20:04.825950,1,0,1,7
4,2026-09-06 10:20:04.825950,3,2,1,6
5,2026-09-06 10:20:04.825950,1,0,1,6
6,2026-09-06 10:20:04.825950,3,2,1,15
7,2026-09-06 10:20:04.825950,0,0,0,14
8,2026-09-06 10:20:04.825950,3,2,1,11
1,2026-09-06 11:20:04.825950,5,3,2,11
2,2026-09-06 11:20:04.825950,5,3,2,7
3,2026-09-06 11:20:04.825950,3,2,1,13
4,2026-09-06 11:20:04.825950,19,14,5,14
5,2026-09-06 11:20:04.825950,4,3,1,14
6,2026-09-06 11:20:04.825950,5,4,1,10
7,2026-09-06 11:20:04.825950,0,0,0,5
8,2026-09-06 11:20:04.825950,4,3,1,11
1,2026-09-06 12:20:04.825950,2,1,1,11
2,2026-09-06 12:20:04.825950,5,3,2,10
3,2026-09-06 12:20:04.825950,3,2,1,5
4,2026-09-06 12:20:04.825950,11,8,3,15
5,2026-09-06 12:20:04.825950,5,4,1,14
6,2026-09-06 12:20:04.825950,1,0,1,7
7,2026-09-06 12:20:04.825950,1,0,1,10
8,2026-09-06 12:20:04.825950,2,1,1,8
1,2026-09-06 13:20:04.825950,4,2,2,9
2,2026-09-06 13:20:04.825950,4,3,1,5
3,2026-09-06 13:20:04.825950,4,2,2,7
4,2026-09-06 13:20:04.825950,15,11,4,11
5,2026-09-06 13:20:04.825950,0,0,0,8
6,2026-09-06 13:20:04.825950,2,1,1,7
7,2026-09-06 13:20:04.825950,2,1,1,10
8,2026-09-06 13:20:04.825950,2,1,1,5
1,2026-09-06 14:20:04.825950,0,0,0,8
2,2026-09-06 14:20:04.825950,2,1,1,15
3,2026-09-06 14:20:04.825950,0,0,0,11
4,2026-09-06 14:20:04.825950,4,3,1,13
5,2026-09-06 14:20:04.825950,4,3,1,8
6,2026-09-06 14:20:04.825950,4,2,2,8
7,2026-09-06 14:20:04.825950,1,0,1,9
8,2026-09-06 14:20:04.825950,1,0,1,7
1,2026-09-06 15:20:04.825950,4,3,1,5
2,2026-09-06 15:20:04.825950,4,2,2,14
3,2026-09-06 15:20:04.825950,5,4,1,15
4,2026-09-06 15:20:04.825950,1,0,1,9
5,2026-09-06 15:20:04.825950,2,1,1,14
6,2026-09-06 15:20:04.825950,0,0,0,10
7,2026-09-06 15:20:04.825950,4,3,1,14
8,2026-09-06 15:20:04.825950,4,3,1,5
1,2026-09-06 16:20:04.825950,0,0,0,12
2,2026-09-06 16:20:04.825950,3,2,1,12
3,2026-09-06 16:20:04.825950,3,2,1,10
4,2026-09-06 16:20:04.825950,2,1,1,5
5,2026-09-06 16:20:04.825950,3,2,1,9
6,2026-09-06 16:20:04.825950,5,3,2,8
7,2026-09-06 16:20:04.825950,3,2,1,6
8,2026-09-06 16:20:04.825950,4,2,2,11
1,2026-09-06 17:20:04.825950,20,16,4,16
2,2026-09-06 17:20:04.825950,3,2,1,11
3,2026-09-06 17:20:04.825950,1,0,1,9
4,2026-09-06 17:20:04.825950,3,2,1,15
5,2026-09-06 17:20:04.825950,4,3,1,11
6,2026-09-06 17:20:04.825950,2,1,1,7
7,2026-09-06 17:20:04.825950,5,3,2,14
8,2026-09-06 17:20:04.825950,3,2,1,8
1,2026-09-06 18:20:04.825950,15,12,3,12
2,2026-09-06 18:20:04.825950,5,4,1,13
3,2026-09-06 18:20:04.825950,2,1,1,7
4,2026-09-06 18:20:04.825950,12,8,4,8
5,2026-09-06 18:20:04.825950,0,0,0,8
6,2026-09-06 18:20:04.825950,2,1,1,10
7,2026-09-06 18:20:04.825950,0,0,0,7
8,2026-09-06 18:20:04.825950,0,0,0,6
1,2026-09-06 19:20:04.825950,24,19,5,19
2,2026-09-06 19:20:04.825950,4,3,1,12
3,2026-09-06 19:20:04.825950,4,3,1,7
4,2026-09-06 19:20:04.825950,19,15,4,15
5,2026-09-06 19:20:04.825950,2,1,1,9
6,2026-09-06 19:20:04.825950,1,0,1,6
7,2026-09-06 19:20:04.825950,4,3,1,9
8,2026-09-06 19:20:04.825950,5,4,1,10
1,2026-09-06 20:20:04.825950,23,18,5,18
2,2026-09-06 20:20:04.825950,2,1,1,12
3,2026-09-06 20:20:04.825950,3,2,1,12
4,2026-09-06 20:20:04.825950,21,18,3,18
5,2026-09-06 20:20:04.825950,1,0,1,7
6,2026-09-06 20:20:04.825950,4,3,1,13
7,2026-09-06 20:20:04.825950,3,2,1,10
8,2026-09-06 20:20:04.825950,4,3,1,7
1,2026-09-06 21:20:04.825950,2,1,1,13
2,2026-09-06 21:20:04.825950,5,3,2,11
3,2026-09-06 21:20:04.825950,2,1,1,13
4,2026-09-06 21:20:04.825950,22,17,5,17
5,2026-09-06 21:20:04.825950,5,4,1,8
6,2026-09-06 21:20:04.825950,5,4,1,10
7,2026-09-06 21:20:04.825950,5,3,2,12
8,2026-09-06 21:20:04.825950,1,0,1,7
1,2026-09-06 22:20:04.825950,0,0,0,9
2,2026-09-06 22:20:04.825950,3,2,1,15
3,2026-09-06 22:20:04.825950,4,3,1,10
4,2026-09-06 22:20:04.825950,2,1,1,15
5,2026-09-06 22:20:04.825950,2,1,1,6
6,2026-09-06 22:20:04.825950,4,3,1,13
7,2026-09-06 22:20:04.825950,1,0,1,10
8,2026-09-06 22:20:04.825950,0,0,0,13
1,2026-09-06 23:20:04.825950,1,0,1,15
2,2026-09-06 23:20:04.825950,5,3,2,9
3,2026-09-06 23:20:04.825950,3,2,1,11
4,2026-09-06 23:20:04.825950,1,0,1,9
5,2026-09-06 23:20:04.825950,1,0,1,6
6,2026-09-06 23:20:04.825950,1,0,1,8
7,2026-09-06 23:20:04.825950,2,1,1,14
8,2026-09-06 23:20:04.825950,4,2,2,5
1,2026-09-07 00:20:04.825950,0,0,0,15
2,2026-09-07 00:20:04.825950,3,2,1,12
3,2026-09-07 00:20:04.825950,0,0,0,11
4,2026-09-07 00:20:04.825950,0,0,0,10
5,2026-09-07 00:20:04.825950,0,0,0,10
6,2026-09-07 00:20:04.825950,3,2,1,6
7,2026-09-07 00:20:04.825950,3,2,1,15
8,2026-09-07 00:20:04.825950,0,0,0,8
1,2026-09-07 01:20:04.825950,4,2,2,6
2,2026-09-07 01:20:04.825950,4,2,2,10
3,2026-09-07 01:20:04.825950,1,0,1,7
4,2026-09-07 01:20:04.825950,1,0,1,12
5,2026-09-07 01:20:04.825950,0,0,0,14
6,2026-09-07 01:20:04.825950,1,0,1,5
7,2026-09-07 01:20:04.825950,5,3,2,5
8,2026-09-07 01:20:04.825950,4,2,2,12
1,2026-09-07 02:20:04.825950,5,3,2,11
2,2026-09-07 02:20:04.825950,2,1,1,15
3,2026-09-07 02:20:04.825950,5,3,2,5
4,2026-09-07 02:20:04.825950,3,2,1,7
5,2026-09-07 02:20:04.825950,3,2,1,13
6,2026-09-07 02:20:04.825950,5,4,1,5
7,2026-09-07 02:20:04.825950,0,0,0,8
8,2026-09-07 02:20:04.825950,3,2,1,9
1,2026-09-07 03:20:04.825950,3,2,1,11
2,2026-09-07 03:20:04.825950,5,3,2,8
3,2026-09-07 03:20:04.825950,5,3,2,8
4,2026-09-07 03:20:04.825950,3,2,1,15
5,2026-09-07 03:20:04.825950,4,3,1,6
6,2026-09-07 03:20:04.825950,3,2,1,8
7,2026-09-07 03:20:04.825950,5,3,2,10
8,2026-09-07 03:20:04.825950,2,1,1,9
1,2026-09-07 04:20:04.825950,0,0,0,8
2,2026-09-07 04:20:04.825950,3,2,1,12
3,2026-09-07 04:20:04.825950,5,4,1,13
4,2026-09-07 04:20:04.825950,2,1,1,11
5,2026-09-07 04:20:04.825950,0,0,0,8
6,2026-09-07 04:20:04.825950,2,1,1,7
7,2026-09-07 04:20:04.825950,4,3,1,9
8,2026-09-07 04:20:04.825950,3,2,1,12
1,2026-09-07 05:20:04.825950,2,1,1,6
2,2026-09-07 05:20:04.825950,4,3,1,5
3,2026-09-07 05:20:04.825950,0,0,0,12
4,2026-09-07 05:20:04.825950,4,3,1,8
5,2026-09-07 05:20:04.825950,1,0,1,7
6,2026-09-07 05:20:04.825950,0,0,0,9
7,2026-09-07 05:20:04.825950,4,2,2,9
8,2026-09-07 05:20:04.825950,2,1,1,6
1,2026-09-07 06:20:04.825950,3,2,1,9
2,2026-09-07 06:20:04.825950,2,1,1,10
3,2026-09-07 06:20:04.825950,1,0,1,11
4,2026-09-07 06:20:04.825950,4,3,1,14
5,2026-09-07 06:20:04.825950,0,0,0,9
6,2026-09-07 06:20:04.825950,4,3,1,8
7,2026-09-07 06:20:04.825950,3,2,1,7
8,2026-09-07 06:20:04.825950,3,2,1,5
1,2026-09-07 07:20:04.825950,31,22,9,22
2,2026-09-07 07:20:04.825950,3,2,1,9
3,2026-09-07 07:20:04.825950,0,0,0,5
4,2026-09-07 07:20:04.825950,4,3,1,13
5,2026-09-07 07:20:04.825950,2,1,1,10
6,2026-09-07 07:20:04.825950,3,2,1,9
7,2026-09-07 07:20:04.825950,1,0,1,9
8,2026-09-07 07:20:04.825950,1,0,1,14
1,2026-09-07 08:20:04.825950,19,16,3,16
2,2026-09-07 08:20:04.825950,4,3,1,12
3,2026-09-07 08:20:04.825950,16,12,4,12
4,2026-09-07 08:20:04.825950,0,0,0,15
5,2026-09-07 08:20:04.825950,5,3,2,6
6,2026-09-07 08:20:04.825950,2,1,1,13
7,2026-09-07 08:20:04.825950,4,3,1,8
8,2026-09-07 08:20:04.825950,3,2,1,11
1,2026-09-07 09:20:04.825950,29,25,4,25
2,2026-09-07 09:20:04.825950,3,2,1,11
3,2026-09-07 09:20:04.825950,17,14,3,14
4,2026-09-07 09:20:04.825950,1,0,1,6
5,2026-09-07 09:20:04.825950,2,1,1,6
6,2026-09-07 09:20:04.825950,4,3,1,13
7,2026-09-07 09:20:04.825950,5,4,1,5
8,2026-09-07 09:20:04.825950,0,0,0,12
1,2026-09-07 10:20:04.825950,5,3,2,6
2,2026-09-07 10:20:04.825950,0,0,0,9
3,2026-09-07 10:20:04.825950,13,10,3,15
4,2026-09-07 10:20:04.825950,4,3,1,9
5,2026-09-07 10:20:04.825950,1,0,1,11
6,2026-09-07 10:20:04.825950,0,0,0,5
7,2026-09-07 10:20:04.825950,1,0,1,12
8,2026-09-07 10:20:04.825950,2,1,1,14
1,2026-09-07 11:20:04.825950,4,2,2,5
2,2026-09-07 11:20:04.825950,3,2,1,12
3,2026-09-07 11:20:04.825950,5,3,2,11
4,2026-09-07 11:20:04.825950,14,11,3,11
5,2026-09-07 11:20:04.825950,1,0,1,11
6,2026-09-07 11:20:04.825950,3,2,1,12
7,2026-09-07 11:20:04.825950,4,3,1,6
8,2026-09-07 11:20:04.825950,4,2,2,13
1,2026-09-07 12:20:04.825950,3,2,1,13
2,2026-09-07 12:20:04.825950,3,2,1,13
3,2026-09-07 12:20:04.825950,2,1,1,5
4,2026-09-07 12:20:04.825950,20,17,3,17
5,2026-09-07 12:20:04.825950,3,2,1,15
6,2026-09-07 12:20:04.825950,1,0,1,14
7,2026-09-07 12:20:04.825950,4,3,1,11
8,2026-09-07 12:20:04.825950,0,0,0,10
1,2026-09-07 13:20:04.825950,5,3,2,5
2,2026-09-07 13:20:04.825950,5,4,1,14
3,2026-09-07 13:20:04.825950,1,0,1,6
4,2026-09-07 13:20:04.825950,22,15,7,15
5,2026-09-07 13:20:04.825950,4,3,1,6
6,2026-09-07 13:20:04.825950,4,3,1,15
7,2026-09-07 13:20:04.825950,5,3,2,11
8,2026-09-07 13:20:04.825950,3,2,1,5
1,2026-09-07 14:20:04.825950,0,0,0,7
2,2026-09-07 14:20:04.825950,4,3,1,15
3,2026-09-07 14:20:04.825950,0,0,0,14
4,2026-09-07 14:20:04.825950,4,2,2,13
5,2026-09-07 14:20:04.825950,4,2,2,14
6,2026-09-07 14:20:04.825950,4,3,1,12
7,2026-09-07 14:20:04.825950,0,0,0,11
8,2026-09-07 14:20:04.825950,5,3,2,8
1,2026-09-07 15:20:04.825950,1,0,1,12
2,2026-09-07 15:20:04.825950,5,4,1,5
3,2026-09-07 15:20:04.825950,27,23,4,23
4,2026-09-07 15:20:04.825950,4,3,1,11
5,2026-09-07 15:20:04.825950,4,3,1,5
6,2026-09-07 15:20:04.825950,1,0,1,14
7,2026-09-07 15:20:04.825950,4,3,1,15
8,2026-09-07 15:20:04.825950,1,0,1,6
1,2026-09-07 16:20:04.825950,5,4,1,10
2,2026-09-07 16:20:04.825950,2,1,1,15
3,2026-09-07 16:20:04.825950,14,10,4,10
4,2026-09-07 16:20:04.825950,4,3,1,11
5,2026-09-07 16:20:04.825950,3,2,1,11
6,2026-09-07 16:20:04.825950,4,2,2,14
7,2026-09-07 16:20:04.825950,2,1,1,12
8,2026-09-07 16:20:04.825950,1,0,1,9
1,2026-09-07 17:20:04.825950,24,21,3,21
2,2026-09-07 17:20:04.825950,1,0,1,13
3,2026-09-07 17:20:04.825950,23,19,4,19
4,2026-09-07 17:20:04.825950,0,0,0,15
5,2026-09-07 17:20:04.825950,5,3,2,13
6,2026-09-07 17:20:04.825950,0,0,0,13
7,2026-09-07 17:20:04.825950,0,0,0,11
8,2026-09-07 17:20:04.825950,5,3,2,8
1,2026-09-07 18:20:04.825950,23,17,6,17
2,2026-09-07 18:20:04.825950,4,3,1,5
3,2026-09-07 18:20:04.825950,0,0,0,9
4,2026-09-07 18:20:04.825950,24,17,7,17
5,2026-09-07 18:20:04.825950,4,2,2,5
6,2026-09-07 18:20:04.825950,1,0,1,5
7,2026-09-07 18:20:04.825950,0,0,0,14
8,2026-09-07 18:20:04.825950,1,0,1,9
1,2026-09-07 19:20:04.825950,29,25,4,25
2,2026-09-07 19:20:04.825950,0,0,0,13
3,2026-09-07 19:20:04.825950,0,0,0,6
4,2026-09-07 19:20:04.825950,15,11,4,13
5,2026-09-07 19:20:04.825950,1,0,1,11
6,2026-09-07 19:20:04.825950,4,2,2,9
7,2026-09-07 19:20:04.825950,2,1,1,10
8,2026-09-07 19:20:04.825950,0,0,0,5
1,2026-09-07 20:20:04.825950,22,17,5,17
2,2026-09-07 20:20:04.825950,4,3,1,14
3,2026-09-07 20:20:04.825950,1,0,1,12
4,2026-09-07 20:20:04.825950,19,13,6,13
5,2026-09-07 20:20:04.825950,4,2,2,14
6,2026-09-07 20:20:04.825950,5,3,2,14
7,2026-09-07 20:20:04.825950,3,2,1,7
8,2026-09-07 20:20:04.825950,3,2,1,7
1,2026-09-07 21:20:04.825950,0,0,0,13
2,2026-09-07 21:20:04.825950,1,0,1,8
3,2026-09-07 21:20:04.825950,4,2,2,5
4,2026-09-07 21:20:04.825950,17,15,2,15
5,2026-09-07 21:20:04.825950,1,0,1,9
6,2026-09-07 21:20:04.825950,2,1,1,10
7,2026-09-07 21:20:04.825950,4,3,1,15
8,2026-09-07 21:20:04.825950,1,0,1,10
1,2026-09-07 22:20:04.825950,4,3,1,12
2,2026-09-07 22:20:04.825950,0,0,0,5
3,2026-09-07 22:20:04.825950,5,4,1,15
4,2026-09-07 22:20:04.825950,5,3,2,7
5,2026-09-07 22:20:04.825950,5,4,1,8
6,2026-09-07 22:20:04.825950,3,2,1,14
7,2026-09-07 22:20:04.825950,0,0,0,7
8,2026-09-07 22:20:04.825950,1,0,1,8
1,2026-09-07 23:20:04.825950,0,0,0,9
2,2026-09-07 23:20:04.825950,4,3,1,5
3,2026-09-07 23:20:04.825950,1,0,1,15
4,2026-09-07 23:20:04.825950,3,2,1,9
5,2026-09-07 23:20:04.825950,1,0,1,7
6,2026-09-07 23:20:04.825950,5,3,2,10
7,2026-09-07 23:20:04.825950,2,1,1,11
8,2026-09-07 23:20:04.825950,2,1,1,6
1,2026-09-08 00:20:04.825950,5,4,1,12
2,2026-09-08 00:20:04.825950,2,1,1,9
3,2026-09-08 00:20:04.825950,5,3,2,8
4,2026-09-08 00:20:04.825950,3,2,1,9
5,2026-09-08 00:20:04.825950,4,3,1,6
6,2026-09-08 00:20:04.825950,2,1,1,14
7,2026-09-08 00:20:04.825950,3,2,1,8
8,2026-09-08 00:20:04.825950,4,3,1,11
1,2026-09-08 01:20:04.825950,3,2,1,8
2,2026-09-08 01:20:04.825950,1,0,1,5
3,2026-09-08 01:20:04.825950,3,2,1,12
4,2026-09-08 01:20:04.825950,4,3,1,13
5,2026-09-08 01:20:04.825950,3,2,1,6
6,2026-09-08 01:20:04.825950,1,0,1,9
7,2026-09-08 01:20:04.825950,4,3,1,15
8,2026-09-08 01:20:04.825950,1,0,1,5
1,2026-09-08 02:20:04.825950,2,1,1,13
2,2026-09-08 02:20:04.825950,3,2,1,11
3,2026-09-08 02:20:04.825950,4,3,1,5
4,2026-09-08 02:20:04.825950,3,2,1,6
5,2026-09-08 02:20:04.825950,3,2,1,14
6,2026-09-08 02:20:04.825950,4,3,1,8
7,2026-09-08 02:20:04.825950,2,1,1,14
8,2026-09-08 02:20:04.825950,4,3,1,7
1,2026-09-08 03:20:04.825950,4,3,1,14
2,2026-09-08 03:20:04.825950,5,4,1,8
3,2026-09-08 03:20:04.825950,2,1,1,12
4,2026-09-08 03:20:04.825950,3,2,1,12
5,2026-09-08 03:20:04.825950,5,3,2,14
6,2026-09-08 03:20:04.825950,1,0,1,11
7,2026-09-08 03:20:04.825950,0,0,0,8
8,2026-09-08 03:20:04.825950,2,1,1,5
1,2026-09-08 04:20:04.825950,4,3,1,9
2,2026-09-08 04:20:04.825950,4,3,1,6
3,2026-09-08 04:20:04.825950,2,1,1,13
4,2026-09-08 04:20:04.825950,5,3,2,14
5,2026-09-08 04:20:04.825950,0,0,0,7
6,2026-09-08 04:20:04.825950,3,2,1,5
7,2026-09-08 04:20:04.825950,0,0,0,5
8,2026-09-08 04:20:04.825950,5,4,1,12
1,2026-09-08 05:20:04.825950,3,2,1,14
2,2026-09-08 05:20:04.825950,5,4,1,6
3,2026-09-08 05:20:04.825950,2,1,1,15
4,2026-09-08 05:20:04.825950,1,0,1,9
5,2026-09-08 05:20:04.825950,5,4,1,6
6,2026-09-08 05:20:04.825950,1,0,1,5
7,2026-09-08 05:20:04.825950,1,0,1,14
8,2026-09-08 05:20:04.825950,3,2,1,15
1,2026-09-08 06:20:04.825950,4,3,1,5
2,2026-09-08 06:20:04.825950,4,3,1,11
3,2026-09-08 06:20:04.825950,5,3,2,15
4,2026-09-08 06:20:04.825950,3,2,1,15
5,2026-09-08 06:20:04.825950,5,3,2,5
6,2026-09-08 06:20:04.825950,2,1,1,15
7,2026-09-08 06:20:04.825950,1,0,1,7
8,2026-09-08 06:20:04.825950,1,0,1,8
1,2026-09-08 07:20:04.825950,30,26,4,26
2,2026-09-08 07:20:04.825950,4,3,1,6
3,2026-09-08 07:20:04.825950,4,3,1,13
4,2026-09-08 07:20:04.825950,4,3,1,14
5,2026-09-08 07:20:04.825950,4,3,1,5
6,2026-09-08 07:20:04.825950,5,4,1,10
7,2026-09-08 07:20:04.825950,3,2,1,5
8,2026-09-08 07:20:04.825950,0,0,0,10
1,2026-09-08 08:20:04.825950,16,12,4,12
2,2026-09-08 08:20:04.825950,3,2,1,13
3,2026-09-08 08:20:04.825950,23,20,3,20
4,2026-09-08 08:20:04.825950,5,4,1,15
5,2026-09-08 08:20:04.825950,2,1,1,5
6,2026-09-08 08:20:04.825950,2,1,1,9
7,2026-09-08 08:20:04.825950,3,2,1,7
8,2026-09-08 08:20:04.825950,2,1,1,6
1,2026-09-08 09:20:04.825950,26,20,6,20
2,2026-09-08 09:20:04.825950,2,1,1,6
3,2026-09-08 09:20:04.825950,11,8,3,12
4,2026-09-08 09:20:04.825950,1,0,1,6
5,2026-09-08 09:20:04.825950,3,2,1,10
6,2026-09-08 09:20:04.825950,0,0,0,6
7,2026-09-08 09:20:04.825950,4,3,1,7
8,2026-09-08 09:20:04.825950,0,0,0,10
1,2026-09-08 10:20:04.825950,4,3,1,14
2,2026-09-08 10:20:04.825950,4,3,1,14
3,2026-09-08 10:20:04.825950,26,19,7,19
4,2026-09-08 10:20:04.825950,0,0,0,7
5,2026-09-08 10:20:04.825950,2,1,1,9
6,2026-09-08 10:20:04.825950,2,1,1,9
7,2026-09-08 10:20:04.825950,4,3,1,9
8,2026-09-08 10:20:04.825950,3,2,1,12
1,2026-09-08 11:20:04.825950,5,4,1,11
2,2026-09-08 11:20:04.825950,1,0,1,10
3,2026-09-08 11:20:04.825950,0,0,0,5
4,2026-09-08 11:20:04.825950,22,17,5,17
5,2026-09-08 11:20:04.825950,4,2,2,12
6,2026-09-08 11:20:04.825950,5,3,2,13
7,2026-09-08 11:20:04.825950,2,1,1,8
8,2026-09-08 11:20:04.825950,5,3,2,13
1,2026-09-08 12:20:04.825950,4,3,1,9
2,2026-09-08 12:20:04.825950,2,1,1,9
3,2026-09-08 12:20:04.825950,0,0,0,6
4,2026-09-08 12:20:04.825950,19,15,4,15
5,2026-09-08 12:20:04.825950,2,1,1,6
6,2026-09-08 12:20:04.825950,5,4,1,6
7,2026-09-08 12:20:04.825950,2,1,1,12
8,2026-09-08 12:20:04.825950,2,1,1,14
1,2026-09-08 13:20:04.825950,3,2,1,8
2,2026-09-08 13:20:04.825950,4,3,1,11
3,2026-09-08 13:20:04.825950,0,0,0,12
4,2026-09-08 13:20:04.825950,10,7,3,14
5,2026-09-08 13:20:04.825950,1,0,1,5
6,2026-09-08 13:20:04.825950,5,3,2,9
7,2026-09-08 13:20:04.825950,0,0,0,5
8,2026-09-08 13:20:04.825950,1,0,1,13
1,2026-09-08 14:20:04.825950,1,0,1,13
2,2026-09-08 14:20:04.825950,0,0,0,14
3,2026-09-08 14:20:04.825950,3,2,1,7
4,2026-09-08 14:20:04.825950,5,4,1,8
5,2026-09-08 14:20:04.825950,4,3,1,13
6,2026-09-08 14:20:04.825950,4,3,1,9
7,2026-09-08 14:20:04.825950,5,4,1,5
8,2026-09-08 14:20:04.825950,5,3,2,13
1,2026-09-08 15:20:04.825950,0,0,0,10
2,2026-09-08 15:20:04.825950,1,0,1,10
3,2026-09-08 15:20:04.825950,22,16,6,16
4,2026-09-08 15:20:04.825950,5,4,1,8
5,2026-09-08 15:20:04.825950,5,3,2,11
6,2026-09-08 15:20:04.825950,1,0,1,8
7,2026-09-08 15:20:04.825950,4,3,1,9
8,2026-09-08 15:20:04.825950,2,1,1,13
1,2026-09-08 16:20:04.825950,4,3,1,11
2,2026-09-08 16:20:04.825950,3,2,1,14
3,2026-09-08 16:20:04.825950,29,26,3,26
4,2026-09-08 16:20:04.825950,4,2,2,15
5,2026-09-08 16:20:04.825950,5,3,2,14
6,2026-09-08 16:20:04.825950,0,0,0,15
7,2026-09-08 16:20:04.825950,2,1,1,6
8,2026-09-08 16:20:04.825950,0,0,0,7
1,2026-09-08 17:20:04.825950,30,21,9,21
2,2026-09-08 17:20:04.825950,4,3,1,10
3,2026-09-08 17:20:04.825950,15,11,4,11
4,2026-09-08 17:20:04.825950,1,0,1,6
5,2026-09-08 17:20:04.825950,0,0,0,11
6,2026-09-08 17:20:04.825950,0,0,0,12
7,2026-09-08 17:20:04.825950,5,4,1,7
8,2026-09-08 17:20:04.825950,1,0,1,8
1,2026-09-08 18:20:04.825950,34,28,6,28
2,2026-09-08 18:20:04.825950,3,2,1,10
3,2026-09-08 18:20:04.825950,5,3,2,12
4,2026-09-08 18:20:04.825950,15,13,2,15
5,2026-09-08 18:20:04.825950,5,4,1,15
6,2026-09-08 18:20:04.825950,1,0,1,6
7,2026-09-08 18:20:04.825950,2,1,1,6
8,2026-09-08 18:20:04.825950,4,3,1,8
1,2026-09-08 19:20:04.825950,27,21,6,21
2,2026-09-08 19:20:04.825950,3,2,1,7
3,2026-09-08 19:20:04.825950,3,2,1,10
4,2026-09-08 19:20:04.825950,24,18,6,18
5,2026-09-08 19:20:04.825950,2,1,1,5
6,2026-09-08 19:20:04.825950,1,0,1,6
7,2026-09-08 19:20:04.825950,5,4,1,5
8,2026-09-08 19:20:04.825950,1,0,1,13
1,2026-09-08 20:20:04.825950,18,13,5,13
2,2026-09-08 20:20:04.825950,4,3,1,10
3,2026-09-08 20:20:04.825950,0,0,0,5
4,2026-09-08 20:20:04.825950,19,14,5,14
5,2026-09-08 20:20:04.825950,2,1,1,13
6,2026-09-08 20:20:04.825950,5,3,2,15
7,2026-09-08 20:20:04.825950,3,2,1,5
8,2026-09-08 20:20:04.825950,4,3,1,6
1,2026-09-08 21:20:04.825950,0,0,0,14
2,2026-09-08 21:20:04.825950,0,0,0,7
3,2026-09-08 21:20:04.825950,0,0,0,8
4,2026-09-08 21:20:04.825950,15,10,5,10
5,2026-09-08 21:20:04.825950,0,0,0,10
6,2026-09-08 21:20:04.825950,1,0,1,12
7,2026-09-08 21:20:04.825950,2,1,1,14
8,2026-09-08 21:20:04.825950,2,1,1,6
1,2026-09-08 22:20:04.825950,4,3,1,7
2,2026-09-08 22:20:04.825950,3,2,1,14
3,2026-09-08 22:20:04.825950,5,4,1,5
4,2026-09-08 22:20:04.825950,1,0,1,12
5,2026-09-08 22:20:04.825950,2,1,1,12
6,2026-09-08 22:20:04.825950,2,1,1,9
7,2026-09-08 22:20:04.825950,2,1,1,14
8,2026-09-08 22:20:04.825950,1,0,1,9
1,2026-09-08 23:20:04.825950,5,4,1,14
2,2026-09-08 23:20:04.825950,2,1,1,10
3,2026-09-08 23:20:04.825950,1,0,1,6
4,2026-09-08 23:20:04.825950,4,2,2,13
5,2026-09-08 23:20:04.825950,0,0,0,14
6,2026-09-08 23:20:04.825950,3,2,1,10
7,2026-09-08 23:20:04.825950,4,2,2,9
8,2026-09-08 23:20:04.825950,2,1,1,11
1,2026-09-09 00:20:04.825950,1,0,1,14
2,2026-09-09 00:20:04.825950,5,3,2,6
3,2026-09-09 00:20:04.825950,3,2,1,5
4,2026-09-09 00:20:04.825950,2,1,1,11
5,2026-09-09 00:20:04.825950,0,0,0,11
6,2026-09-09 00:20:04.825950,0,0,0,7
7,2026-09-09 00:20:04.825950,2,1,1,5
8,2026-09-09 00:20:04.825950,3,2,1,12
1,2026-09-09 01:20:04.825950,5,3,2,11
2,2026-09-09 01:20:04.825950,3,2,1,8
3,2026-09-09 01:20:04.825950,2,1,1,6
4,2026-09-09 01:20:04.825950,2,1,1,5
5,2026-09-09 01:20:04.825950,0,0,0,8
6,2026-09-09 01:20:04.825950,5,3,2,12
7,2026-09-09 01:20:04.825950,1,0,1,15
8,2026-09-09 01:20:04.825950,0,0,0,6
1,2026-09-09 02:20:04.825950,2,1,1,10
2,2026-09-09 02:20:04.825950,4,3,1,5
3,2026-09-09 02:20:04.825950,2,1,1,9
4,2026-09-09 02:20:04.825950,2,1,1,8
5,2026-09-09 02:20:04.825950,4,3,1,12
6,2026-09-09 02:20:04.825950,4,3,1,11
7,2026-09-09 02:20:04.825950,2,1,1,10
8,2026-09-09 02:20:04.825950,1,0,1,10
1,2026-09-09 03:20:04.825950,5,4,1,12
2,2026-09-09 03:20:04.825950,4,2,2,12
3,2026-09-09 03:20:04.825950,0,0,0,6
4,2026-09-09 03:20:04.825950,5,4,1,15
5,2026-09-09 03:20:04.825950,4,3,1,11
6,2026-09-09 03:20:04.825950,5,4,1,11
7,2026-09-09 03:20:04.825950,4,2,2,10
8,2026-09-09 03:20:04.825950,3,2,1,13
1,2026-09-09 04:20:04.825950,1,0,1,10
2,2026-09-09 04:20:04.825950,5,4,1,9
3,2026-09-09 04:20:04.825950,5,4,1,12
4,2026-09-09 04:20:04.825950,3,2,1,5
5,2026-09-09 04:20:04.825950,2,1,1,5
6,2026-09-09 04:20:04.825950,1,0,1,12
7,2026-09-09 04:20:04.825950,3,2,1,6
8,2026-09-09 04:20:04.825950,4,3,1,5
1,2026-09-09 05:20:04.825950,5,3,2,7
2,2026-09-09 05:20:04.825950,1,0,1,10
3,2026-09-09 05:20:04.825950,3,2,1,8
4,2026-09-09 05:20:04.825950,1,0,1,7
5,2026-09-09 05:20:04.825950,5,4,1,12
6,2026-09-09 05:20:04.825950,1,0,1,7
7,2026-09-09 05:20:04.825950,1,0,1,11
8,2026-09-09 05:20:04.825950,2,1,1,7
1,2026-09-09 06:20:04.825950,4,3,1,10
2,2026-09-09 06:20:04.825950,1,0,1,11
3,2026-09-09 06:20:04.825950,3,2,1,14
4,2026-09-09 06:20:04.825950,5,3,2,7
5,2026-09-09 06:20:04.825950,3,2,1,8
6,2026-09-09 06:20:04.825950,4,3,1,7
7,2026-09-09 06:20:04.825950,1,0,1,10
8,2026-09-09 06:20:04.825950,5,3,2,7
1,2026-09-09 07:20:04.825950,21,14,7,14
2,2026-09-09 07:20:04.825950,2,1,1,5
3,2026-09-09 07:20:04.825950,0,0,0,8
4,2026-09-09 07:20:04.825950,1,0,1,7
5,2026-09-09 07:20:04.825950,4,3,1,7
6,2026-09-09 07:20:04.825950,1,0,1,12
7,2026-09-09 07:20:04.825950,5,3,2,14
8,2026-09-09 07:20:04.825950,4,2,2,14
1,2026-09-09 08:20:04.825950,30,22,8,22
2,2026-09-09 08:20:04.825950,0,0,0,9
3,2026-09-09 08:20:04.825950,25,18,7,18
4,2026-09-09 08:20:04.825950,0,0,0,12
5,2026-09-09 08:20:04.825950,2,1,1,14
6,2026-09-09 08:20:04.825950,4,2,2,13
7,2026-09-09 08:20:04.825950,1,0,1,5
8,2026-09-09 08:20:04.825950,5,4,1,9
1,2026-09-09 09:20:04.825950,22,18,4,18
2,2026-09-09 09:20:04.825950,3,2,1,7
3,2026-09-09 09:20:04.825950,26,20,6,20
4,2026-09-09 09:20:04.825950,1,0,1,6
5,2026-09-09 09:20:04.825950,3,2,1,13
6,2026-09-09 09:20:04.825950,5,4,1,11
7,2026-09-09 09:20:04.825950,3,2,1,12
8,2026-09-09 09:20:04.825950,0,0,0,12
1,2026-09-09 10:20:04.825950,0,0,0,10
2,2026-09-09 10:20:04.825950,0,0,0,5
3,2026-09-09 10:20:04.825950,22,16,6,16
4,2026-09-09 10:20:04.825950,2,1,1,9
5,2026-09-09 10:20:04.825950,0,0,0,5
6,2026-09-09 10:20:04.825950,5,3,2,9
7,2026-09-09 10:20:04.825950,5,3,2,12
8,2026-09-09 10:20:04.825950,2,1,1,15
1,2026-09-09 11:20:04.825950,3,2,1,10
2,2026-09-09 11:20:04.825950,4,2,2,12
3,2026-09-09 11:20:04.825950,3,2,1,14
4,2026-09-09 11:20:04.825950,16,13,3,13
5,2026-09-09 11:20:04.825950,0,0,0,11
6,2026-09-09 11:20:04.825950,1,0,1,15
7,2026-09-09 11:20:04.825950,2,1,1,11
8,2026-09-09 11:20:04.825950,2,1,1,6
1,2026-09-09 12:20:04.825950,2,1,1,9
2,2026-09-09 12:20:04.825950,2,1,1,15
3,2026-09-09 12:20:04.825950,4,2,2,13
4,2026-09-09 12:20:04.825950,20,16,4,16
5,2026-09-09 12:20:04.825950,5,3,2,14
6,2026-09-09 12:20:04.825950,4,3,1,14
7,2026-09-09 12:20:04.825950,0,0,0,13
8,2026-09-09 12:20:04.825950,3,2,1,14
1,2026-09-09 13:20:04.825950,2,1,1,5
2,2026-09-09 13:20:04.825950,2,1,1,15
3,2026-09-09 13:20:04.825950,1,0,1,11
4,2026-09-09 13:20:04.825950,17,12,5,12
5,2026-09-09 13:20:04.825950,5,3,2,14
6,2026-09-09 13:20:04.825950,2,1,1,6
7,2026-09-09 13:20:04.825950,1,0,1,13
8,2026-09-09 13:20:04.825950,4,3,1,13
1,2026-09-09 14:20:04.825950,5,3,2,6
2,2026-09-09 14:20:04.825950,2,1,1,13
3,2026-09-09 14:20:04.825950,2,1,1,5
4,2026-09-09 14:20:04.825950,0,0,0,7
5,2026-09-09 14:20:04.825950,5,3,2,7
6,2026-09-09 14:20:04.825950,1,0,1,14
7,2026-09-09 14:20:04.825950,4,3,1,9
8,2026-09-09 14:20:04.825950,3,2,1,15
1,2026-09-09 15:20:04.825950,1,0,1,12
2,2026-09-09 15:20:04.825950,5,4,1,12
3,2026-09-09 15:20:04.825950,14,12,2,12
4,2026-09-09 15:20:04.825950,1,0,1,15
5,2026-09-09 15:20:04.825950,4,3,1,5
6,2026-09-09 15:20:04.825950,2,1,1,9
7,2026-09-09 15:20:04.825950,0,0,0,5
8,2026-09-09 15:20:04.825950,3,2,1,8
1,2026-09-09 16:20:04.825950,5,4,1,14
2,2026-09-09 16:20:04.825950,5,3,2,9
3,2026-09-09 16:20:04.825950,21,16,5,16
4,2026-09-09 16:20:04.825950,2,1,1,15
5,2026-09-09 16:20:04.825950,3,2,1,14
6,2026-09-09 16:20:04.825950,3,2,1,15
7,2026-09-09 16:20:04.825950,4,2,2,5
8,2026-09-09 16:20:04.825950,4,3,1,12
1,2026-09-09 17:20:04.825950,22,17,5,17
2,2026-09-09 17:20:04.825950,0,0,0,5
3,2026-09-09 17:20:04.825950,18,14,4,14
4,2026-09-09 17:20:04.825950,3,2,1,6
5,2026-09-09 17:20:04.825950,3,2,1,10
6,2026-09-09 17:20:04.825950,5,3,2,13
7,2026-09-09 17:20:04.825950,3,2,1,10
8,2026-09-09 17:20:04.825950,3,2,1,13
1,2026-09-09 18:20:04.825950,28,21,7,21
2,2026-09-09 18:20:04.825950,3,2,1,7
3,2026-09-09 18:20:04.825950,2,1,1,9
4,2026-09-09 18:20:04.825950,10,7,3,13
5,2026-09-09 18:20:04.825950,3,2,1,11
6,2026-09-09 18:20:04.825950,4,3,1,9
7,2026-09-09 18:20:04.825950,5,3,2,6
8,2026-09-09 18:20:04.825950,3,2,1,9
1,2026-09-09 19:20:04.825950,20,14,6,14
2,2026-09-09 19:20:04.825950,2,1,1,13
3,2026-09-09 19:20:04.825950,4,3,1,9
4,2026-09-09 19:20:04.825950,12,10,2,10
5,2026-09-09 19:20:04.825950,1,0,1,13
6,2026-09-09 19:20:04.825950,3,2,1,8
7,2026-09-09 19:20:04.825950,2,1,1,5
8,2026-09-09 19:20:04.825950,5,3,2,5
1,2026-09-09 20:20:04.825950,29,21,8,21
2,2026-09-09 20:20:04.825950,2,1,1,9
3,2026-09-09 20:20:04.825950,1,0,1,13
4,2026-09-09 20:20:04.825950,21,14,7,14
5,2026-09-09 20:20:04.825950,5,3,2,5
6,2026-09-09 20:20:04.825950,4,3,1,13
7,2026-09-09 20:20:04.825950,1,0,1,14
8,2026-09-09 20:20:04.825950,2,1,1,8
1,2026-09-09 21:20:04.825950,2,1,1,5
2,2026-09-09 21:20:04.825950,4,3,1,15
3,2026-09-09 21:20:04.825950,0,0,0,12
4,2026-09-09 21:20:04.825950,21,18,3,18
5,2026-09-09 21:20:04.825950,3,2,1,9
6,2026-09-09 21:20:04.825950,2,1,1,13
7,2026-09-09 21:20:04.825950,2,1,1,10
8,2026-09-09 21:20:04.825950,3,2,1,13
1,2026-09-09 22:20:04.825950,0,0,0,5
2,2026-09-09 22:20:04.825950,3,2,1,11
3,2026-09-09 22:20:04.825950,5,3,2,13
4,2026-09-09 22:20:04.825950,0,0,0,12
5,2026-09-09 22:20:04.825950,5,4,1,8
6,2026-09-09 22:20:04.825950,4,3,1,5
7,2026-09-09 22:20:04.825950,2,1,1,15
8,2026-09-09 22:20:04.825950,4,2,2,15
1,2026-09-09 23:20:04.825950,3,2,1,14
2,2026-09-09 23:20:04.825950,2,1,1,15
3,2026-09-09 23:20:04.825950,0,0,0,6
4,2026-09-09 23:20:04.825950,2,1,1,14
5,2026-09-09 23:20:04.825950,1,0,1,9
6,2026-09-09 23:20:04.825950,4,3,1,5
7,2026-09-09 23:20:04.825950,3,2,1,9
8,2026-09-09 23:20:04.825950,1,0,1,6
1,2026-09-10 00:20:04.825950,4,3,1,15
2,2026-09-10 00:20:04.825950,3,2,1,13
3,2026-09-10 00:20:04.825950,3,2,1,14
4,2026-09-10 00:20:04.825950,2,1,1,6
5,2026-09-10 00:20:04.825950,5,3,2,13
6,2026-09-10 00:20:04.825950,3,2,1,15
7,2026-09-10 00:20:04.825950,4,3,1,8
8,2026-09-10 00:20:04.825950,0,0,0,7
1,2026-09-10 01:20:04.825950,4,3,1,15
2,2026-09-10 01:20:04.825950,4,3,1,13
3,2026-09-10 01:20:04.825950,2,1,1,11
4,2026-09-10 01:20:04.825950,1,0,1,8
5,2026-09-10 01:20:04.825950,1,0,1,11
6,2026-09-10 01:20:04.825950,0,0,0,10
7,2026-09-10 01:20:04.825950,5,4,1,14
8,2026-09-10 01:20:04.825950,2,1,1,11
1,2026-09-10 02:20:04.825950,3,2,1,13
2,2026-09-10 02:20:04.825950,1,0,1,12
3,2026-09-10 02:20:04.825950,1,0,1,11
4,2026-09-10 02:20:04.825950,3,2,1,14
5,2026-09-10 02:20:04.825950,1,0,1,15
6,2026-09-10 02:20:04.825950,5,3,2,6
7,2026-09-10 02:20:04.825950,4,3,1,6
8,2026-09-10 02:20:04.825950,3,2,1,7
1,2026-09-10 03:20:04.825950,2,1,1,11
2,2026-09-10 03:20:04.825950,2,1,1,14
3,2026-09-10 03:20:04.825950,2,1,1,13
4,2026-09-10 03:20:04.825950,4,3,1,11
5,2026-09-10 03:20:04.825950,1,0,1,12
6,2026-09-10 03:20:04.825950,5,3,2,15
7,2026-09-10 03:20:04.825950,3,2,1,14
8,2026-09-10 03:20:04.825950,4,3,1,5
1,2026-09-10 04:20:04.825950,1,0,1,8
2,2026-09-10 04:20:04.825950,3,2,1,14
3,2026-09-10 04:20:04.825950,0,0,0,11
4,2026-09-10 04:20:04.825950,2,1,1,13
5,2026-09-10 04:20:04.825950,5,4,1,5
6,2026-09-10 04:20:04.825950,5,4,1,9
7,2026-09-10 04:20:04.825950,3,2,1,14
8,2026-09-10 04:20:04.825950,2,1,1,6
1,2026-09-10 05:20:04.825950,5,4,1,11
2,2026-09-10 05:20:04.825950,3,2,1,8
3,2026-09-10 05:20:04.825950,4,3,1,13
4,2026-09-10 05:20:04.825950,4,3,1,5
5,2026-09-10 05:20:04.825950,3,2,1,12
6,2026-09-10 05:20:04.825950,4,2,2,14
7,2026-09-10 05:20:04.825950,0,0,0,14
8,2026-09-10 05:20:04.825950,0,0,0,9
1,2026-09-10 06:20:04.825950,2,1,1,14
2,2026-09-10 06:20:04.825950,5,4,1,7
3,2026-09-10 06:20:04.825950,3,2,1,8
4,2026-09-10 06:20:04.825950,4,3,1,13
5,2026-09-10 06:20:04.825950,3,2,1,13
6,2026-09-10 06:20:04.825950,0,0,0,5
7,2026-09-10 06:20:04.825950,5,3,2,6
8,2026-09-10 06:20:04.825950,1,0,1,11
1,2026-09-10 07:20:04.825950,23,16,7,16
2,2026-09-10 07:20:04.825950,5,4,1,15
3,2026-09-10 07:20:04.825950,2,1,1,13
4,2026-09-10 07:20:04.825950,4,2,2,14
5,2026-09-10 07:20:04.825950,5,4,1,13
6,2026-09-10 07:20:04.825950,5,3,2,15
7,2026-09-10 07:20:04.825950,0,0,0,7
8,2026-09-10 07:20:04.825950,0,0,0,12
1,2026-09-10 08:20:04.825950,27,20,7,20
2,2026-09-10 08:20:04.825950,0,0,0,5
3,2026-09-10 08:20:04.825950,17,12,5,12
4,2026-09-10 08:20:04.825950,4,3,1,11
5,2026-09-10 08:20:04.825950,4,3,1,8
6,2026-09-10 08:20:04.825950,1,0,1,13
7,2026-09-10 08:20:04.825950,5,4,1,11
8,2026-09-10 08:20:04.825950,5,3,2,12
1,2026-09-10 09:20:04.825950,22,18,4,18
2,2026-09-10 09:20:04.825950,3,2,1,12
3,2026-09-10 09:20:04.825950,27,23,4,23
4,2026-09-10 09:20:04.825950,1,0,1,12
5,2026-09-10 09:20:04.825950,0,0,0,12
6,2026-09-10 09:20:04.825950,1,0,1,7
7,2026-09-10 09:20:04.825950,5,4,1,8
8,2026-09-10 09:20:04.825950,0,0,0,10
1,2026-09-10 10:20:04.825950,5,3,2,10
2,2026-09-10 10:20:04.825950,3,2,1,5
3,2026-09-10 10:20:04.825950,16,13,3,13
4,2026-09-10 10:20:04.825950,3,2,1,15
5,2026-09-10 10:20:04.825950,5,3,2,9
6,2026-09-10 10:20:04.825950,5,4,1,9
7,2026-09-10 10:20:04.825950,0,0,0,13
8,2026-09-10 10:20:04.825950,4,2,2,6
1,2026-09-10 11:20:04.825950,2,1,1,12
2,2026-09-10 11:20:04.825950,0,0,0,6
3,2026-09-10 11:20:04.825950,1,0,1,15
4,2026-09-10 11:20:04.825950,12,8,4,13
5,2026-09-10 11:20:04.825950,3,2,1,15
6,2026-09-10 11:20:04.825950,3,2,1,13
7,2026-09-10 11:20:04.825950,4,2,2,5
8,2026-09-10 11:20:04.825950,4,3,1,12
1,2026-09-10 12:20:04.825950,4,3,1,5
2,2026-09-10 12:20:04.825950,1,0,1,9
3,2026-09-10 12:20:04.825950,5,3,2,11
4,2026-09-10 12:20:04.825950,18,13,5,13
5,2026-09-10 12:20:04.825950,4,3,1,5
6,2026-09-10 12:20:04.825950,1,0,1,11
7,2026-09-10 12:20:04.825950,5,4,1,9
8,2026-09-10 12:20:04.825950,0,0,0,8
1,2026-09-10 13:20:04.825950,1,0,1,12
2,2026-09-10 13:20:04.825950,1,0,1,13
3,2026-09-10 13:20:04.825950,5,3,2,6
4,2026-09-10 13:20:04.825950,21,18,3,18
5,2026-09-10 13:20:04.825950,3,2,1,7
6,2026-09-10 13:20:04.825950,4,3,1,15
7,2026-09-10 13:20:04.825950,1,0,1,8
8,2026-09-10 13:20:04.825950,0,0,0,13
1,2026-09-10 14:20:04.825950,5,3,2,5
2,2026-09-10 14:20:04.825950,1,0,1,6
3,2026-09-10 14:20:04.825950,2,1,1,15
4,2026-09-10 14:20:04.825950,2,1,1,8
5,2026-09-10 14:20:04.825950,1,0,1,6
6,2026-09-10 14:20:04.825950,3,2,1,10
7,2026-09-10 14:20:04.825950,0,0,0,15
8,2026-09-10 14:20:04.825950,5,3,2,8
1,2026-09-10 15:20:04.825950,4,3,1,11
2,2026-09-10 15:20:04.825950,0,0,0,8
3,2026-09-10 15:20:04.825950,21,18,3,18
4,2026-09-10 15:20:04.825950,5,3,2,7
5,2026-09-10 15:20:04.825950,5,3,2,15
6,2026-09-10 15:20:04.825950,4,3,1,9
7,2026-09-10 15:20:04.825950,5,3,2,15
8,2026-09-10 15:20:04.825950,3,2,1,14
1,2026-09-10 16:20:04.825950,0,0,0,12
2,2026-09-10 16:20:04.825950,0,0,0,7
3,2026-09-10 16:20:04.825950,13,10,3,10
4,2026-09-10 16:20:04.825950,3,2,1,6
5,2026-09-10 16:20:04.825950,5,4,1,9
6,2026-09-10 16:20:04.825950,0,0,0,9
7,2026-09-10 16:20:04.825950,2,1,1,11
8,2026-09-10 16:20:04.825950,5,4,1,14
1,2026-09-10 17:20:04.825950,23,19,4,19
2,2026-09-10 17:20:04.825950,2,1,1,7
3,2026-09-10 17:20:04.825950,18,14,4,14
4,2026-09-10 17:20:04.825950,5,4,1,8
5,2026-09-10 17:20:04.825950,1,0,1,5
6,2026-09-10 17:20:04.825950,1,0,1,15
7,2026-09-10 17:20:04.825950,2,1,1,5
8,2026-09-10 17:20:04.825950,4,3,1,14
1,2026-09-10 18:20:04.825950,23,16,7,16
2,2026-09-10 18:20:04.825950,3,2,1,12
3,2026-09-10 18:20:04.825950,0,0,0,11
4,2026-09-10 18:20:04.825950,19,14,5,14
5,2026-09-10 18:20:04.825950,0,0,0,10
6,2026-09-10 18:20:04.825950,5,3,2,8
7,2026-09-10 18:20:04.825950,2,1,1,5
8,2026-09-10 18:20:04.825950,1,0,1,7
1,2026-09-10 19:20:04.825950,23,17,6,17
2,2026-09-10 19:20:04.825950,4,2,2,8
3,2026-09-10 19:20:04.825950,5,3,2,11
4,2026-09-10 19:20:04.825950,17,14,3,14
5,2026-09-10 19:20:04.825950,2,1,1,5
6,2026-09-10 19:20:04.825950,0,0,0,12
7,2026-09-10 19:20:04.825950,4,2,2,7
8,2026-09-10 19:20:04.825950,5,3,2,11
1,2026-09-10 20:20:04.825950,23,17,6,17
2,2026-09-10 20:20:04.825950,1,0,1,10
3,2026-09-10 20:20:04.825950,0,0,0,11
4,2026-09-10 20:20:04.825950,18,15,3,15
5,2026-09-10 20:20:04.825950,3,2,1,6
6,2026-09-10 20:20:04.825950,4,3,1,12
7,2026-09-10 20:20:04.825950,1,0,1,6
8,2026-09-10 20:20:04.825950,4,3,1,10
1,2026-09-10 21:20:04.825950,5,4,1,11
2,2026-09-10 21:20:04.825950,4,3,1,10
3,2026-09-10 21:20:04.825950,4,3,1,15
4,2026-09-10 21:20:04.825950,18,15,3,15
5,2026-09-10 21:20:04.825950,2,1,1,9
6,2026-09-10 21:20:04.825950,4,2,2,8
7,2026-09-10 21:20:04.825950,4,3,1,7
8,2026-09-10 21:20:04.825950,5,4,1,10
1,2026-09-10 22:20:04.825950,0,0,0,8
2,2026-09-10 22:20:04.825950,2,1,1,15
3,2026-09-10 22:20:04.825950,2,1,1,11
4,2026-09-10 22:20:04.825950,3,2,1,13
5,2026-09-10 22:20:04.825950,4,2,2,5
6,2026-09-10 22:20:04.825950,2,1,1,8
7,2026-09-10 22:20:04.825950,1,0,1,10
8,2026-09-10 22:20:04.825950,2,1,1,6
1,2026-09-10 23:20:04.825950,2,1,1,9
2,2026-09-10 23:20:04.825950,4,3,1,7
3,2026-09-10 23:20:04.825950,2,1,1,9
4,2026-09-10 23:20:04.825950,5,4,1,12
5,2026-09-10 23:20:04.825950,4,3,1,14
6,2026-09-10 23:20:04.825950,2,1,1,7
7,2026-09-10 23:20:04.825950,5,3,2,5
8,2026-09-10 23:20:04.825950,4,3,1,8
1,2026-09-11 00:20:04.825950,3,2,1,11
2,2026-09-11 00:20:04.825950,3,2,1,8
3,2026-09-11 00:20:04.825950,0,0,0,10
4,2026-09-11 00:20:04.825950,4,2,2,6
5,2026-09-11 00:20:04.825950,5,4,1,12
6,2026-09-11 00:20:04.825950,1,0,1,8
7,2026-09-11 00:20:04.825950,4,2,2,6
8,2026-09-11 00:20:04.825950,0,0,0,11
1,2026-09-11 01:20:04.825950,3,2,1,7
2,2026-09-11 01:20:04.825950,5,3,2,5
3,2026-09-11 01:20:04.825950,3,2,1,6
4,2026-09-11 01:20:04.825950,4,3,1,5
5,2026-09-11 01:20:04.825950,4,3,1,15
6,2026-09-11 01:20:04.825950,4,3,1,9
7,2026-09-11 01:20:04.825950,1,0,1,12
8,2026-09-11 01:20:04.825950,0,0,0,13
1,2026-09-11 02:20:04.825950,5,4,1,7
2,2026-09-11 02:20:04.825950,3,2,1,15
3,2026-09-11 02:20:04.825950,1,0,1,6
4,2026-09-11 02:20:04.825950,2,1,1,7
5,2026-09-11 02:20:04.825950,5,4,1,5
6,2026-09-11 02:20:04.825950,3,2,1,7
7,2026-09-11 02:20:04.825950,1,0,1,13
8,2026-09-11 02:20:04.825950,3,2,1,15
1,2026-09-11 03:20:04.825950,5,4,1,5
2,2026-09-11 03:20:04.825950,5,3,2,7
3,2026-09-11 03:20:04.825950,1,0,1,6
4,2026-09-11 03:20:04.825950,0,0,0,7
5,2026-09-11 03:20:04.825950,0,0,0,12
6,2026-09-11 03:20:04.825950,0,0,0,6
7,2026-09-11 03:20:04.825950,2,1,1,14
8,2026-09-11 03:20:04.825950,4,2,2,6
1,2026-09-11 04:20:04.825950,3,2,1,8
2,2026-09-11 04:20:04.825950,1,0,1,13
3,2026-09-11 04:20:04.825950,1,0,1,7
4,2026-09-11 04:20:04.825950,2,1,1,10
5,2026-09-11 04:20:04.825950,1,0,1,14
6,2026-09-11 04:20:04.825950,1,0,1,7
7,2026-09-11 04:20:04.825950,0,0,0,7
8,2026-09-11 04:20:04.825950,5,3,2,15
1,2026-09-11 05:20:04.825950,5,4,1,5
2,2026-09-11 05:20:04.825950,0,0,0,8
3,2026-09-11 05:20:04.825950,2,1,1,8
4,2026-09-11 05:20:04.825950,1,0,1,8
5,2026-09-11 05:20:04.825950,1,0,1,10
6,2026-09-11 05:20:04.825950,1,0,1,6
7,2026-09-11 05:20:04.825950,1,0,1,14
8,2026-09-11 05:20:04.825950,2,1,1,11
1,2026-09-11 06:20:04.825950,5,3,2,7
2,2026-09-11 06:20:04.825950,1,0,1,13
3,2026-09-11 06:20:04.825950,3,2,1,9
4,2026-09-11 06:20:04.825950,4,3,1,5
5,2026-09-11 06:20:04.825950,1,0,1,13
6,2026-09-11 06:20:04.825950,3,2,1,9
7,2026-09-11 06:20:04.825950,1,0,1,14
8,2026-09-11 06:20:04.825950,2,1,1,12
1,2026-09-11 07:20:04.825950,35,28,7,28
2,2026-09-11 07:20:04.825950,2,1,1,13
3,2026-09-11 07:20:04.825950,5,4,1,7
4,2026-09-11 07:20:04.825950,4,3,1,8
5,2026-09-11 07:20:04.825950,2,1,1,6
6,2026-09-11 07:20:04.825950,2,1,1,11
7,2026-09-11 07:20:04.825950,3,2,1,10
8,2026-09-11 07:20:04.825950,4,3,1,9
1,2026-09-11 08:20:04.825950,30,26,4,26
2,2026-09-11 08:20:04.825950,1,0,1,13
3,2026-09-11 08:20:04.825950,23,18,5,18
4,2026-09-11 08:20:04.825950,2,1,1,10
5,2026-09-11 08:20:04.825950,1,0,1,14
6,2026-09-11 08:20:04.825950,5,3,2,9
7,2026-09-11 08:20:04.825950,3,2,1,9
8,2026-09-11 08:20:04.825950,3,2,1,10
1,2026-09-11 09:20:04.825950,27,20,7,20
2,2026-09-11 09:20:04.825950,4,3,1,11
3,2026-09-11 09:20:04.825950,21,17,4,17
4,2026-09-11 09:20:04.825950,2,1,1,11
5,2026-09-11 09:20:04.825950,3,2,1,7
6,2026-09-11 09:20:04.825950,2,1,1,12
7,2026-09-11 09:20:04.825950,0,0,0,12
8,2026-09-11 09:20:04.825950,5,4,1,11
1,2026-09-11 10:20:04.825950,1,0,1,13
2,2026-09-11 10:20:04.825950,1,0,1,8
3,2026-09-11 10:20:04.825950,24,18,6,18
4,2026-09-11 10:20:04.825950,4,3,1,8
5,2026-09-11 10:20:04.825950,5,4,1,11
6,2026-09-11 10:20:04.825950,0,0,0,13
7,2026-09-11 10:20:04.825950,1,0,1,12
8,2026-09-11 10:20:04.825950,4,3,1,14
1,2026-09-11 11:20:04.825950,4,3,1,13
2,2026-09-11 11:20:04.825950,5,3,2,6
3,2026-09-11 11:20:04.825950,2,1,1,15
4,2026-09-11 11:20:04.825950,15,10,5,13
5,2026-09-11 11:20:04.825950,5,3,2,12
6,2026-09-11 11:20:04.825950,0,0,0,5
7,2026-09-11 11:20:04.825950,3,2,1,12
8,2026-09-11 11:20:04.825950,1,0,1,12
1,2026-09-11 12:20:04.825950,5,3,2,5
2,2026-09-11 12:20:04.825950,0,0,0,14
3,2026-09-11 12:20:04.825950,3,2,1,13
4,2026-09-11 12:20:04.825950,15,12,3,12
5,2026-09-11 12:20:04.825950,3,2,1,14
6,2026-09-11 12:20:04.825950,1,0,1,6
7,2026-09-11 12:20:04.825950,2,1,1,8
8,2026-09-11 12:20:04.825950,4,3,1,12
1,2026-09-11 13:20:04.825950,3,2,1,15
2,2026-09-11 13:20:04.825950,2,1,1,14
3,2026-09-11 13:20:04.825950,5,3,2,9
4,2026-09-11 13:20:04.825950,18,13,5,13
5,2026-09-11 13:20:04.825950,4,2,2,7
6,2026-09-11 13:20:04.825950,5,4,1,14
7,2026-09-11 13:20:04.825950,5,4,1,5
8,2026-09-11 13:20:04.825950,1,0,1,14
1,2026-09-11 14:20:04.825950,2,1,1,15
2,2026-09-11 14:20:04.825950,0,0,0,6
3,2026-09-11 14:20:04.825950,1,0,1,11
4,2026-09-11 14:20:04.825950,5,3,2,12
5,2026-09-11 14:20:04.825950,0,0,0,12
6,2026-09-11 14:20:04.825950,5,3,2,15
7,2026-09-11 14:20:04.825950,4,2,2,10
8,2026-09-11 14:20:04.825950,1,0,1,5
1,2026-09-11 15:20:04.825950,0,0,0,6
2,2026-09-11 15:20:04.825950,1,0,1,14
3,2026-09-11 15:20:04.825950,13,10,3,10
4,2026-09-11 15:20:04.825950,4,3,1,14
5,2026-09-11 15:20:04.825950,0,0,0,6
6,2026-09-11 15:20:04.825950,1,0,1,9
7,2026-09-11 15:20:04.825950,2,1,1,15
8,2026-09-11 15:20:04.825950,3,2,1,15
1,2026-09-11 16:20:04.825950,1,0,1,9
2,2026-09-11 16:20:04.825950,4,3,1,9
3,2026-09-11 16:20:04.825950,18,12,6,12
4,2026-09-11 16:20:04.825950,0,0,0,12
5,2026-09-11 16:20:04.825950,4,2,2,6
6,2026-09-11 16:20:04.825950,2,1,1,6
7,2026-09-11 16:20:04.825950,0,0,0,9
8,2026-09-11 16:20:04.825950,4,3,1,14
1,2026-09-11 17:20:04.825950,22,18,4,18
2,2026-09-11 17:20:04.825950,2,1,1,7
3,2026-09-11 17:20:04.825950,14,11,3,11
4,2026-09-11 17:20:04.825950,3,2,1,11
5,2026-09-11 17:20:04.825950,4,3,1,6
6,2026-09-11 17:20:04.825950,4,3,1,8
7,2026-09-11 17:20:04.825950,2,1,1,8
8,2026-09-11 17:20:04.825950,2,1,1,10
1,2026-09-11 18:20:04.825950,25,21,4,21
2,2026-09-11 18:20:04.825950,1,0,1,6
3,2026-09-11 18:20:04.825950,3,2,1,12
4,2026-09-11 18:20:04.825950,24,17,7,17
5,2026-09-11 18:20:04.825950,0,0,0,13
6,2026-09-11 18:20:04.825950,3,2,1,10
7,2026-09-11 18:20:04.825950,3,2,1,6
8,2026-09-11 18:20:04.825950,3,2,1,7
1,2026-09-11 19:20:04.825950,23,18,5,18
2,2026-09-11 19:20:04.825950,0,0,0,9
3,2026-09-11 19:20:04.825950,3,2,1,5
4,2026-09-11 19:20:04.825950,19,15,4,15
5,2026-09-11 19:20:04.825950,0,0,0,6
6,2026-09-11 19:20:04.825950,1,0,1,12
7,2026-09-11 19:20:04.825950,5,3,2,7
8,2026-09-11 19:20:04.825950,3,2,1,6
1,2026-09-11 20:20:04.825950,25,22,3,22
2,2026-09-11 20:20:04.825950,4,3,1,11
3,2026-09-11 20:20:04.825950,2,1,1,8
4,2026-09-11 20:20:04.825950,15,11,4,11
5,2026-09-11 20:20:04.825950,0,0,0,12
6,2026-09-11 20:20:04.825950,2,1,1,6
7,2026-09-11 20:20:04.825950,5,4,1,6
8,2026-09-11 20:20:04.825950,4,3,1,7
1,2026-09-11 21:20:04.825950,1,0,1,6
2,2026-09-11 21:20:04.825950,2,1,1,5
3,2026-09-11 21:20:04.825950,0,0,0,6
4,2026-09-11 21:20:04.825950,15,11,4,11
5,2026-09-11 21:20:04.825950,4,3,1,15
6,2026-09-11 21:20:04.825950,1,0,1,11
7,2026-09-11 21:20:04.825950,4,3,1,10
8,2026-09-11 21:20:04.825950,2,1,1,10
1,2026-09-11 22:20:04.825950,1,0,1,12
2,2026-09-11 22:20:04.825950,5,3,2,6
3,2026-09-11 22:20:04.825950,0,0,0,10
4,2026-09-11 22:20:04.825950,2,1,1,6
5,2026-09-11 22:20:04.825950,5,3,2,13
6,2026-09-11 22:20:04.825950,4,3,1,9
7,2026-09-11 22:20:04.825950,4,3,1,10
8,2026-09-11 22:20:04.825950,3,2,1,9
1,2026-09-11 23:20:04.825950,4,3,1,14
2,2026-09-11 23:20:04.825950,1,0,1,5
3,2026-09-11 23:20:04.825950,2,1,1,15
4,2026-09-11 23:20:04.825950,5,4,1,11
5,2026-09-11 23:20:04.825950,3,2,1,15
6,2026-09-11 23:20:04.825950,3,2,1,10
7,2026-09-11 23:20:04.825950,4,3,1,7
8,2026-09-11 23:20:04.825950,1,0,1,6
1,2026-09-12 00:20:04.825950,3,2,1,11
2,2026-09-12 00:20:04.825950,1,0,1,10
3,2026-09-12 00:20:04.825950,3,2,1,9
4,2026-09-12 00:20:04.825950,3,2,1,12
5,2026-09-12 00:20:04.825950,0,0,0,6
6,2026-09-12 00:20:04.825950,2,1,1,15
7,2026-09-12 00:20:04.825950,2,1,1,8
8,2026-09-12 00:20:04.825950,0,0,0,11
1,2026-09-12 01:20:04.825950,4,3,1,11
2,2026-09-12 01:20:04.825950,1,0,1,13
3,2026-09-12 01:20:04.825950,3,2,1,6
4,2026-09-12 01:20:04.825950,0,0,0,15
5,2026-09-12 01:20:04.825950,3,2,1,14
6,2026-09-12 01:20:04.825950,0,0,0,6
7,2026-09-12 01:20:04.825950,3,2,1,7
8,2026-09-12 01:20:04.825950,0,0,0,7
1,2026-09-12 02:20:04.825950,1,0,1,6
2,2026-09-12 02:20:04.825950,0,0,0,15
3,2026-09-12 02:20:04.825950,1,0,1,7
4,2026-09-12 02:20:04.825950,4,2,2,7
5,2026-09-12 02:20:04.825950,4,2,2,5
6,2026-09-12 02:20:04.825950,4,3,1,10
7,2026-09-12 02:20:04.825950,1,0,1,10
8,2026-09-12 02:20:04.825950,4,3,1,9
1,2026-09-12 03:20:04.825950,0,0,0,6
2,2026-09-12 03:20:04.825950,0,0,0,13
3,2026-09-12 03:20:04.825950,2,1,1,6
4,2026-09-12 03:20:04.825950,1,0,1,6
5,2026-09-12 03:20:04.825950,5,3,2,8
6,2026-09-12 03:20:04.825950,2,1,1,10
7,2026-09-12 03:20:04.825950,1,0,1,12
8,2026-09-12 03:20:04.825950,1,0,1,15
1,2026-09-12 04:20:04.825950,4,3,1,5
2,2026-09-12 04:20:04.825950,3,2,1,15
3,2026-09-12 04:20:04.825950,5,4,1,10
4,2026-09-12 04:20:04.825950,3,2,1,5
5,2026-09-12 04:20:04.825950,4,3,1,13
6,2026-09-12 04:20:04.825950,1,0,1,13
7,2026-09-12 04:20:04.825950,0,0,0,5
8,2026-09-12 04:20:04.825950,2,1,1,9
1,2026-09-12 05:20:04.825950,5,4,1,8
2,2026-09-12 05:20:04.825950,2,1,1,10
3,2026-09-12 05:20:04.825950,1,0,1,13
4,2026-09-12 05:20:04.825950,0,0,0,9
5,2026-09-12 05:20:04.825950,2,1,1,11
6,2026-09-12 05:20:04.825950,3,2,1,15
7,2026-09-12 05:20:04.825950,1,0,1,7
8,2026-09-12 05:20:04.825950,0,0,0,15
1,2026-09-12 06:20:04.825950,4,3,1,8
2,2026-09-12 06:20:04.825950,0,0,0,10
3,2026-09-12 06:20:04.825950,3,2,1,13
4,2026-09-12 06:20:04.825950,5,4,1,5
5,2026-09-12 06:20:04.825950,5,4,1,12
6,2026-09-12 06:20:04.825950,4,3,1,6
7,2026-09-12 06:20:04.825950,5,3,2,8
8,2026-09-12 06:20:04.825950,5,4,1,12
1,2026-09-12 07:20:04.825950,24,20,4,20
2,2026-09-12 07:20:04.825950,4,3,1,10
3,2026-09-12 07:20:04.825950,2,1,1,10
4,2026-09-12 07:20:04.825950,3,2,1,14
5,2026-09-12 07:20:04.825950,4,3,1,5
6,2026-09-12 07:20:04.825950,4,3,1,7
7,2026-09-12 07:20:04.825950,4,3,1,5
8,2026-09-12 07:20:04.825950,3,2,1,11
1,2026-09-12 08:20:04.825950,20,16,4,16
2,2026-09-12 08:20:04.825950,1,0,1,13
3,2026-09-12 08:20:04.825950,3,2,1,6
4,2026-09-12 08:20:04.825950,5,3,2,10
5,2026-09-12 08:20:04.825950,3,2,1,8
6,2026-09-12 08:20:04.825950,3,2,1,10
7,2026-09-12 08:20:04.825950,3,2,1,6
8,2026-09-12 08:20:04.825950,3,2,1,12
1,2026-09-12 09:20:04.825950,20,17,3,17
2,2026-09-12 09:20:04.825950,5,4,1,9
3,2026-09-12 09:20:04.825950,4,3,1,5
4,2026-09-12 09:20:04.825950,1,0,1,15
5,2026-09-12 09:20:04.825950,0,0,0,8
6,2026-09-12 09:20:04.825950,3,2,1,14
7,2026-09-12 09:20:04.825950,4,2,2,14
8,2026-09-12 09:20:04.825950,3,2,1,9
1,2026-09-12 10:20:04.825950,3,2,1,12
2,2026-09-12 10:20:04.825950,1,0,1,5
3,2026-09-12 10:20:04.825950,4,3,1,7
4,2026-09-12 10:20:04.825950,1,0,1,9
5,2026-09-12 10:20:04.825950,1,0,1,13
6,2026-09-12 10:20:04.825950,0,0,0,9
7,2026-09-12 10:20:04.825950,0,0,0,7
8,2026-09-12 10:20:04.825950,2,1,1,10
1,2026-09-12 11:20:04.825950,2,1,1,11
2,2026-09-12 11:20:04.825950,4,2,2,13
3,2026-09-12 11:20:04.825950,2,1,1,9
4,2026-09-12 11:20:04.825950,14,10,4,12
5,2026-09-12 11:20:04.825950,4,3,1,5
6,2026-09-12 11:20:04.825950,1,0,1,10
7,2026-09-12 11:20:04.825950,3,2,1,8
8,2026-09-12 11:20:04.825950,1,0,1,14
1,2026-09-12 12:20:04.825950,2,1,1,9
2,2026-09-12 12:20:04.825950,2,1,1,8
3,2026-09-12 12:20:04.825950,0,0,0,13
4,2026-09-12 12:20:04.825950,19,14,5,14
5,2026-09-12 12:20:04.825950,2,1,1,7
6,2026-09-12 12:20:04.825950,4,3,1,7
7,2026-09-12 12:20:04.825950,5,4,1,6
8,2026-09-12 12:20:04.825950,3,2,1,12
1,2026-09-12 13:20:04.825950,2,1,1,14
2,2026-09-12 13:20:04.825950,1,0,1,5
3,2026-09-12 13:20:04.825950,2,1,1,12
4,2026-09-12 13:20:04.825950,16,14,2,14
5,2026-09-12 13:20:04.825950,5,3,2,7
6,2026-09-12 13:20:04.825950,3,2,1,8
7,2026-09-12 13:20:04.825950,3,2,1,5
8,2026-09-12 13:20:04.825950,3,2,1,7
1,2026-09-12 14:20:04.825950,2,1,1,8
2,2026-09-12 14:20:04.825950,0,0,0,14
3,2026-09-12 14:20:04.825950,1,0,1,9
4,2026-09-12 14:20:04.825950,4,3,1,10
5,2026-09-12 14:20:04.825950,0,0,0,5
6,2026-09-12 14:20:04.825950,3,2,1,14
7,2026-09-12 14:20:04.825950,0,0,0,8
8,2026-09-12 14:20:04.825950,5,3,2,10
1,2026-09-12 15:20:04.825950,4,2,2,14
2,2026-09-12 15:20:04.825950,3,2,1,5
3,2026-09-12 15:20:04.825950,0,0,0,5
4,2026-09-12 15:20:04.825950,1,0,1,15
5,2026-09-12 15:20:04.825950,2,1,1,11
6,2026-09-12 15:20:04.825950,1,0,1,10
7,2026-09-12 15:20:04.825950,3,2,1,15
8,2026-09-12 15:20:04.825950,2,1,1,6
1,2026-09-12 16:20:04.825950,4,3,1,10
2,2026-09-12 16:20:04.825950,4,3,1,12
3,2026-09-12 16:20:04.825950,4,3,1,7
4,2026-09-12 16:20:04.825950,1,0,1,10
5,2026-09-12 16:20:04.825950,5,4,1,8
6,2026-09-12 16:20:04.825950,1,0,1,6
7,2026-09-12 16:20:04.825950,3,2,1,12
8,2026-09-12 16:20:04.825950,3,2,1,13
1,2026-09-12 17:20:04.825950,24,18,6,18
2,2026-09-12 17:20:04.825950,3,2,1,8
3,2026-09-12 17:20:04.825950,3,2,1,6
4,2026-09-12 17:20:04.825950,4,3,1,10
5,2026-09-12 17:20:04.825950,1,0,1,6
6,2026-09-12 17:20:04.825950,0,0,0,12
7,2026-09-12 17:20:04.825950,3,2,1,11
8,2026-09-12 17:20:04.825950,2,1,1,7
1,2026-09-12 18:20:04.825950,35,29,6,29
2,2026-09-12 18:20:04.825950,0,0,0,14
3,2026-09-12 18:20:04.825950,1,0,1,15
4,2026-09-12 18:20:04.825950,19,15,4,15
5,2026-09-12 18:20:04.825950,5,3,2,14
6,2026-09-12 18:20:04.825950,0,0,0,8
7,2026-09-12 18:20:04.825950,0,0,0,11
8,2026-09-12 18:20:04.825950,3,2,1,15
1,2026-09-12 19:20:04.825950,18,13,5,13
2,2026-09-12 19:20:04.825950,5,3,2,10
3,2026-09-12 19:20:04.825950,1,0,1,8
4,2026-09-12 19:20:04.825950,22,15,7,15
5,2026-09-12 19:20:04.825950,4,2,2,7
6,2026-09-12 19:20:04.825950,3,2,1,13
7,2026-09-12 19:20:04.825950,5,3,2,13
8,2026-09-12 19:20:04.825950,2,1,1,12
1,2026-09-12 20:20:04.825950,17,12,5,12
2,2026-09-12 20:20:04.825950,4,3,1,5
3,2026-09-12 20:20:04.825950,0,0,0,8
4,2026-09-12 20:20:04.825950,18,15,3,15
5,2026-09-12 20:20:04.825950,4,3,1,14
6,2026-09-12 20:20:04.825950,5,3,2,8
7,2026-09-12 20:20:04.825950,5,4,1,8
8,2026-09-12 20:20:04.825950,1,0,1,10
1,2026-09-12 21:20:04.825950,4,3,1,13
2,2026-09-12 21:20:04.825950,3,2,1,8
3,2026-09-12 21:20:04.825950,1,0,1,13
4,2026-09-12 21:20:04.825950,19,13,6,15
5,2026-09-12 21:20:04.825950,4,2,2,15
6,2026-09-12 21:20:04.825950,3,2,1,14
7,2026-09-12 21:20:04.825950,0,0,0,10
8,2026-09-12 21:20:04.825950,1,0,1,7
1,2026-09-12 22:20:04.825950,0,0,0,9
2,2026-09-12 22:20:04.825950,5,4,1,11
3,2026-09-12 22:20:04.825950,2,1,1,11
4,2026-09-12 22:20:04.825950,3,2,1,11
5,2026-09-12 22:20:04.825950,3,2,1,8
6,2026-09-12 22:20:04.825950,2,1,1,7
7,2026-09-12 22:20:04.825950,3,2,1,9
8,2026-09-12 22:20:04.825950,2,1,1,8
1,2026-09-12 23:20:04.825950,1,0,1,10
2,2026-09-12 23:20:04.825950,5,3,2,11
3,2026-09-12 23:20:04.825950,4,3,1,11
4,2026-09-12 23:20:04.825950,2,1,1,13
5,2026-09-12 23:20:04.825950,2,1,1,7
6,2026-09-12 23:20:04.825950,1,0,1,14
7,2026-09-12 23:20:04.825950,2,1,1,6
8,2026-09-12 23:20:04.825950,0,0,0,15
1,2026-09-13 00:20:04.825950,1,0,1,11
2,2026-09-13 00:20:04.825950,4,2,2,14
3,2026-09-13 00:20:04.825950,3,2,1,13
4,2026-09-13 00:20:04.825950,2,1,1,7
5,2026-09-13 00:20:04.825950,5,3,2,11
6,2026-09-13 00:20:04.825950,1,0,1,11
7,2026-09-13 00:20:04.825950,5,3,2,14
8,2026-09-13 00:20:04.825950,1,0,1,5
1,2026-09-13 01:20:04.825950,4,3,1,8
2,2026-09-13 01:20:04.825950,2,1,1,9
3,2026-09-13 01:20:04.825950,1,0,1,14
4,2026-09-13 01:20:04.825950,0,0,0,15
5,2026-09-13 01:20:04.825950,2,1,1,7
6,2026-09-13 01:20:04.825950,1,0,1,9
7,2026-09-13 01:20:04.825950,3,2,1,15
8,2026-09-13 01:20:04.825950,5,4,1,9
1,2026-09-13 02:20:04.825950,2,1,1,14
2,2026-09-13 02:20:04.825950,3,2,1,7
3,2026-09-13 02:20:04.825950,2,1,1,13
4,2026-09-13 02:20:04.825950,2,1,1,5
5,2026-09-13 02:20:04.825950,3,2,1,8
6,2026-09-13 02:20:04.825950,5,4,1,7
7,2026-09-13 02:20:04.825950,0,0,0,13
8,2026-09-13 02:20:04.825950,5,4,1,7
1,2026-09-13 03:20:04.825950,1,0,1,15
2,2026-09-13 03:20:04.825950,5,4,1,5
3,2026-09-13 03:20:04.825950,4,3,1,9
4,2026-09-13 03:20:04.825950,2,1,1,11
5,2026-09-13 03:20:04.825950,3,2,1,12
6,2026-09-13 03:20:04.825950,0,0,0,11
7,2026-09-13 03:20:04.825950,5,3,2,7
8,2026-09-13 03:20:04.825950,4,3,1,5
1,2026-09-13 04:20:04.825950,0,0,0,7
2,2026-09-13 04:20:04.825950,1,0,1,5
3,2026-09-13 04:20:04.825950,5,4,1,9
4,2026-09-13 04:20:04.825950,4,3,1,7
5,2026-09-13 04:20:04.825950,3,2,1,13
6,2026-09-13 04:20:04.825950,1,0,1,8
7,2026-09-13 04:20:04.825950,3,2,1,15
8,2026-09-13 04:20:04.825950,4,3,1,13
1,2026-09-13 05:20:04.825950,1,0,1,13
2,2026-09-13 05:20:04.825950,4,3,1,15
3,2026-09-13 05:20:04.825950,0,0,0,11
4,2026-09-13 05:20:04.825950,0,0,0,15
5,2026-09-13 05:20:04.825950,5,3,2,9
6,2026-09-13 05:20:04.825950,3,2,1,14
7,2026-09-13 05:20:04.825950,1,0,1,10
8,2026-09-13 05:20:04.825950,3,2,1,5
1,2026-09-13 06:20:04.825950,0,0,0,7
2,2026-09-13 06:20:04.825950,2,1,1,6
3,2026-09-13 06:20:04.825950,4,3,1,10
4,2026-09-13 06:20:04.825950,0,0,0,5
5,2026-09-13 06:20:04.825950,0,0,0,10
6,2026-09-13 06:20:04.825950,2,1,1,12
7,2026-09-13 06:20:04.825950,2,1,1,13
8,2026-09-13 06:20:04.825950,5,4,1,15
1,2026-09-13 07:20:04.825950,16,11,5,13
2,2026-09-13 07:20:04.825950,5,4,1,15
3,2026-09-13 07:20:04.825950,5,4,1,9
4,2026-09-13 07:20:04.825950,2,1,1,5
5,2026-09-13 07:20:04.825950,2,1,1,8
6,2026-09-13 07:20:04.825950,0,0,0,11
7,2026-09-13 07:20:04.825950,4,3,1,15
8,2026-09-13 07:20:04.825950,1,0,1,8
1,2026-09-13 08:20:04.825950,22,16,6,16
2,2026-09-13 08:20:04.825950,1,0,1,12
3,2026-09-13 08:20:04.825950,2,1,1,5
4,2026-09-13 08:20:04.825950,1,0,1,15
5,2026-09-13 08:20:04.825950,0,0,0,11
6,2026-09-13 08:20:04.825950,4,3,1,11
7,2026-09-13 08:20:04.825950,2,1,1,12
8,2026-09-13 08:20:04.825950,3,2,1,5
1,2026-09-13 09:20:04.825950,16,11,5,12
2,2026-09-13 09:20:04.825950,5,3,2,14
3,2026-09-13 09:20:04.825950,4,3,1,15
4,2026-09-13 09:20:04.825950,5,3,2,6
5,2026-09-13 09:20:04.825950,3,2,1,10
6,2026-09-13 09:20:04.825950,4,3,1,11
7,2026-09-13 09:20:04.825950,4,3,1,6
8,2026-09-13 09:20:04.825950,0,0,0,12
1,2026-09-13 10:20:04.825950,3,2,1,14
2,2026-09-13 10:20:04.825950,5,4,1,8
3,2026-09-13 10:20:04.825950,5,3,2,11
4,2026-09-13 10:20:04.825950,0,0,0,5
5,2026-09-13 10:20:04.825950,5,3,2,5
6,2026-09-13 10:20:04.825950,2,1,1,13
7,2026-09-13 10:20:04.825950,1,0,1,9
8,2026-09-13 10:20:04.825950,2,1,1,6
1,2026-09-13 11:20:04.825950,4,3,1,10
2,2026-09-13 11:20:04.825950,3,2,1,13
3,2026-09-13 11:20:04.825950,2,1,1,8
4,2026-09-13 11:20:04.825950,20,16,4,16
5,2026-09-13 11:20:04.825950,1,0,1,11
6,2026-09-13 11:20:04.825950,3,2,1,6
7,2026-09-13 11:20:04.825950,3,2,1,12
8,2026-09-13 11:20:04.825950,2,1,1,6
1,2026-09-13 12:20:04.825950,5,3,2,9
2,2026-09-13 12:20:04.825950,3,2,1,12
3,2026-09-13 12:20:04.825950,4,3,1,5
4,2026-09-13 12:20:04.825950,11,8,3,13
5,2026-09-13 12:20:04.825950,2,1,1,12
6,2026-09-13 12:20:04.825950,1,0,1,11
7,2026-09-13 12:20:04.825950,3,2,1,15
8,2026-09-13 12:20:04.825950,1,0,1,6
1,2026-09-13 13:20:04.825950,5,3,2,5
2,2026-09-13 13:20:04.825950,1,0,1,13
3,2026-09-13 13:20:04.825950,2,1,1,11
4,2026-09-13 13:20:04.825950,13,9,4,13
5,2026-09-13 13:20:04.825950,3,2,1,5
6,2026-09-13 13:20:04.825950,4,3,1,12
7,2026-09-13 13:20:04.825950,1,0,1,5
8,2026-09-13 13:20:04.825950,5,3,2,8
1,2026-09-13 14:20:04.825950,4,3,1,7
2,2026-09-13 14:20:04.825950,3,2,1,12
3,2026-09-13 14:20:04.825950,3,2,1,6
4,2026-09-13 14:20:04.825950,0,0,0,13
5,2026-09-13 14:20:04.825950,2,1,1,7
6,2026-09-13 14:20:04.825950,5,4,1,15
7,2026-09-13 14:20:04.825950,4,3,1,8
8,2026-09-13 14:20:04.825950,0,0,0,5
1,2026-09-13 15:20:04.825950,0,0,0,6
2,2026-09-13 15:20:04.825950,1,0,1,7
3,2026-09-13 15:20:04.825950,5,4,1,7
4,2026-09-13 15:20:04.825950,1,0,1,9
5,2026-09-13 15:20:04.825950,3,2,1,15
6,2026-09-13 15:20:04.825950,0,0,0,15
7,2026-09-13 15:20:04.825950,3,2,1,15
8,2026-09-13 15:20:04.825950,3,2,1,6
1,2026-09-13 16:20:04.825950,4,3,1,11
2,2026-09-13 16:20:04.825950,0,0,0,14
3,2026-09-13 16:20:04.825950,5,3,2,11
4,2026-09-13 16:20:04.825950,2,1,1,11
5,2026-09-13 16:20:04.825950,2,1,1,11
6,2026-09-13 16:20:04.825950,3,2,1,5
7,2026-09-13 16:20:04.825950,4,3,1,15
8,2026-09-13 16:20:04.825950,3,2,1,8
1,2026-09-13 17:20:04.825950,25,21,4,21
2,2026-09-13 17:20:04.825950,0,0,0,10
3,2026-09-13 17:20:04.825950,1,0,1,9
4,2026-09-13 17:20:04.825950,1,0,1,11
5,2026-09-13 17:20:04.825950,5,4,1,8
6,2026-09-13 17:20:04.825950,3,2,1,7
7,2026-09-13 17:20:04.825950,1,0,1,14
8,2026-09-13 17:20:04.825950,0,0,0,8
1,2026-09-13 18:20:04.825950,19,15,4,15
2,2026-09-13 18:20:04.825950,5,3,2,15
3,2026-09-13 18:20:04.825950,1,0,1,6
4,2026-09-13 18:20:04.825950,19,16,3,16
5,2026-09-13 18:20:04.825950,0,0,0,10
6,2026-09-13 18:20:04.825950,0,0,0,6
7,2026-09-13 18:20:04.825950,0,0,0,7
8,2026-09-13 18:20:04.825950,3,2,1,13
1,2026-09-13 19:20:04.825950,19,14,5,14
2,2026-09-13 19:20:04.825950,4,3,1,15
3,2026-09-13 19:20:04.825950,2,1,1,10
4,2026-09-13 19:20:04.825950,21,18,3,18
5,2026-09-13 19:20:04.825950,1,0,1,13
6,2026-09-13 19:20:04.825950,4,3,1,10
7,2026-09-13 19:20:04.825950,3,2,1,14
8,2026-09-13 19:20:04.825950,1,0,1,14
1,2026-09-13 20:20:04.825950,33,26,7,26
2,2026-09-13 20:20:04.825950,3,2,1,13
3,2026-09-13 20:20:04.825950,3,2,1,11
4,2026-09-13 20:20:04.825950,22,19,3,19
5,2026-09-13 20:20:04.825950,0,0,0,6
6,2026-09-13 20:20:04.825950,3,2,1,15
7,2026-09-13 20:20:04.825950,3,2,1,7
8,2026-09-13 20:20:04.825950,4,2,2,11
1,2026-09-13 21:20:04.825950,4,3,1,14
2,2026-09-13 21:20:04.825950,1,0,1,12
3,2026-09-13 21:20:04.825950,5,3,2,5
4,2026-09-13 21:20:04.825950,10,8,2,15
5,2026-09-13 21:20:04.825950,5,3,2,13
6,2026-09-13 21:20:04.825950,3,2,1,6
7,2026-09-13 21:20:04.825950,2,1,1,11
8,2026-09-13 21:20:04.825950,0,0,0,14
1,2026-09-13 22:20:04.825950,0,0,0,10
2,2026-09-13 22:20:04.825950,2,1,1,7
3,2026-09-13 22:20:04.825950,3,2,1,11
4,2026-09-13 22:20:04.825950,5,3,2,5
5,2026-09-13 22:20:04.825950,5,4,1,8
6,2026-09-13 22:20:04.825950,1,0,1,11
7,2026-09-13 22:20:04.825950,5,4,1,11
8,2026-09-13 22:20:04.825950,4,3,1,8
1,2026-09-13 23:20:04.825950,0,0,0,5
2,2026-09-13 23:20:04.825950,0,0,0,14
3,2026-09-13 23:20:04.825950,0,0,0,14
4,2026-09-13 23:20:04.825950,4,2,2,13
5,2026-09-13 23:20:04.825950,3,2,1,5
6,2026-09-13 23:20:04.825950,2,1,1,13
7,2026-09-13 23:20:04.825950,0,0,0,15
8,2026-09-13 23:20:04.825950,1,0,1,9
1,2026-09-14 00:20:04.825950,0,0,0,14
2,2026-09-14 00:20:04.825950,1,0,1,5
3,2026-09-14 00:20:04.825950,4,3,1,5
4,2026-09-14 00:20:04.825950,2,1,1,15
5,2026-09-14 00:20:04.825950,3,2,1,6
6,2026-09-14 00:20:04.825950,1,0,1,11
7,2026-09-14 00:20:04.825950,1,0,1,15
8,2026-09-14 00:20:04.825950,0,0,0,6
1,2026-09-14 01:20:04.825950,1,0,1,15
2,2026-09-14 01:20:04.825950,5,3,2,6
3,2026-09-14 01:20:04.825950,2,1,1,14
4,2026-09-14 01:20:04.825950,2,1,1,9
5,2026-09-14 01:20:04.825950,3,2,1,10
6,2026-09-14 01:20:04.825950,5,3,2,6
7,2026-09-14 01:20:04.825950,0,0,0,15
8,2026-09-14 01:20:04.825950,4,3,1,15
1,2026-09-14 02:20:04.825950,5,3,2,14
2,2026-09-14 02:20:04.825950,3,2,1,8
3,2026-09-14 02:20:04.825950,4,3,1,13
4,2026-09-14 02:20:04.825950,2,1,1,6
5,2026-09-14 02:20:04.825950,4,3,1,6
6,2026-09-14 02:20:04.825950,5,3,2,15
7,2026-09-14 02:20:04.825950,3,2,1,12
8,2026-09-14 02:20:04.825950,3,2,1,10
1,2026-09-14 03:20:04.825950,5,3,2,6
2,2026-09-14 03:20:04.825950,3,2,1,11
3,2026-09-14 03:20:04.825950,3,2,1,6
4,2026-09-14 03:20:04.825950,4,3,1,11
5,2026-09-14 03:20:04.825950,1,0,1,13
6,2026-09-14 03:20:04.825950,1,0,1,8
7,2026-09-14 03:20:04.825950,3,2,1,15
8,2026-09-14 03:20:04.825950,5,3,2,6
1,2026-09-14 04:20:04.825950,5,4,1,15
2,2026-09-14 04:20:04.825950,1,0,1,11
3,2026-09-14 04:20:04.825950,1,0,1,7
4,2026-09-14 04:20:04.825950,3,2,1,12
5,2026-09-14 04:20:04.825950,4,3,1,13
6,2026-09-14 04:20:04.825950,0,0,0,8
7,2026-09-14 04:20:04.825950,3,2,1,6
8,2026-09-14 04:20:04.825950,3,2,1,10
1,2026-09-14 05:20:04.825950,1,0,1,15
2,2026-09-14 05:20:04.825950,4,3,1,13
3,2026-09-14 05:20:04.825950,4,2,2,9
4,2026-09-14 05:20:04.825950,4,3,1,10
5,2026-09-14 05:20:04.825950,4,3,1,7
6,2026-09-14 05:20:04.825950,2,1,1,12
7,2026-09-14 05:20:04.825950,3,2,1,11
8,2026-09-14 05:20:04.825950,2,1,1,12
1,2026-09-14 06:20:04.825950,3,2,1,13
2,2026-09-14 06:20:04.825950,1,0,1,10
3,2026-09-14 06:20:04.825950,5,4,1,10
4,2026-09-14 06:20:04.825950,0,0,0,9
5,2026-09-14 06:20:04.825950,0,0,0,6
6,2026-09-14 06:20:04.825950,3,2,1,13
7,2026-09-14 06:20:04.825950,4,2,2,6
8,2026-09-14 06:20:04.825950,1,0,1,10
1,2026-09-14 07:20:04.825950,29,24,5,24
2,2026-09-14 07:20:04.825950,4,3,1,15
3,2026-09-14 07:20:04.825950,0,0,0,9
4,2026-09-14 07:20:04.825950,4,3,1,5
5,2026-09-14 07:20:04.825950,5,3,2,5
6,2026-09-14 07:20:04.825950,0,0,0,7
7,2026-09-14 07:20:04.825950,2,1,1,15
8,2026-09-14 07:20:04.825950,1,0,1,12
1,2026-09-14 08:20:04.825950,34,26,8,26
2,2026-09-14 08:20:04.825950,0,0,0,15
3,2026-09-14 08:20:04.825950,14,11,3,11
4,2026-09-14 08:20:04.825950,0,0,0,7
5,2026-09-14 08:20:04.825950,2,1,1,6
6,2026-09-14 08:20:04.825950,5,4,1,15
7,2026-09-14 08:20:04.825950,0,0,0,7
8,2026-09-14 08:20:04.825950,4,3,1,5
1,2026-09-14 09:20:04.825950,29,21,8,21
2,2026-09-14 09:20:04.825950,1,0,1,8
3,2026-09-14 09:20:04.825950,19,16,3,16
4,2026-09-14 09:20:04.825950,4,2,2,7
5,2026-09-14 09:20:04.825950,0,0,0,12
6,2026-09-14 09:20:04.825950,5,3,2,7
7,2026-09-14 09:20:04.825950,2,1,1,11
8,2026-09-14 09:20:04.825950,5,4,1,7
1,2026-09-14 10:20:04.825950,2,1,1,14
2,2026-09-14 10:20:04.825950,3,2,1,12
3,2026-09-14 10:20:04.825950,24,21,3,21
4,2026-09-14 10:20:04.825950,3,2,1,6
5,2026-09-14 10:20:04.825950,5,4,1,9
6,2026-09-14 10:20:04.825950,3,2,1,14
7,2026-09-14 10:20:04.825950,2,1,1,15
8,2026-09-14 10:20:04.825950,3,2,1,11
1,2026-09-14 11:20:04.825950,4,3,1,8
2,2026-09-14 11:20:04.825950,2,1,1,9
3,2026-09-14 11:20:04.825950,2,1,1,10
4,2026-09-14 11:20:04.825950,16,12,4,15
5,2026-09-14 11:20:04.825950,3,2,1,13
6,2026-09-14 11:20:04.825950,5,4,1,10
7,2026-09-14 11:20:04.825950,4,2,2,9
8,2026-09-14 11:20:04.825950,4,2,2,9
1,2026-09-14 12:20:04.825950,4,3,1,8
2,2026-09-14 12:20:04.825950,5,4,1,10
3,2026-09-14 12:20:04.825950,5,4,1,11
4,2026-09-14 12:20:04.825950,17,14,3,14
5,2026-09-14 12:20:04.825950,1,0,1,11
6,2026-09-14 12:20:04.825950,2,1,1,8
7,2026-09-14 12:20:04.825950,1,0,1,15
8,2026-09-14 12:20:04.825950,3,2,1,13
1,2026-09-14 13:20:04.825950,3,2,1,13
2,2026-09-14 13:20:04.825950,4,3,1,7
3,2026-09-14 13:20:04.825950,5,3,2,14
4,2026-09-14 13:20:04.825950,17,14,3,15
5,2026-09-14 13:20:04.825950,2,1,1,11
6,2026-09-14 13:20:04.825950,4,3,1,13
7,2026-09-14 13:20:04.825950,0,0,0,9
8,2026-09-14 13:20:04.825950,2,1,1,10
1,2026-09-14 14:20:04.825950,5,3,2,7
2,2026-09-14 14:20:04.825950,4,3,1,12
3,2026-09-14 14:20:04.825950,1,0,1,5
4,2026-09-14 14:20:04.825950,0,0,0,9
5,2026-09-14 14:20:04.825950,1,0,1,14
6,2026-09-14 14:20:04.825950,1,0,1,12
7,2026-09-14 14:20:04.825950,3,2,1,12
8,2026-09-14 14:20:04.825950,1,0,1,14
1,2026-09-14 15:20:04.825950,2,1,1,10
2,2026-09-14 15:20:04.825950,5,4,1,15
3,2026-09-14 15:20:04.825950,17,13,4,13
4,2026-09-14 15:20:04.825950,0,0,0,10
5,2026-09-14 15:20:04.825950,4,3,1,6
6,2026-09-14 15:20:04.825950,2,1,1,7
7,2026-09-14 15:20:04.825950,5,4,1,5
8,2026-09-14 15:20:04.825950,2,1,1,5
1,2026-09-14 16:20:04.825950,5,3,2,13
2,2026-09-14 16:20:04.825950,0,0,0,10
3,2026-09-14 16:20:04.825950,13,9,4,12
4,2026-09-14 16:20:04.825950,4,3,1,15
5,2026-09-14 16:20:04.825950,5,4,1,8
6,2026-09-14 16:20:04.825950,1,0,1,14
7,2026-09-14 16:20:04.825950,2,1,1,6
8,2026-09-14 16:20:04.825950,0,0,0,15
1,2026-09-14 17:20:04.825950,17,12,5,12
2,2026-09-14 17:20:04.825950,3,2,1,12
3,2026-09-14 17:20:04.825950,16,12,4,15
4,2026-09-14 17:20:04.825950,3,2,1,15
5,2026-09-14 17:20:04.825950,2,1,1,5
6,2026-09-14 17:20:04.825950,4,3,1,8
7,2026-09-14 17:20:04.825950,4,2,2,15
8,2026-09-14 17:20:04.825950,2,1,1,10
1,2026-09-14 18:20:04.825950,23,19,4,19
2,2026-09-14 18:20:04.825950,0,0,0,15
3,2026-09-14 18:20:04.825950,0,0,0,10
4,2026-09-14 18:20:04.825950,11,8,3,9
5,2026-09-14 18:20:04.825950,2,1,1,10
6,2026-09-14 18:20:04.825950,5,3,2,12
7,2026-09-14 18:20:04.825950,5,3,2,11
8,2026-09-14 18:20:04.825950,1,0,1,13
1,2026-09-14 19:20:04.825950,28,22,6,22
2,2026-09-14 19:20:04.825950,3,2,1,6
3,2026-09-14 19:20:04.825950,1,0,1,15
4,2026-09-14 19:20:04.825950,19,14,5,14
5,2026-09-14 19:20:04.825950,5,4,1,7
6,2026-09-14 19:20:04.825950,3,2,1,6
7,2026-09-14 19:20:04.825950,1,0,1,5
8,2026-09-14 19:20:04.825950,4,3,1,6
1,2026-09-14 20:20:04.825950,33,25,8,25
2,2026-09-14 20:20:04.825950,4,3,1,5
3,2026-09-14 20:20:04.825950,3,2,1,6
4,2026-09-14 20:20:04.825950,20,14,6,14
5,2026-09-14 20:20:04.825950,4,3,1,6
6,2026-09-14 20:20:04.825950,3,2,1,5
7,2026-09-14 20:20:04.825950,2,1,1,10
8,2026-09-14 20:20:04.825950,5,4,1,14
1,2026-09-14 21:20:04.825950,4,2,2,7
2,2026-09-14 21:20:04.825950,5,4,1,11
3,2026-09-14 21:20:04.825950,3,2,1,6
4,2026-09-14 21:20:04.825950,14,10,4,10
5,2026-09-14 21:20:04.825950,4,3,1,13
6,2026-09-14 21:20:04.825950,0,0,0,10
7,2026-09-14 21:20:04.825950,0,0,0,15
8,2026-09-14 21:20:04.825950,1,0,1,10
1,2026-09-14 22:20:04.825950,4,3,1,11
2,2026-09-14 22:20:04.825950,2,1,1,15
3,2026-09-14 22:20:04.825950,1,0,1,8
4,2026-09-14 22:20:04.825950,0,0,0,7
5,2026-09-14 22:20:04.825950,3,2,1,10
6,2026-09-14 22:20:04.825950,3,2,1,7
7,2026-09-14 22:20:04.825950,4,3,1,6
8,2026-09-14 22:20:04.825950,5,3,2,14
1,2026-09-14 23:20:04.825950,0,0,0,15
2,2026-09-14 23:20:04.825950,2,1,1,6
3,2026-09-14 23:20:04.825950,4,3,1,8
4,2026-09-14 23:20:04.825950,5,3,2,11
5,2026-09-14 23:20:04.825950,4,3,1,6
6,2026-09-14 23:20:04.825950,0,0,0,7
7,2026-09-14 23:20:04.825950,5,4,1,12
8,2026-09-14 23:20:04.825950,3,2,1,15
1,2026-09-15 00:20:04.825950,0,0,0,11
2,2026-09-15 00:20:04.825950,1,0,1,6
3,2026-09-15 00:20:04.825950,5,4,1,14
4,2026-09-15 00:20:04.825950,1,0,1,10
5,2026-09-15 00:20:04.825950,0,0,0,8
6,2026-09-15 00:20:04.825950,1,0,1,11
7,2026-09-15 00:20:04.825950,1,0,1,6
8,2026-09-15 00:20:04.825950,5,3,2,13
1,2026-09-15 01:20:04.825950,3,2,1,14
2,2026-09-15 01:20:04.825950,1,0,1,14
3,2026-09-15 01:20:04.825950,4,2,2,14
4,2026-09-15 01:20:04.825950,0,0,0,12
5,2026-09-15 01:20:04.825950,1,0,1,11
6,2026-09-15 01:20:04.825950,3,2,1,5
7,2026-09-15 01:20:04.825950,2,1,1,13
8,2026-09-15 01:20:04.825950,5,3,2,5
1,2026-09-15 02:20:04.825950,3,2,1,10
2,2026-09-15 02:20:04.825950,4,3,1,6
3,2026-09-15 02:20:04.825950,2,1,1,5
4,2026-09-15 02:20:04.825950,2,1,1,5
5,2026-09-15 02:20:04.825950,0,0,0,7
6,2026-09-15 02:20:04.825950,0,0,0,15
7,2026-09-15 02:20:04.825950,3,2,1,13
8,2026-09-15 02:20:04.825950,1,0,1,13
1,2026-09-15 03:20:04.825950,4,2,2,8
2,2026-09-15 03:20:04.825950,5,4,1,15
3,2026-09-15 03:20:04.825950,2,1,1,7
4,2026-09-15 03:20:04.825950,4,3,1,11
5,2026-09-15 03:20:04.825950,3,2,1,5
6,2026-09-15 03:20:04.825950,1,0,1,5
7,2026-09-15 03:20:04.825950,2,1,1,8
8,2026-09-15 03:20:04.825950,2,1,1,12
1,2026-09-15 04:20:04.825950,5,3,2,15
2,2026-09-15 04:20:04.825950,0,0,0,7
3,2026-09-15 04:20:04.825950,1,0,1,13
4,2026-09-15 04:20:04.825950,4,2,2,6
5,2026-09-15 04:20:04.825950,1,0,1,15
6,2026-09-15 04:20:04.825950,1,0,1,6
7,2026-09-15 04:20:04.825950,0,0,0,10
8,2026-09-15 04:20:04.825950,0,0,0,9
1,2026-09-15 05:20:04.825950,3,2,1,13
2,2026-09-15 05:20:04.825950,2,1,1,5
3,2026-09-15 05:20:04.825950,0,0,0,15
4,2026-09-15 05:20:04.825950,4,2,2,8
5,2026-09-15 05:20:04.825950,1,0,1,13
6,2026-09-15 05:20:04.825950,5,3,2,6
7,2026-09-15 05:20:04.825950,5,3,2,6
8,2026-09-15 05:20:04.825950,5,4,1,11
1,2026-09-15 06:20:04.825950,1,0,1,5
2,2026-09-15 06:20:04.825950,1,0,1,15
3,2026-09-15 06:20:04.825950,5,4,1,15
4,2026-09-15 06:20:04.825950,5,3,2,8
5,2026-09-15 06:20:04.825950,5,3,2,5
6,2026-09-15 06:20:04.825950,3,2,1,14
7,2026-09-15 06:20:04.825950,5,3,2,12
8,2026-09-15 06:20:04.825950,3,2,1,5
1,2026-09-15 07:20:04.825950,15,11,4,11
2,2026-09-15 07:20:04.825950,2,1,1,6
3,2026-09-15 07:20:04.825950,0,0,0,5
4,2026-09-15 07:20:04.825950,3,2,1,8
5,2026-09-15 07:20:04.825950,2,1,1,5
6,2026-09-15 07:20:04.825950,5,4,1,14
7,2026-09-15 07:20:04.825950,2,1,1,8
8,2026-09-15 07:20:04.825950,3,2,1,10
1,2026-09-15 08:20:04.825950,18,15,3,15
2,2026-09-15 08:20:04.825950,0,0,0,15
3,2026-09-15 08:20:04.825950,23,17,6,17
4,2026-09-15 08:20:04.825950,3,2,1,7
5,2026-09-15 08:20:04.825950,4,3,1,10
6,2026-09-15 08:20:04.825950,3,2,1,14
7,2026-09-15 08:20:04.825950,1,0,1,12
8,2026-09-15 08:20:04.825950,0,0,0,12
1,2026-09-15 09:20:04.825950,23,19,4,19
2,2026-09-15 09:20:04.825950,4,3,1,7
3,2026-09-15 09:20:04.825950,20,16,4,16
4,2026-09-15 09:20:04.825950,0,0,0,11
5,2026-09-15 09:20:04.825950,3,2,1,12
6,2026-09-15 09:20:04.825950,4,2,2,5
7,2026-09-15 09:20:04.825950,2,1,1,8
8,2026-09-15 09:20:04.825950,3,2,1,13
1,2026-09-15 10:20:04.825950,4,3,1,9
2,2026-09-15 10:20:04.825950,0,0,0,7
3,2026-09-15 10:20:04.825950,20,16,4,16
4,2026-09-15 10:20:04.825950,2,1,1,11
5,2026-09-15 10:20:04.825950,3,2,1,11
6,2026-09-15 10:20:04.825950,1,0,1,5
7,2026-09-15 10:20:04.825950,2,1,1,6
8,2026-09-15 10:20:04.825950,0,0,0,11
1,2026-09-15 11:20:04.825950,0,0,0,7
2,2026-09-15 11:20:04.825950,5,4,1,10
3,2026-09-15 11:20:04.825950,1,0,1,8
4,2026-09-15 11:20:04.825950,19,14,5,14
5,2026-09-15 11:20:04.825950,5,3,2,11
6,2026-09-15 11:20:04.825950,2,1,1,9
7,2026-09-15 11:20:04.825950,3,2,1,13
8,2026-09-15 11:20:04.825950,4,3,1,13
1,2026-09-15 12:20:04.825950,3,2,1,8
2,2026-09-15 12:20:04.825950,3,2,1,8
3,2026-09-15 12:20:04.825950,0,0,0,13
4,2026-09-15 12:20:04.825950,18,15,3,15
5,2026-09-15 12:20:04.825950,1,0,1,8
6,2026-09-15 12:20:04.825950,5,4,1,10
7,2026-09-15 12:20:04.825950,4,3,1,7
8,2026-09-15 12:20:04.825950,5,4,1,14
1,2026-09-15 13:20:04.825950,0,0,0,7
2,2026-09-15 13:20:04.825950,3,2,1,11
3,2026-09-15 13:20:04.825950,2,1,1,9
4,2026-09-15 13:20:04.825950,10,8,2,8
5,2026-09-15 13:20:04.825950,3,2,1,15
6,2026-09-15 13:20:04.825950,1,0,1,6
7,2026-09-15 13:20:04.825950,4,3,1,7
8,2026-09-15 13:20:04.825950,4,2,2,12
1,2026-09-15 14:20:04.825950,0,0,0,5
2,2026-09-15 14:20:04.825950,0,0,0,12
3,2026-09-15 14:20:04.825950,5,4,1,11
4,2026-09-15 14:20:04.825950,5,3,2,12
5,2026-09-15 14:20:04.825950,2,1,1,13
6,2026-09-15 14:20:04.825950,4,3,1,13
7,2026-09-15 14:20:04.825950,5,3,2,14
8,2026-09-15 14:20:04.825950,3,2,1,14
1,2026-09-15 15:20:04.825950,4,3,1,14
2,2026-09-15 15:20:04.825950,0,0,0,7
3,2026-09-15 15:20:04.825950,25,18,7,18
4,2026-09-15 15:20:04.825950,4,3,1,10
5,2026-09-15 15:20:04.825950,3,2,1,6
6,2026-09-15 15:20:04.825950,4,3,1,15
7,2026-09-15 15:20:04.825950,0,0,0,5
8,2026-09-15 15:20:04.825950,3,2,1,8
1,2026-09-15 16:20:04.825950,5,4,1,10
2,2026-09-15 16:20:04.825950,3,2,1,6
3,2026-09-15 16:20:04.825950,19,16,3,16
4,2026-09-15 16:20:04.825950,4,3,1,10
5,2026-09-15 16:20:04.825950,2,1,1,7
6,2026-09-15 16:20:04.825950,5,4,1,11
7,2026-09-15 16:20:04.825950,0,0,0,9
8,2026-09-15 16:20:04.825950,4,3,1,12
1,2026-09-15 17:20:04.825950,21,15,6,15
2,2026-09-15 17:20:04.825950,4,3,1,14
3,2026-09-15 17:20:04.825950,16,12,4,12
4,2026-09-15 17:20:04.825950,5,3,2,8
5,2026-09-15 17:20:04.825950,5,4,1,12
6,2026-09-15 17:20:04.825950,0,0,0,12
7,2026-09-15 17:20:04.825950,2,1,1,15
8,2026-09-15 17:20:04.825950,5,3,2,11
1,2026-09-15 18:20:04.825950,22,17,5,17
2,2026-09-15 18:20:04.825950,1,0,1,14
3,2026-09-15 18:20:04.825950,4,3,1,14
4,2026-09-15 18:20:04.825950,10,7,3,14
5,2026-09-15 18:20:04.825950,0,0,0,15
6,2026-09-15 18:20:04.825950,1,0,1,9
7,2026-09-15 18:20:04.825950,2,1,1,10
8,2026-09-15 18:20:04.825950,4,2,2,11
1,2026-09-15 19:20:04.825950,19,13,6,13
2,2026-09-15 19:20:04.825950,5,3,2,15
3,2026-09-15 19:20:04.825950,1,0,1,10
4,2026-09-15 19:20:04.825950,13,10,3,10
5,2026-09-15 19:20:04.825950,0,0,0,7
6,2026-09-15 19:20:04.825950,2,1,1,6
7,2026-09-15 19:20:04.825950,5,4,1,9
8,2026-09-15 19:20:04.825950,3,2,1,7
1,2026-09-15 20:20:04.825950,20,16,4,16
2,2026-09-15 20:20:04.825950,0,0,0,13
3,2026-09-15 20:20:04.825950,3,2,1,14
4,2026-09-15 20:20:04.825950,17,12,5,12
5,2026-09-15 20:20:04.825950,5,4,1,9
6,2026-09-15 20:20:04.825950,2,1,1,10
7,2026-09-15 20:20:04.825950,3,2,1,5
8,2026-09-15 20:20:04.825950,4,2,2,12
1,2026-09-15 21:20:04.825950,4,3,1,15
2,2026-09-15 21:20:04.825950,5,3,2,14
3,2026-09-15 21:20:04.825950,0,0,0,11
4,2026-09-15 21:20:04.825950,25,19,6,19
5,2026-09-15 21:20:04.825950,4,3,1,15
6,2026-09-15 21:20:04.825950,2,1,1,5
7,2026-09-15 21:20:04.825950,4,3,1,14
8,2026-09-15 21:20:04.825950,4,3,1,6
1,2026-09-15 22:20:04.825950,3,2,1,8
2,2026-09-15 22:20:04.825950,2,1,1,6
3,2026-09-15 22:20:04.825950,3,2,1,6
4,2026-09-15 22:20:04.825950,0,0,0,8
5,2026-09-15 22:20:04.825950,4,3,1,11
6,2026-09-15 22:20:04.825950,3,2,1,7
7,2026-09-15 22:20:04.825950,0,0,0,8
8,2026-09-15 22:20:04.825950,5,3,2,5
1,2026-09-15 23:20:04.825950,5,4,1,9
2,2026-09-15 23:20:04.825950,1,0,1,15
3,2026-09-15 23:20:04.825950,1,0,1,9
4,2026-09-15 23:20:04.825950,0,0,0,13
5,2026-09-15 23:20:04.825950,5,3,2,5
6,2026-09-15 23:20:04.825950,3,2,1,8
7,2026-09-15 23:20:04.825950,1,0,1,11
8,2026-09-15 23:20:04.825950,2,1,1,5
1,2026-09-16 00:20:04.825950,0,0,0,6
2,2026-09-16 00:20:04.825950,5,4,1,9
3,2026-09-16 00:20:04.825950,2,1,1,13
4,2026-09-16 00:20:04.825950,2,1,1,15
5,2026-09-16 00:20:04.825950,0,0,0,9
6,2026-09-16 00:20:04.825950,1,0,1,10
7,2026-09-16 00:20:04.825950,0,0,0,9
8,2026-09-16 00:20:04.825950,3,2,1,6
1,2026-09-16 01:20:04.825950,0,0,0,13
2,2026-09-16 01:20:04.825950,3,2,1,10
3,2026-09-16 01:20:04.825950,3,2,1,5
4,2026-09-16 01:20:04.825950,4,3,1,9
5,2026-09-16 01:20:04.825950,0,0,0,10
6,2026-09-16 01:20:04.825950,1,0,1,14
7,2026-09-16 01:20:04.825950,5,3,2,8
8,2026-09-16 01:20:04.825950,3,2,1,9
1,2026-09-16 02:20:04.825950,5,3,2,10
2,2026-09-16 02:20:04.825950,0,0,0,14
3,2026-09-16 02:20:04.825950,0,0,0,7
4,2026-09-16 02:20:04.825950,3,2,1,15
5,2026-09-16 02:20:04.825950,0,0,0,8
6,2026-09-16 02:20:04.825950,2,1,1,14
7,2026-09-16 02:20:04.825950,2,1,1,14
8,2026-09-16 02:20:04.825950,4,3,1,5
1,2026-09-16 03:20:04.825950,5,4,1,8
2,2026-09-16 03:20:04.825950,3,2,1,11
3,2026-09-16 03:20:04.825950,3,2,1,11
4,2026-09-16 03:20:04.825950,4,2,2,7
5,2026-09-16 03:20:04.825950,4,3,1,8
6,2026-09-16 03:20:04.825950,4,3,1,14
7,2026-09-16 03:20:04.825950,2,1,1,6
8,2026-09-16 03:20:04.825950,5,4,1,8
1,2026-09-16 04:20:04.825950,4,3,1,14
2,2026-09-16 04:20:04.825950,1,0,1,9
3,2026-09-16 04:20:04.825950,1,0,1,15
4,2026-09-16 04:20:04.825950,1,0,1,11
5,2026-09-16 04:20:04.825950,3,2,1,13
6,2026-09-16 04:20:04.825950,5,3,2,11
7,2026-09-16 04:20:04.825950,1,0,1,9
8,2026-09-16 04:20:04.825950,5,4,1,14
1,2026-09-16 05:20:04.825950,1,0,1,9
2,2026-09-16 05:20:04.825950,1,0,1,6
3,2026-09-16 05:20:04.825950,5,4,1,11
4,2026-09-16 05:20:04.825950,4,3,1,5
5,2026-09-16 05:20:04.825950,4,3,1,10
6,2026-09-16 05:20:04.825950,2,1,1,8
7,2026-09-16 05:20:04.825950,5,4,1,11
8,2026-09-16 05:20:04.825950,4,3,1,13
1,2026-09-16 06:20:04.825950,2,1,1,12
2,2026-09-16 06:20:04.825950,2,1,1,5
3,2026-09-16 06:20:04.825950,4,3,1,7
4,2026-09-16 06:20:04.825950,4,3,1,13
5,2026-09-16 06:20:04.825950,4,3,1,14
6,2026-09-16 06:20:04.825950,2,1,1,12
7,2026-09-16 06:20:04.825950,5,4,1,8
8,2026-09-16 06:20:04.825950,4,3,1,14
1,2026-09-16 07:20:04.825950,27,20,7,20
2,2026-09-16 07:20:04.825950,4,2,2,12
3,2026-09-16 07:20:04.825950,3,2,1,9
4,2026-09-16 07:20:04.825950,3,2,1,13
5,2026-09-16 07:20:04.825950,4,2,2,5
6,2026-09-16 07:20:04.825950,4,3,1,10
7,2026-09-16 07:20:04.825950,2,1,1,13
8,2026-09-16 07:20:04.825950,3,2,1,9
1,2026-09-16 08:20:04.825950,29,24,5,24
2,2026-09-16 08:20:04.825950,3,2,1,14
3,2026-09-16 08:20:04.825950,22,17,5,17
4,2026-09-16 08:20:04.825950,5,3,2,15
5,2026-09-16 08:20:04.825950,0,0,0,11
6,2026-09-16 08:20:04.825950,4,2,2,9
7,2026-09-16 08:20:04.825950,4,3,1,6
8,2026-09-16 08:20:04.825950,0,0,0,8
1,2026-09-16 09:20:04.825950,27,23,4,23
2,2026-09-16 09:20:04.825950,0,0,0,12
3,2026-09-16 09:20:04.825950,25,19,6,19
4,2026-09-16 09:20:04.825950,0,0,0,6
5,2026-09-16 09:20:04.825950,4,3,1,11
6,2026-09-16 09:20:04.825950,0,0,0,11
7,2026-09-16 09:20:04.825950,3,2,1,9
8,2026-09-16 09:20:04.825950,4,3,1,15
1,2026-09-16 10:20:04.825950,1,0,1,8
2,2026-09-16 10:20:04.825950,2,1,1,15
3,2026-09-16 10:20:04.825950,23,16,7,16
4,2026-09-16 10:20:04.825950,2,1,1,5
5,2026-09-16 10:20:04.825950,5,3,2,11
6,2026-09-16 10:20:04.825950,3,2,1,14
7,2026-09-16 10:20:04.825950,1,0,1,9
8,2026-09-16 10:20:04.825950,0,0,0,9
1,2026-09-16 11:20:04.825950,1,0,1,11
2,2026-09-16 11:20:04.825950,0,0,0,13
3,2026-09-16 11:20:04.825950,4,2,2,10
4,2026-09-16 11:20:04.825950,14,10,4,10
5,2026-09-16 11:20:04.825950,1,0,1,15
6,2026-09-16 11:20:04.825950,1,0,1,12
7,2026-09-16 11:20:04.825950,3,2,1,11
8,2026-09-16 11:20:04.825950,2,1,1,6
1,2026-09-16 12:20:04.825950,5,3,2,8
2,2026-09-16 12:20:04.825950,4,3,1,14
3,2026-09-16 12:20:04.825950,1,0,1,11
4,2026-09-16 12:20:04.825950,14,11,3,11
5,2026-09-16 12:20:04.825950,2,1,1,8
6,2026-09-16 12:20:04.825950,0,0,0,6
7,2026-09-16 12:20:04.825950,0,0,0,7
8,2026-09-16 12:20:04.825950,3,2,1,11
1,2026-09-16 13:20:04.825950,4,3,1,14
2,2026-09-16 13:20:04.825950,5,3,2,9
3,2026-09-16 13:20:04.825950,5,4,1,10
4,2026-09-16 13:20:04.825950,18,14,4,14
5,2026-09-16 13:20:04.825950,3,2,1,5
6,2026-09-16 13:20:04.825950,1,0,1,11
7,2026-09-16 13:20:04.825950,1,0,1,8
8,2026-09-16 13:20:04.825950,5,3,2,9
1,2026-09-16 14:20:04.825950,2,1,1,8
2,2026-09-16 14:20:04.825950,5,4,1,11
3,2026-09-16 14:20:04.825950,4,3,1,11
4,2026-09-16 14:20:04.825950,5,4,1,8
5,2026-09-16 14:20:04.825950,1,0,1,6
6,2026-09-16 14:20:04.825950,5,4,1,8
7,2026-09-16 14:20:04.825950,1,0,1,15
8,2026-09-16 14:20:04.825950,3,2,1,5
1,2026-09-16 15:20:04.825950,3,2,1,6
2,2026-09-16 15:20:04.825950,3,2,1,10
3,2026-09-16 15:20:04.825950,27,23,4,23
4,2026-09-16 15:20:04.825950,5,3,2,7
5,2026-09-16 15:20:04.825950,3,2,1,11
6,2026-09-16 15:20:04.825950,3,2,1,5
7,2026-09-16 15:20:04.825950,4,3,1,13
8,2026-09-16 15:20:04.825950,4,3,1,12
1,2026-09-16 16:20:04.825950,2,1,1,10
2,2026-09-16 16:20:04.825950,4,3,1,9
3,2026-09-16 16:20:04.825950,22,19,3,19
4,2026-09-16 16:20:04.825950,5,3,2,14
5,2026-09-16 16:20:04.825950,2,1,1,12
6,2026-09-16 16:20:04.825950,5,3,2,9
7,2026-09-16 16:20:04.825950,0,0,0,8
8,2026-09-16 16:20:04.825950,3,2,1,11
1,2026-09-16 17:20:04.825950,34,25,9,25
2,2026-09-16 17:20:04.825950,1,0,1,12
3,2026-09-16 17:20:04.825950,27,20,7,20
4,2026-09-16 17:20:04.825950,4,3,1,8
5,2026-09-16 17:20:04.825950,2,1,1,10
6,2026-09-16 17:20:04.825950,3,2,1,15
7,2026-09-16 17:20:04.825950,1,0,1,14
8,2026-09-16 17:20:04.825950,0,0,0,15
1,2026-09-16 18:20:04.825950,21,17,4,17
2,2026-09-16 18:20:04.825950,5,3,2,11
3,2026-09-16 18:20:04.825950,2,1,1,13
4,2026-09-16 18:20:04.825950,14,11,3,11
5,2026-09-16 18:20:04.825950,2,1,1,10
6,2026-09-16 18:20:04.825950,5,4,1,10
7,2026-09-16 18:20:04.825950,1,0,1,7
8,2026-09-16 18:20:04.825950,1,0,1,7
1,2026-09-16 19:20:04.825950,31,27,4,27
2,2026-09-16 19:20:04.825950,5,4,1,15
3,2026-09-16 19:20:04.825950,0,0,0,5
4,2026-09-16 19:20:04.825950,19,13,6,14
5,2026-09-16 19:20:04.825950,5,3,2,5
6,2026-09-16 19:20:04.825950,5,3,2,9
7,2026-09-16 19:20:04.825950,4,3,1,15
8,2026-09-16 19:20:04.825950,2,1,1,6
1,2026-09-16 20:20:04.825950,27,23,4,23
2,2026-09-16 20:20:04.825950,0,0,0,15
3,2026-09-16 20:20:04.825950,2,1,1,12
4,2026-09-16 20:20:04.825950,18,14,4,14
5,2026-09-16 20:20:04.825950,5,3,2,12
6,2026-09-16 20:20:04.825950,3,2,1,13
7,2026-09-16 20:20:04.825950,5,4,1,11
8,2026-09-16 20:20:04.825950,4,3,1,5
1,2026-09-16 21:20:04.825950,2,1,1,14
2,2026-09-16 21:20:04.825950,3,2,1,15
3,2026-09-16 21:20:04.825950,3,2,1,7
4,2026-09-16 21:20:04.825950,24,16,8,16
5,2026-09-16 21:20:04.825950,5,3,2,11
6,2026-09-16 21:20:04.825950,2,1,1,14
7,2026-09-16 21:20:04.825950,2,1,1,15
8,2026-09-16 21:20:04.825950,4,2,2,7
1,2026-09-16 22:20:04.825950,5,3,2,8
2,2026-09-16 22:20:04.825950,0,0,0,14
3,2026-09-16 22:20:04.825950,5,3,2,11
4,2026-09-16 22:20:04.825950,2,1,1,10
5,2026-09-16 22:20:04.825950,2,1,1,15
6,2026-09-16 22:20:04.825950,1,0,1,11
7,2026-09-16 22:20:04.825950,1,0,1,6
8,2026-09-16 22:20:04.825950,2,1,1,6
1,2026-09-16 23:20:04.825950,1,0,1,13
2,2026-09-16 23:20:04.825950,3,2,1,9
3,2026-09-16 23:20:04.825950,3,2,1,8
4,2026-09-16 23:20:04.825950,1,0,1,6
5,2026-09-16 23:20:04.825950,2,1,1,13
6,2026-09-16 23:20:04.825950,2,1,1,12
7,2026-09-16 23:20:04.825950,2,1,1,7
8,2026-09-16 23:20:04.825950,0,0,0,14
1,2026-09-17 00:20:04.825950,2,1,1,5
2,2026-09-17 00:20:04.825950,5,4,1,7
3,2026-09-17 00:20:04.825950,5,3,2,13
4,2026-09-17 00:20:04.825950,3,2,1,10
5,2026-09-17 00:20:04.825950,0,0,0,15
6,2026-09-17 00:20:04.825950,5,4,1,11
7,2026-09-17 00:20:04.825950,3,2,1,12
8,2026-09-17 00:20:04.825950,3,2,1,8
1,2026-09-17 01:20:04.825950,0,0,0,10
2,2026-09-17 01:20:04.825950,0,0,0,8
3,2026-09-17 01:20:04.825950,0,0,0,13
4,2026-09-17 01:20:04.825950,2,1,1,11
5,2026-09-17 01:20:04.825950,2,1,1,6
6,2026-09-17 01:20:04.825950,2,1,1,14
7,2026-09-17 01:20:04.825950,4,3,1,10
8,2026-09-17 01:20:04.825950,5,3,2,6
1,2026-09-17 02:20:04.825950,3,2,1,10
2,2026-09-17 02:20:04.825950,2,1,1,14
3,2026-09-17 02:20:04.825950,0,0,0,13
4,2026-09-17 02:20:04.825950,2,1,1,15
5,2026-09-17 02:20:04.825950,0,0,0,13
6,2026-09-17 02:20:04.825950,3,2,1,13
7,2026-09-17 02:20:04.825950,0,0,0,10
8,2026-09-17 02:20:04.825950,4,2,2,13
1,2026-09-17 03:20:04.825950,1,0,1,6
2,2026-09-17 03:20:04.825950,4,2,2,13
3,2026-09-17 03:20:04.825950,4,2,2,5
4,2026-09-17 03:20:04.825950,5,3,2,8
5,2026-09-17 03:20:04.825950,4,2,2,9
6,2026-09-17 03:20:04.825950,3,2,1,7
7,2026-09-17 03:20:04.825950,5,4,1,7
8,2026-09-17 03:20:04.825950,2,1,1,6
1,2026-09-17 04:20:04.825950,5,4,1,10
2,2026-09-17 04:20:04.825950,4,3,1,8
3,2026-09-17 04:20:04.825950,0,0,0,6
4,2026-09-17 04:20:04.825950,1,0,1,10
5,2026-09-17 04:20:04.825950,1,0,1,8
6,2026-09-17 04:20:04.825950,2,1,1,6
7,2026-09-17 04:20:04.825950,2,1,1,6
8,2026-09-17 04:20:04.825950,1,0,1,10
1,2026-09-17 05:20:04.825950,5,3,2,8
2,2026-09-17 05:20:04.825950,0,0,0,10
3,2026-09-17 05:20:04.825950,1,0,1,5
4,2026-09-17 05:20:04.825950,2,1,1,12
5,2026-09-17 05:20:04.825950,3,2,1,15
6,2026-09-17 05:20:04.825950,5,3,2,5
7,2026-09-17 05:20:04.825950,4,3,1,11
8,2026-09-17 05:20:04.825950,2,1,1,9
1,2026-09-17 06:20:04.825950,5,4,1,10
2,2026-09-17 06:20:04.825950,3,2,1,11
3,2026-09-17 06:20:04.825950,1,0,1,9
4,2026-09-17 06:20:04.825950,2,1,1,9
5,2026-09-17 06:20:04.825950,0,0,0,7
6,2026-09-17 06:20:04.825950,4,3,1,7
7,2026-09-17 06:20:04.825950,3,2,1,14
8,2026-09-17 06:20:04.825950,2,1,1,5
1,2026-09-17 07:20:04.825950,27,22,5,22
2,2026-09-17 07:20:04.825950,5,4,1,5
3,2026-09-17 07:20:04.825950,3,2,1,11
4,2026-09-17 07:20:04.825950,5,3,2,14
5,2026-09-17 07:20:04.825950,0,0,0,13
6,2026-09-17 07:20:04.825950,5,3,2,15
7,2026-09-17 07:20:04.825950,2,1,1,6
8,2026-09-17 07:20:04.825950,3,2,1,11
1,2026-09-17 08:20:04.825950,23,16,7,16
2,2026-09-17 08:20:04.825950,5,4,1,10
3,2026-09-17 08:20:04.825950,27,19,8,19
4,2026-09-17 08:20:04.825950,4,3,1,11
5,2026-09-17 08:20:04.825950,1,0,1,8
6,2026-09-17 08:20:04.825950,5,3,2,14
7,2026-09-17 08:20:04.825950,5,3,2,5
8,2026-09-17 08:20:04.825950,0,0,0,8
1,2026-09-17 09:20:04.825950,27,21,6,21
2,2026-09-17 09:20:04.825950,4,3,1,5
3,2026-09-17 09:20:04.825950,21,15,6,15
4,2026-09-17 09:20:04.825950,0,0,0,15
5,2026-09-17 09:20:04.825950,3,2,1,9
6,2026-09-17 09:20:04.825950,4,3,1,12
7,2026-09-17 09:20:04.825950,5,3,2,8
8,2026-09-17 09:20:04.825950,4,3,1,6
1,2026-09-17 10:20:04.825950,1,0,1,6
2,2026-09-17 10:20:04.825950,2,1,1,5
3,2026-09-17 10:20:04.825950,12,10,2,10
4,2026-09-17 10:20:04.825950,5,4,1,11
5,2026-09-17 10:20:04.825950,0,0,0,5
6,2026-09-17 10:20:04.825950,2,1,1,7
7,2026-09-17 10:20:04.825950,1,0,1,11
8,2026-09-17 10:20:04.825950,2,1,1,12
1,2026-09-17 11:20:04.825950,2,1,1,11
2,2026-09-17 11:20:04.825950,5,4,1,10
3,2026-09-17 11:20:04.825950,0,0,0,5
4,2026-09-17 11:20:04.825950,13,10,3,14
5,2026-09-17 11:20:04.825950,4,3,1,11
6,2026-09-17 11:20:04.825950,5,3,2,5
7,2026-09-17 11:20:04.825950,0,0,0,10
8,2026-09-17 11:20:04.825950,5,4,1,11
1,2026-09-17 12:20:04.825950,1,0,1,13
2,2026-09-17 12:20:04.825950,3,2,1,13
3,2026-09-17 12:20:04.825950,3,2,1,11
4,2026-09-17 12:20:04.825950,18,15,3,15
5,2026-09-17 12:20:04.825950,4,3,1,6
6,2026-09-17 12:20:04.825950,1,0,1,5
7,2026-09-17 12:20:04.825950,3,2,1,7
8,2026-09-17 12:20:04.825950,4,2,2,6
1,2026-09-17 13:20:04.825950,0,0,0,8
2,2026-09-17 13:20:04.825950,4,3,1,9
3,2026-09-17 13:20:04.825950,3,2,1,9
4,2026-09-17 13:20:04.825950,22,19,3,19
5,2026-09-17 13:20:04.825950,4,3,1,8
6,2026-09-17 13:20:04.825950,4,2,2,10
7,2026-09-17 13:20:04.825950,0,0,0,9
8,2026-09-17 13:20:04.825950,4,3,1,10
1,2026-09-17 14:20:04.825950,5,3,2,7
2,2026-09-17 14:20:04.825950,5,4,1,9
3,2026-09-17 14:20:04.825950,0,0,0,6
4,2026-09-17 14:20:04.825950,2,1,1,14
5,2026-09-17 14:20:04.825950,5,3,2,10
6,2026-09-17 14:20:04.825950,1,0,1,7
7,2026-09-17 14:20:04.825950,4,2,2,10
8,2026-09-17 14:20:04.825950,0,0,0,11
1,2026-09-17 15:20:04.825950,3,2,1,5
2,2026-09-17 15:20:04.825950,4,3,1,8
3,2026-09-17 15:20:04.825950,23,18,5,18
4,2026-09-17 15:20:04.825950,2,1,1,13
5,2026-09-17 15:20:04.825950,3,2,1,13
6,2026-09-17 15:20:04.825950,5,4,1,10
7,2026-09-17 15:20:04.825950,3,2,1,7
8,2026-09-17 15:20:04.825950,4,3,1,10
1,2026-09-17 16:20:04.825950,5,4,1,13
2,2026-09-17 16:20:04.825950,5,3,2,7
3,2026-09-17 16:20:04.825950,19,16,3,16
4,2026-09-17 16:20:04.825950,0,0,0,7
5,2026-09-17 16:20:04.825950,1,0,1,5
6,2026-09-17 16:20:04.825950,3,2,1,13
7,2026-09-17 16:20:04.825950,2,1,1,9
8,2026-09-17 16:20:04.825950,5,4,1,11
1,2026-09-17 17:20:04.825950,31,25,6,25
2,2026-09-17 17:20:04.825950,0,0,0,11
3,2026-09-17 17:20:04.825950,22,18,4,18
4,2026-09-17 17:20:04.825950,3,2,1,9
5,2026-09-17 17:20:04.825950,4,3,1,14
6,2026-09-17 17:20:04.825950,3,2,1,6
7,2026-09-17 17:20:04.825950,1,0,1,8
8,2026-09-17 17:20:04.825950,0,0,0,10
1,2026-09-17 18:20:04.825950,27,22,5,22
2,2026-09-17 18:20:04.825950,4,3,1,12
3,2026-09-17 18:20:04.825950,2,1,1,12
4,2026-09-17 18:20:04.825950,13,11,2,11
5,2026-09-17 18:20:04.825950,5,4,1,13
6,2026-09-17 18:20:04.825950,3,2,1,7
7,2026-09-17 18:20:04.825950,3,2,1,6
8,2026-09-17 18:20:04.825950,5,4,1,14
1,2026-09-17 19:20:04.825950,34,26,8,26
2,2026-09-17 19:20:04.825950,1,0,1,11
3,2026-09-17 19:20:04.825950,2,1,1,6
4,2026-09-17 19:20:04.825950,22,17,5,17
5,2026-09-17 19:20:04.825950,4,3,1,13
6,2026-09-17 19:20:04.825950,4,3,1,5
7,2026-09-17 19:20:04.825950,0,0,0,8
8,2026-09-17 19:20:04.825950,2,1,1,7
1,2026-09-17 20:20:04.825950,18,14,4,14
2,2026-09-17 20:20:04.825950,0,0,0,10
3,2026-09-17 20:20:04.825950,4,3,1,15
4,2026-09-17 20:20:04.825950,13,11,2,11
5,2026-09-17 20:20:04.825950,1,0,1,13
6,2026-09-17 20:20:04.825950,5,3,2,15
7,2026-09-17 20:20:04.825950,4,2,2,11
8,2026-09-17 20:20:04.825950,3,2,1,14
1,2026-09-17 21:20:04.825950,5,4,1,9
2,2026-09-17 21:20:04.825950,3,2,1,5
3,2026-09-17 21:20:04.825950,0,0,0,13
4,2026-09-17 21:20:04.825950,14,9,5,9
5,2026-09-17 21:20:04.825950,1,0,1,13
6,2026-09-17 21:20:04.825950,0,0,0,10
7,2026-09-17 21:20:04.825950,1,0,1,8
8,2026-09-17 21:20:04.825950,2,1,1,13
1,2026-09-17 22:20:04.825950,3,2,1,12
2,2026-09-17 22:20:04.825950,0,0,0,10
3,2026-09-17 22:20:04.825950,2,1,1,5
4,2026-09-17 22:20:04.825950,2,1,1,7
5,2026-09-17 22:20:04.825950,3,2,1,11
6,2026-09-17 22:20:04.825950,3,2,1,11
7,2026-09-17 22:20:04.825950,5,4,1,12
8,2026-09-17 22:20:04.825950,1,0,1,10
1,2026-09-17 23:20:04.825950,5,3,2,9
2,2026-09-17 23:20:04.825950,4,3,1,6
3,2026-09-17 23:20:04.825950,4,3,1,13
4,2026-09-17 23:20:04.825950,2,1,1,15
5,2026-09-17 23:20:04.825950,5,3,2,13
6,2026-09-17 23:20:04.825950,2,1,1,7
7,2026-09-17 23:20:04.825950,0,0,0,10
8,2026-09-17 23:20:04.825950,2,1,1,15
1,2026-09-18 00:20:04.825950,5,3,2,8
2,2026-09-18 00:20:04.825950,0,0,0,12
3,2026-09-18 00:20:04.825950,2,1,1,13
4,2026-09-18 00:20:04.825950,1,0,1,7
5,2026-09-18 00:20:04.825950,3,2,1,9
6,2026-09-18 00:20:04.825950,1,0,1,10
7,2026-09-18 00:20:04.825950,3,2,1,13
8,2026-09-18 00:20:04.825950,2,1,1,11
1,2026-09-18 01:20:04.825950,0,0,0,14
2,2026-09-18 01:20:04.825950,0,0,0,10
3,2026-09-18 01:20:04.825950,0,0,0,14
4,2026-09-18 01:20:04.825950,5,4,1,6
5,2026-09-18 01:20:04.825950,4,3,1,12
6,2026-09-18 01:20:04.825950,3,2,1,6
7,2026-09-18 01:20:04.825950,1,0,1,9
8,2026-09-18 01:20:04.825950,2,1,1,9
1,2026-09-18 02:20:04.825950,4,3,1,10
2,2026-09-18 02:20:04.825950,1,0,1,11
3,2026-09-18 02:20:04.825950,2,1,1,7
4,2026-09-18 02:20:04.825950,4,3,1,8
5,2026-09-18 02:20:04.825950,4,3,1,10
6,2026-09-18 02:20:04.825950,5,4,1,9
7,2026-09-18 02:20:04.825950,3,2,1,10
8,2026-09-18 02:20:04.825950,3,2,1,14
1,2026-09-18 03:20:04.825950,0,0,0,10
2,2026-09-18 03:20:04.825950,2,1,1,14
3,2026-09-18 03:20:04.825950,2,1,1,8
4,2026-09-18 03:20:04.825950,5,4,1,8
5,2026-09-18 03:20:04.825950,3,2,1,15
6,2026-09-18 03:20:04.825950,3,2,1,11
7,2026-09-18 03:20:04.825950,4,2,2,7
8,2026-09-18 03:20:04.825950,5,3,2,14
1,2026-09-18 04:20:04.825950,2,1,1,5
2,2026-09-18 04:20:04.825950,3,2,1,8
3,2026-09-18 04:20:04.825950,2,1,1,10
4,2026-09-18 04:20:04.825950,1,0,1,12
5,2026-09-18 04:20:04.825950,3,2,1,5
6,2026-09-18 04:20:04.825950,5,3,2,6
7,2026-09-18 04:20:04.825950,2,1,1,12
8,2026-09-18 04:20:04.825950,3,2,1,9
1,2026-09-18 05:20:04.825950,4,3,1,8
2,2026-09-18 05:20:04.825950,5,3,2,15
3,2026-09-18 05:20:04.825950,2,1,1,12
4,2026-09-18 05:20:04.825950,1,0,1,10
5,2026-09-18 05:20:04.825950,3,2,1,10
6,2026-09-18 05:20:04.825950,3,2,1,8
7,2026-09-18 05:20:04.825950,2,1,1,15
8,2026-09-18 05:20:04.825950,3,2,1,11
1,2026-09-18 06:20:04.825950,4,3,1,15
2,2026-09-18 06:20:04.825950,2,1,1,14
3,2026-09-18 06:20:04.825950,5,3,2,8
4,2026-09-18 06:20:04.825950,1,0,1,10
5,2026-09-18 06:20:04.825950,2,1,1,15
6,2026-09-18 06:20:04.825950,5,4,1,10
7,2026-09-18 06:20:04.825950,3,2,1,9
8,2026-09-18 06:20:04.825950,3,2,1,13
1,2026-09-18 07:20:04.825950,28,21,7,21
2,2026-09-18 07:20:04.825950,4,3,1,9
3,2026-09-18 07:20:04.825950,5,4,1,8
4,2026-09-18 07:20:04.825950,3,2,1,8
5,2026-09-18 07:20:04.825950,5,4,1,15
6,2026-09-18 07:20:04.825950,2,1,1,9
7,2026-09-18 07:20:04.825950,0,0,0,9
8,2026-09-18 07:20:04.825950,3,2,1,12
1,2026-09-18 08:20:04.825950,23,17,6,17
2,2026-09-18 08:20:04.825950,5,4,1,8
3,2026-09-18 08:20:04.825950,15,12,3,12
4,2026-09-18 08:20:04.825950,4,3,1,5
5,2026-09-18 08:20:04.825950,4,3,1,12
6,2026-09-18 08:20:04.825950,2,1,1,11
7,2026-09-18 08:20:04.825950,0,0,0,5
8,2026-09-18 08:20:04.825950,1,0,1,11
1,2026-09-18 09:20:04.825950,15,10,5,10
2,2026-09-18 09:20:04.825950,4,3,1,15
3,2026-09-18 09:20:04.825950,13,10,3,10
4,2026-09-18 09:20:04.825950,3,2,1,15
5,2026-09-18 09:20:04.825950,2,1,1,12
6,2026-09-18 09:20:04.825950,4,3,1,14
7,2026-09-18 09:20:04.825950,1,0,1,10
8,2026-09-18 09:20:04.825950,2,1,1,11
1,2026-09-18 10:20:04.825950,5,3,2,10
2,2026-09-18 10:20:04.825950,4,3,1,8
3,2026-09-18 10:20:04.825950,28,22,6,22
4,2026-09-18 10:20:04.825950,1,0,1,8
5,2026-09-18 10:20:04.825950,3,2,1,8
6,2026-09-18 10:20:04.825950,2,1,1,10
7,2026-09-18 10:20:04.825950,5,4,1,11
8,2026-09-18 10:20:04.825950,0,0,0,12
1,2026-09-18 11:20:04.825950,1,0,1,13
2,2026-09-18 11:20:04.825950,1,0,1,6
3,2026-09-18 11:20:04.825950,1,0,1,10
4,2026-09-18 11:20:04.825950,13,10,3,10
5,2026-09-18 11:20:04.825950,2,1,1,14
6,2026-09-18 11:20:04.825950,3,2,1,9
7,2026-09-18 11:20:04.825950,1,0,1,9
8,2026-09-18 11:20:04.825950,4,2,2,11
1,2026-09-18 12:20:04.825950,5,4,1,10
2,2026-09-18 12:20:04.825950,3,2,1,14
3,2026-09-18 12:20:04.825950,3,2,1,6
4,2026-09-18 12:20:04.825950,19,15,4,15
5,2026-09-18 12:20:04.825950,1,0,1,15
6,2026-09-18 12:20:04.825950,0,0,0,12
7,2026-09-18 12:20:04.825950,5,4,1,10
8,2026-09-18 12:20:04.825950,5,3,2,10
1,2026-09-18 13:20:04.825950,4,3,1,11
2,2026-09-18 13:20:04.825950,0,0,0,10
3,2026-09-18 13:20:04.825950,1,0,1,15
4,2026-09-18 13:20:04.825950,16,14,2,14
5,2026-09-18 13:20:04.825950,4,3,1,6
6,2026-09-18 13:20:04.825950,1,0,1,13
7,2026-09-18 13:20:04.825950,3,2,1,14
8,2026-09-18 13:20:04.825950,0,0,0,7
1,2026-09-18 14:20:04.825950,5,3,2,8
2,2026-09-18 14:20:04.825950,1,0,1,15
3,2026-09-18 14:20:04.825950,5,3,2,7
4,2026-09-18 14:20:04.825950,3,2,1,6
5,2026-09-18 14:20:04.825950,4,3,1,15
6,2026-09-18 14:20:04.825950,4,3,1,7
7,2026-09-18 14:20:04.825950,2,1,1,9
8,2026-09-18 14:20:04.825950,3,2,1,10
1,2026-09-18 15:20:04.825950,3,2,1,15
2,2026-09-18 15:20:04.825950,5,3,2,10
3,2026-09-18 15:20:04.825950,21,15,6,15
4,2026-09-18 15:20:04.825950,2,1,1,6
5,2026-09-18 15:20:04.825950,0,0,0,13
6,2026-09-18 15:20:04.825950,5,4,1,10
7,2026-09-18 15:20:04.825950,0,0,0,12
8,2026-09-18 15:20:04.825950,1,0,1,5
1,2026-09-18 16:20:04.825950,5,3,2,5
2,2026-09-18 16:20:04.825950,1,0,1,15
3,2026-09-18 16:20:04.825950,18,15,3,15
4,2026-09-18 16:20:04.825950,3,2,1,11
5,2026-09-18 16:20:04.825950,4,3,1,6
6,2026-09-18 16:20:04.825950,4,3,1,9
7,2026-09-18 16:20:04.825950,3,2,1,9
8,2026-09-18 16:20:04.825950,3,2,1,7
1,2026-09-18 17:20:04.825950,17,12,5,13
2,2026-09-18 17:20:04.825950,1,0,1,10
3,2026-09-18 17:20:04.825950,13,11,2,11
4,2026-09-18 17:20:04.825950,1,0,1,13
5,2026-09-18 17:20:04.825950,1,0,1,5
6,2026-09-18 17:20:04.825950,1,0,1,12
7,2026-09-18 17:20:04.825950,3,2,1,12
8,2026-09-18 17:20:04.825950,3,2,1,14
1,2026-09-18 18:20:04.825950,28,23,5,23
2,2026-09-18 18:20:04.825950,3,2,1,13
3,2026-09-18 18:20:04.825950,1,0,1,11
4,2026-09-18 18:20:04.825950,20,15,5,15
5,2026-09-18 18:20:04.825950,3,2,1,6
6,2026-09-18 18:20:04.825950,5,3,2,6
7,2026-09-18 18:20:04.825950,3,2,1,9
8,2026-09-18 18:20:04.825950,4,3,1,13
1,2026-09-18 19:20:04.825950,19,15,4,15
2,2026-09-18 19:20:04.825950,4,3,1,14
3,2026-09-18 19:20:04.825950,1,0,1,15
4,2026-09-18 19:20:04.825950,17,14,3,15
5,2026-09-18 19:20:04.825950,2,1,1,9
6,2026-09-18 19:20:04.825950,4,3,1,9
7,2026-09-18 19:20:04.825950,0,0,0,6
8,2026-09-18 19:20:04.825950,3,2,1,15
1,2026-09-18 20:20:04.825950,16,12,4,12
2,2026-09-18 20:20:04.825950,4,2,2,14
3,2026-09-18 20:20:04.825950,5,4,1,12
4,2026-09-18 20:20:04.825950,15,11,4,11
5,2026-09-18 20:20:04.825950,2,1,1,6
6,2026-09-18 20:20:04.825950,5,4,1,12
7,2026-09-18 20:20:04.825950,5,3,2,13
8,2026-09-18 20:20:04.825950,0,0,0,10
1,2026-09-18 21:20:04.825950,4,3,1,8
2,2026-09-18 21:20:04.825950,3,2,1,7
3,2026-09-18 21:20:04.825950,4,3,1,5
4,2026-09-18 21:20:04.825950,17,12,5,12
5,2026-09-18 21:20:04.825950,1,0,1,8
6,2026-09-18 21:20:04.825950,5,4,1,7
7,2026-09-18 21:20:04.825950,2,1,1,11
8,2026-09-18 21:20:04.825950,0,0,0,6
1,2026-09-18 22:20:04.825950,3,2,1,5
2,2026-09-18 22:20:04.825950,4,3,1,12
3,2026-09-18 22:20:04.825950,2,1,1,13
4,2026-09-18 22:20:04.825950,0,0,0,14
5,2026-09-18 22:20:04.825950,1,0,1,10
6,2026-09-18 22:20:04.825950,4,2,2,13
7,2026-09-18 22:20:04.825950,2,1,1,14
8,2026-09-18 22:20:04.825950,5,3,2,11
1,2026-09-18 23:20:04.825950,2,1,1,10
2,2026-09-18 23:20:04.825950,0,0,0,10
3,2026-09-18 23:20:04.825950,2,1,1,8
4,2026-09-18 23:20:04.825950,5,4,1,6
5,2026-09-18 23:20:04.825950,0,0,0,6
6,2026-09-18 23:20:04.825950,2,1,1,6
7,2026-09-18 23:20:04.825950,1,0,1,8
8,2026-09-18 23:20:04.825950,1,0,1,10
1,2026-09-19 00:20:04.825950,2,1,1,15
2,2026-09-19 00:20:04.825950,4,3,1,14
3,2026-09-19 00:20:04.825950,4,2,2,8
4,2026-09-19 00:20:04.825950,2,1,1,14
5,2026-09-19 00:20:04.825950,3,2,1,12
6,2026-09-19 00:20:04.825950,0,0,0,5
7,2026-09-19 00:20:04.825950,1,0,1,11
8,2026-09-19 00:20:04.825950,4,3,1,5
1,2026-09-19 01:20:04.825950,4,3,1,7
2,2026-09-19 01:20:04.825950,2,1,1,11
3,2026-09-19 01:20:04.825950,0,0,0,11
4,2026-09-19 01:20:04.825950,2,1,1,8
5,2026-09-19 01:20:04.825950,5,4,1,14
6,2026-09-19 01:20:04.825950,2,1,1,12
7,2026-09-19 01:20:04.825950,3,2,1,6
8,2026-09-19 01:20:04.825950,4,3,1,11
1,2026-09-19 02:20:04.825950,3,2,1,15
2,2026-09-19 02:20:04.825950,3,2,1,5
3,2026-09-19 02:20:04.825950,3,2,1,9
4,2026-09-19 02:20:04.825950,2,1,1,15
5,2026-09-19 02:20:04.825950,5,4,1,12
6,2026-09-19 02:20:04.825950,5,4,1,8
7,2026-09-19 02:20:04.825950,0,0,0,12
8,2026-09-19 02:20:04.825950,1,0,1,8
1,2026-09-19 03:20:04.825950,1,0,1,11
2,2026-09-19 03:20:04.825950,5,4,1,12
3,2026-09-19 03:20:04.825950,2,1,1,12
4,2026-09-19 03:20:04.825950,2,1,1,10
5,2026-09-19 03:20:04.825950,0,0,0,9
6,2026-09-19 03:20:04.825950,4,3,1,13
7,2026-09-19 03:20:04.825950,0,0,0,12
8,2026-09-19 03:20:04.825950,5,4,1,6
1,2026-09-19 04:20:04.825950,4,2,2,10
2,2026-09-19 04:20:04.825950,3,2,1,10
3,2026-09-19 04:20:04.825950,2,1,1,5
4,2026-09-19 04:20:04.825950,3,2,1,14
5,2026-09-19 04:20:04.825950,2,1,1,9
6,2026-09-19 04:20:04.825950,3,2,1,6
7,2026-09-19 04:20:04.825950,0,0,0,12
8,2026-09-19 04:20:04.825950,4,3,1,9
1,2026-09-19 05:20:04.825950,3,2,1,15
2,2026-09-19 05:20:04.825950,5,3,2,10
3,2026-09-19 05:20:04.825950,3,2,1,14
4,2026-09-19 05:20:04.825950,3,2,1,11
5,2026-09-19 05:20:04.825950,5,4,1,9
6,2026-09-19 05:20:04.825950,4,3,1,15
7,2026-09-19 05:20:04.825950,0,0,0,14
8,2026-09-19 05:20:04.825950,0,0,0,9
1,2026-09-19 06:20:04.825950,5,3,2,10
2,2026-09-19 06:20:04.825950,5,3,2,11
3,2026-09-19 06:20:04.825950,3,2,1,14
4,2026-09-19 06:20:04.825950,1,0,1,15
5,2026-09-19 06:20:04.825950,5,4,1,6
6,2026-09-19 06:20:04.825950,1,0,1,11
7,2026-09-19 06:20:04.825950,4,3,1,14
8,2026-09-19 06:20:04.825950,3,2,1,12
1,2026-09-19 07:20:04.825950,29,23,6,23
2,2026-09-19 07:20:04.825950,1,0,1,11
3,2026-09-19 07:20:04.825950,1,0,1,12
4,2026-09-19 07:20:04.825950,3,2,1,12
5,2026-09-19 07:20:04.825950,0,0,0,6
6,2026-09-19 07:20:04.825950,0,0,0,8
7,2026-09-19 07:20:04.825950,2,1,1,13
8,2026-09-19 07:20:04.825950,4,3,1,7
1,2026-09-19 08:20:04.825950,21,16,5,16
2,2026-09-19 08:20:04.825950,1,0,1,7
3,2026-09-19 08:20:04.825950,1,0,1,8
4,2026-09-19 08:20:04.825950,0,0,0,8
5,2026-09-19 08:20:04.825950,4,3,1,8
6,2026-09-19 08:20:04.825950,2,1,1,5
7,2026-09-19 08:20:04.825950,3,2,1,5
8,2026-09-19 08:20:04.825950,3,2,1,9
1,2026-09-19 09:20:04.825950,27,22,5,22
2,2026-09-19 09:20:04.825950,3,2,1,15
3,2026-09-19 09:20:04.825950,1,0,1,12
4,2026-09-19 09:20:04.825950,4,3,1,10
5,2026-09-19 09:20:04.825950,1,0,1,6
6,2026-09-19 09:20:04.825950,1,0,1,8
7,2026-09-19 09:20:04.825950,3,2,1,5
8,2026-09-19 09:20:04.825950,0,0,0,9
1,2026-09-19 10:20:04.825950,2,1,1,13
2,2026-09-19 10:20:04.825950,2,1,1,12
3,2026-09-19 10:20:04.825950,2,1,1,6
4,2026-09-19 10:20:04.825950,4,3,1,13
5,2026-09-19 10:20:04.825950,0,0,0,10
6,2026-09-19 10:20:04.825950,2,1,1,7
7,2026-09-19 10:20:04.825950,4,3,1,10
8,2026-09-19 10:20:04.825950,1,0,1,11
1,2026-09-19 11:20:04.825950,2,1,1,10
2,2026-09-19 11:20:04.825950,2,1,1,12
3,2026-09-19 11:20:04.825950,4,3,1,11
4,2026-09-19 11:20:04.825950,22,18,4,18
5,2026-09-19 11:20:04.825950,4,3,1,15
6,2026-09-19 11:20:04.825950,1,0,1,14
7,2026-09-19 11:20:04.825950,1,0,1,8
8,2026-09-19 11:20:04.825950,0,0,0,5
1,2026-09-19 12:20:04.825950,0,0,0,10
2,2026-09-19 12:20:04.825950,4,3,1,11
3,2026-09-19 12:20:04.825950,1,0,1,14
4,2026-09-19 12:20:04.825950,17,13,4,13
5,2026-09-19 12:20:04.825950,4,3,1,12
6,2026-09-19 12:20:04.825950,1,0,1,13
7,2026-09-19 12:20:04.825950,3,2,1,6
8,2026-09-19 12:20:04.825950,2,1,1,9
1,2026-09-19 13:20:04.825950,4,3,1,11
2,2026-09-19 13:20:04.825950,1,0,1,6
3,2026-09-19 13:20:04.825950,3,2,1,14
4,2026-09-19 13:20:04.825950,17,12,5,12
5,2026-09-19 13:20:04.825950,0,0,0,7
6,2026-09-19 13:20:04.825950,4,3,1,5
7,2026-09-19 13:20:04.825950,3,2,1,10
8,2026-09-19 13:20:04.825950,0,0,0,7
1,2026-09-19 14:20:04.825950,4,3,1,10
2,2026-09-19 14:20:04.825950,5,3,2,5
3,2026-09-19 14:20:04.825950,1,0,1,15
4,2026-09-19 14:20:04.825950,0,0,0,12
5,2026-09-19 14:20:04.825950,2,1,1,9
6,2026-09-19 14:20:04.825950,0,0,0,13
7,2026-09-19 14:20:04.825950,3,2,1,15
8,2026-09-19 14:20:04.825950,5,3,2,9
1,2026-09-19 15:20:04.825950,3,2,1,12
2,2026-09-19 15:20:04.825950,2,1,1,5
3,2026-09-19 15:20:04.825950,0,0,0,11
4,2026-09-19 15:20:04.825950,5,4,1,12
5,2026-09-19 15:20:04.825950,2,1,1,5
6,2026-09-19 15:20:04.825950,1,0,1,11
7,2026-09-19 15:20:04.825950,0,0,0,10
8,2026-09-19 15:20:04.825950,2,1,1,8
1,2026-09-19 16:20:04.825950,1,0,1,10
2,2026-09-19 16:20:04.825950,4,3,1,7
3,2026-09-19 16:20:04.825950,1,0,1,8
4,2026-09-19 16:20:04.825950,3,2,1,15
5,2026-09-19 16:20:04.825950,0,0,0,6
6,2026-09-19 16:20:04.825950,2,1,1,14
7,2026-09-19 16:20:04.825950,1,0,1,11
8,2026-09-19 16:20:04.825950,3,2,1,15
1,2026-09-19 17:20:04.825950,29,23,6,23
2,2026-09-19 17:20:04.825950,4,3,1,5
3,2026-09-19 17:20:04.825950,0,0,0,6
4,2026-09-19 17:20:04.825950,4,3,1,14
5,2026-09-19 17:20:04.825950,3,2,1,5
6,2026-09-19 17:20:04.825950,4,2,2,6
7,2026-09-19 17:20:04.825950,4,2,2,6
8,2026-09-19 17:20:04.825950,4,2,2,10
1,2026-09-19 18:20:04.825950,23,17,6,17
2,2026-09-19 18:20:04.825950,4,3,1,5
3,2026-09-19 18:20:04.825950,2,1,1,8
4,2026-09-19 18:20:04.825950,22,16,6,16
5,2026-09-19 18:20:04.825950,4,3,1,10
6,2026-09-19 18:20:04.825950,4,3,1,15
7,2026-09-19 18:20:04.825950,2,1,1,6
8,2026-09-19 18:20:04.825950,0,0,0,8
1,2026-09-19 19:20:04.825950,33,23,10,23
2,2026-09-19 19:20:04.825950,1,0,1,12
3,2026-09-19 19:20:04.825950,2,1,1,12
4,2026-09-19 19:20:04.825950,13,11,2,11
5,2026-09-19 19:20:04.825950,1,0,1,12
6,2026-09-19 19:20:04.825950,1,0,1,7
7,2026-09-19 19:20:04.825950,3,2,1,14
8,2026-09-19 19:20:04.825950,0,0,0,13
1,2026-09-19 20:20:04.825950,18,13,5,15
2,2026-09-19 20:20:04.825950,4,3,1,12
3,2026-09-19 20:20:04.825950,5,3,2,15
4,2026-09-19 20:20:04.825950,20,15,5,15
5,2026-09-19 20:20:04.825950,2,1,1,9
6,2026-09-19 20:20:04.825950,1,0,1,10
7,2026-09-19 20:20:04.825950,2,1,1,12
8,2026-09-19 20:20:04.825950,4,3,1,14
1,2026-09-19 21:20:04.825950,3,2,1,6
2,2026-09-19 21:20:04.825950,2,1,1,9
3,2026-09-19 21:20:04.825950,1,0,1,15
4,2026-09-19 21:20:04.825950,15,13,2,14
5,2026-09-19 21:20:04.825950,4,2,2,8
6,2026-09-19 21:20:04.825950,2,1,1,15
7,2026-09-19 21:20:04.825950,0,0,0,7
8,2026-09-19 21:20:04.825950,2,1,1,11
1,2026-09-19 22:20:04.825950,0,0,0,5
2,2026-09-19 22:20:04.825950,4,3,1,14
3,2026-09-19 22:20:04.825950,0,0,0,10
4,2026-09-19 22:20:04.825950,3,2,1,11
5,2026-09-19 22:20:04.825950,1,0,1,7
6,2026-09-19 22:20:04.825950,3,2,1,7
7,2026-09-19 22:20:04.825950,1,0,1,14
8,2026-09-19 22:20:04.825950,1,0,1,8
1,2026-09-19 23:20:04.825950,3,2,1,8
2,2026-09-19 23:20:04.825950,0,0,0,6
3,2026-09-19 23:20:04.825950,5,4,1,15
4,2026-09-19 23:20:04.825950,0,0,0,15
5,2026-09-19 23:20:04.825950,2,1,1,8
6,2026-09-19 23:20:04.825950,0,0,0,6
7,2026-09-19 23:20:04.825950,3,2,1,7
8,2026-09-19 23:20:04.825950,3,2,1,6
1,2026-09-20 00:20:04.825950,2,1,1,10
2,2026-09-20 00:20:04.825950,3,2,1,5
3,2026-09-20 00:20:04.825950,0,0,0,13
4,2026-09-20 00:20:04.825950,2,1,1,14
5,2026-09-20 00:20:04.825950,1,0,1,10
6,2026-09-20 00:20:04.825950,4,3,1,9
7,2026-09-20 00:20:04.825950,3,2,1,7
8,2026-09-20 00:20:04.825950,1,0,1,15
1,2026-09-20 01:20:04.825950,1,0,1,15
2,2026-09-20 01:20:04.825950,2,1,1,15
3,2026-09-20 01:20:04.825950,3,2,1,12
4,2026-09-20 01:20:04.825950,3,2,1,6
5,2026-09-20 01:20:04.825950,2,1,1,14
6,2026-09-20 01:20:04.825950,0,0,0,7
7,2026-09-20 01:20:04.825950,3,2,1,7
8,2026-09-20 01:20:04.825950,5,3,2,8
1,2026-09-20 02:20:04.825950,3,2,1,5
2,2026-09-20 02:20:04.825950,5,3,2,14
3,2026-09-20 02:20:04.825950,4,2,2,5
4,2026-09-20 02:20:04.825950,5,4,1,5
5,2026-09-20 02:20:04.825950,3,2,1,12
6,2026-09-20 02:20:04.825950,3,2,1,15
7,2026-09-20 02:20:04.825950,2,1,1,12
8,2026-09-20 02:20:04.825950,4,3,1,10
1,2026-09-20 03:20:04.825950,2,1,1,5
2,2026-09-20 03:20:04.825950,5,4,1,7
3,2026-09-20 03:20:04.825950,5,3,2,11
4,2026-09-20 03:20:04.825950,4,3,1,7
5,2026-09-20 03:20:04.825950,5,4,1,5
6,2026-09-20 03:20:04.825950,5,3,2,10
7,2026-09-20 03:20:04.825950,2,1,1,8
8,2026-09-20 03:20:04.825950,4,2,2,8
