passenger_id,rider_id,pickup_lat,pickup_lng,pickup_address,drop_lat,drop_lng,drop_address,pickup_zone_id,drop_zone_id,status,base_fare,distance_charge,surge_charge,total_fare,distance_km,commission_amount,payment_method,requested_at,completed_at
1,2,30.4805,76.5885,Model Town Gate,30.4905,76.5855,College Main Gate,5,3,completed,30.0,35.0,0.0,65.0,3.5,7.8,simulated_upi,2026-09-15 08:15:04.825950,2026-09-15 08:27:04.825950
1,2,30.4805,76.5885,Model Town Gate,30.4905,76.5855,College Main Gate,5,3,completed,30.0,35.0,0.0,65.0,3.5,7.8,simulated_upi,2026-08-31 08:25:04.825950,2026-08-31 08:37:04.825950
1,2,30.4805,76.5885,Model Town Gate,30.4905,76.5855,College Main Gate,5,3,completed,30.0,35.0,0.0,65.0,3.5,7.8,simulated_upi,2026-09-16 08:17:04.825950,2026-09-16 08:29:04.825950
1,2,30.4805,76.5885,Model Town Gate,30.4905,76.5855,College Main Gate,5,3,completed,30.0,35.0,0.0,65.0,3.5,7.8,simulated_upi,2026-07-28 08:20:04.825950,2026-07-28 08:32:04.825950
1,2,30.4805,76.5885,Model Town Gate,30.4905,76.5855,College Main Gate,5,3,completed,30.0,35.0,0.0,65.0,3.5,7.8,simulated_upi,2026-08-19 08:24:04.825950,2026-08-19 08:36:04.825950
1,2,30.4805,76.5885,Model Town Gate,30.4905,76.5855,College Main Gate,5,3,completed,30.0,35.0,0.0,65.0,3.5,7.8,simulated_upi,2026-08-24 08:16:04.825950,2026-08-24 08:28:04.825950
1,2,30.4805,76.5885,Model Town Gate,30.4905,76.5855,College Main Gate,5,3,completed,30.0,35.0,0.0,65.0,3.5,7.8,simulated_upi,2026-08-13 08:17:04.825950,2026-08-13 08:29:04.825950
1,2,30.4805,76.5885,Model Town Gate,30.4905,76.5855,College Main Gate,5,3,completed,30.0,35.0,0.0,65.0,3.5,7.8,simulated_upi,2026-08-11 08:13:04.825950,2026-08-11 08:25:04.825950
1,2,30.4805,76.5885,Model Town Gate,30.4905,76.5855,College Main Gate,5,3,completed,30.0,35.0,0.0,65.0,3.5,7.8,simulated_upi,2026-08-26 08:17:04.825950,2026-08-26 08:29:04.825950
1,9,30.48,76.59,Random Pick,30.49,76.6,Random Drop,1,4,completed,30.0,15.0,0.0,45.0,1.5,5.4,cash,2026-08-16 03:20:04.825950,2026-08-16 03:33:04.825950
1,5,30.48,76.59,Random Pick,30.49,76.6,Random Drop,4,1,completed,30.0,15.0,0.0,45.0,1.5,5.4,cash,2026-08-24 04:20:04.825950,2026-08-24 04:30:04.825950
1,6,30.48,76.59,Random Pick,30.49,76.6,Random Drop,7,2,completed,30.0,15.0,0.0,45.0,1.5,5.4,cash,2026-08-14 18:20:04.825950,2026-08-14 18:30:04.825950
1,9,30.48,76.59,Random Pick,30.49,76.6,Random Drop,5,5,completed,30.0,15.0,0.0,45.0,1.5,5.4,cash,2026-08-08 03:20:04.825950,2026-08-08 03:25:04.825950
1,5,30.48,76.59,Random Pick,30.49,76.6,Random Drop,6,8,completed,30.0,15.0,0.0,45.0,1.5,5.4,cash,2026-09-18 04:20:04.825950,2026-09-18 04:30:04.825950
1,5,30.48,76.59,Random Pick,30.49,76.6,Random Drop,4,6,completed,30.0,15.0,0.0,45.0,1.5,5.4,cash,2026-07-30 19:20:04.825950,2026-07-30 19:26:04.825950
1,8,30.48,76.59,Random Pick,30.49,76.6,Random Drop,2,1,completed,30.0,15.0,0.0,45.0,1.5,5.4,cash,2026-08-22 18:20:04.825950,2026-08-22 18:29:04.825950
1,7,30.48,76.59,Random Pick,30.49,76.6,Random Drop,3,2,completed,30.0,15.0,0.0,45.0,1.5,5.4,cash,2026-08-16 08:20:04.825950,2026-08-16 08:25:04.825950
1,7,30.48,76.59,Random Pick,30.49,76.6,Random Drop,2,6,completed,30.0,15.0,0.0,45.0,1.5,5.4,cash,2026-09-05 17:20:04.825950,2026-09-05 17:35:04.825950
1,2,30.48,76.59,Random Pick,30.49,76.6,Random Drop,8,5,completed,30.0,15.0,0.0,45.0,1.5,5.4,cash,2026-09-09 17:20:04.825950,2026-09-09 17:26:04.825950
1,4,30.48,76.59,Random Pick,30.49,76.6,Random Drop,3,5,completed,30.0,15.0,0.0,45.0,1.5,5.4,cash,2026-08-18 10:20:04.825950,2026-08-18 10:35:04.825950
1,3,30.48,76.59,Random Pick,30.49,76.6,Random Drop,5,2,completed,30.0,15.0,0.0,45.0,1.5,5.4,cash,2026-08-28 16:20:04.825950,2026-08-28 16:30:04.825950
1,3,30.48,76.59,Random Pick,30.49,76.6,Random Drop,6,3,completed,30.0,15.0,0.0,45.0,1.5,5.4,cash,2026-08-26 19:20:04.825950,2026-08-26 19:35:04.825950
1,9,30.48,76.59,Random Pick,30.49,76.6,Random Drop,1,2,completed,30.0,15.0,0.0,45.0,1.5,5.4,cash,2026-08-14 23:20:04.825950,2026-08-14 23:27:04.825950
1,2,30.48,76.59,Random Pick,30.49,76.6,Random Drop,6,6,completed,30.0,15.0,0.0,45.0,1.5,5.4,cash,2026-08-16 09:20:04.825950,2026-08-16 09:32:04.825950
1,3,30.48,76.59,Random Pick,30.49,76.6,Random Drop,5,8,completed,30.0,15.0,0.0,45.0,1.5,5.4,cash,2026-08-21 14:20:04.825950,2026-08-21 14:28:04.825950
1,7,30.48,76.59,Random Pick,30.49,76.6,Random Drop,8,6,completed,30.0,15.0,0.0,45.0,1.5,5.4,cash,2026-08-23 13:20:04.825950,2026-08-23 13:40:04.825950
1,8,30.48,76.59,Random Pick,30.49,76.6,Random Drop,7,4,completed,30.0,15.0,0.0,45.0,1.5,5.4,cash,2026-08-05 11:20:04.825950,2026-08-05 11:30:04.825950
1,6,30.48,76.59,Random Pick,30.49,76.6,Random Drop,3,7,completed,30.0,15.0,0.0,45.0,1.5,5.4,cash,2026-09-08 01:20:04.825950,2026-09-08 01:32:04.825950
1,3,30.48,76.59,Random Pick,30.49,76.6,Random Drop,7,7,completed,30.0,15.0,0.0,45.0,1.5,5.4,cash,2026-07-27 14:20:04.825950,2026-07-27 14:29:04.825950
1,8,30.48,76.59,Random Pick,30.49,76.6,Random Drop,6,4,completed,30.0,15.0,0.0,45.0,1.5,5.4,cash,2026-08-01 11:20:04.825950,2026-08-01 11:35:04.825950
1,2,30.48,76.59,Random Pick,30.49,76.6,Random Drop,1,8,completed,30.0,15.0,0.0,45.0,1.5,5.4,cash,2026-08-06 08:20:04.825950,2026-08-06 08:38:04.825950
1,2,30.48,76.59,Random Pick,30.49,76.6,Random Drop,6,5,completed,30.0,15.0,0.0,45.0,1.5,5.4,cash,2026-08-01 08:20:04.825950,2026-08-01 08:29:04.825950
1,8,30.48,76.59,Random Pick,30.49,76.6,Random Drop,6,6,completed,30.0,15.0,0.0,45.0,1.5,5.4,cash,2026-07-30 19:20:04.825950,2026-07-30 19:38:04.825950
1,9,30.48,76.59,Random Pick,30.49,76.6,Random Drop,8,2,completed,30.0,15.0,0.0,45.0,1.5,5.4,cash,2026-09-14 22:20:04.825950,2026-09-14 22:34:04.825950
1,8,30.48,76.59,Random Pick,30.49,76.6,Random Drop,4,1,completed,30.0,15.0,0.0,45.0,1.5,5.4,cash,2026-08-11 07:20:04.825950,2026-08-11 07:26:04.825950
1,3,30.48,76.59,Random Pick,30.49,76.6,Random Drop,1,1,completed,30.0,15.0,0.0,45.0,1.5,5.4,cash,2026-09-14 17:20:04.825950,2026-09-14 17:27:04.825950
1,3,30.48,76.59,Random Pick,30.49,76.6,Random Drop,7,1,completed,30.0,15.0,0.0,45.0,1.5,5.4,cash,2026-08-19 09:20:04.825950,2026-08-19 09:31:04.825950
1,9,30.48,76.59,Random Pick,30.49,76.6,Random Drop,3,2,completed,30.0,15.0,0.0,45.0,1.5,5.4,cash,2026-09-15 07:20:04.825950,2026-09-15 07:31:04.825950
1,8,30.48,76.59,Random Pick,30.49,76.6,Random Drop,5,2,completed,30.0,15.0,0.0,45.0,1.5,5.4,cash,2026-07-29 09:20:04.825950,2026-07-29 09:37:04.825950
1,8,30.48,76.59,Random Pick,30.49,76.6,Random Drop,2,8,completed,30.0,15.0,0.0,45.0,1.5,5.4,cash,2026-08-15 20:20:04.825950,2026-08-15 20:36:04.825950
1,8,30.48,76.59,Random Pick,30.49,76.6,Random Drop,6,1,completed,30.0,15.0,0.0,45.0,1.5,5.4,cash,2026-08-02 16:20:04.825950,2026-08-02 16:36:04.825950
1,8,30.48,76.59,Random Pick,30.49,76.6,Random Drop,1,6,completed,30.0,15.0,0.0,45.0,1.5,5.4,cash,2026-09-17 16:20:04.825950,2026-09-17 16:37:04.825950
1,8,30.48,76.59,Random Pick,30.49,76.6,Random Drop,3,8,completed,30.0,15.0,0.0,45.0,1.5,5.4,cash,2026-09-11 15:20:04.825950,2026-09-11 15:30:04.825950
1,2,30.48,76.59,Random Pick,30.49,76.6,Random Drop,1,8,completed,30.0,15.0,0.0,45.0,1.5,5.4,cash,2026-09-08 20:20:04.825950,2026-09-08 20:29:04.825950
1,2,30.48,76.59,Random Pick,30.49,76.6,Random Drop,3,2,completed,30.0,15.0,0.0,45.0,1.5,5.4,cash,2026-09-05 18:20:04.825950,2026-09-05 18:34:04.825950
1,5,30.48,76.59,Random Pick,30.49,76.6,Random Drop,3,8,completed,30.0,15.0,0.0,45.0,1.5,5.4,cash,2026-09-02 07:20:04.825950,2026-09-02 07:31:04.825950
1,6,30.48,76.59,Random Pick,30.49,76.6,Random Drop,7,1,completed,30.0,15.0,0.0,45.0,1.5,5.4,cash,2026-08-25 03:20:04.825950,2026-08-25 03:39:04.825950
1,2,30.48,76.59,Random Pick,30.49,76.6,Random Drop,4,4,completed,30.0,15.0,0.0,45.0,1.5,5.4,cash,2026-09-08 03:20:04.825950,2026-09-08 03:26:04.825950
1,7,30.48,76.59,Random Pick,30.49,76.6,Random Drop,8,2,completed,30.0,15.0,0.0,45.0,1.5,5.4,cash,2026-08-29 06:20:04.825950,2026-08-29 06:33:04.825950
1,5,30.48,76.59,Random Pick,30.49,76.6,Random Drop,5,7,completed,30.0,15.0,0.0,45.0,1.5,5.4,cash,2026-08-24 16:20:04.825950,2026-08-24 16:39:04.825950
1,8,30.48,76.59,Random Pick,30.49,76.6,Random Drop,5,8,completed,30.0,15.0,0.0,45.0,1.5,5.4,cash,2026-08-01 21:20:04.825950,2026-08-01 21:33:04.825950
1,8,30.48,76.59,Random Pick,30.49,76.6,Random Drop,1,7,completed,30.0,15.0,0.0,45.0,1.5,5.4,cash,2026-09-12 06:20:04.825950,2026-09-12 06:38:04.825950
1,3,30.48,76.59,Random Pick,30.49,76.6,Random Drop,6,6,completed,30.0,15.0,0.0,45.0,1.5,5.4,cash,2026-09-02 11:20:04.825950,2026-09-02 11:40:04.825950
1,8,30.48,76.59,Random Pick,30.49,76.6,Random Drop,2,5,completed,30.0,15.0,0.0,45.0,1.5,5.4,cash,2026-08-03 17:20:04.825950,2026-08-03 17:36:04.825950
1,7,30.48,76.59,Random Pick,30.49,76.6,Random Drop,1,6,completed,30.0,15.0,0.0,45.0,1.5,5.4,cash,2026-08-31 21:20:04.825950,2026-08-31 21:37:04.825950
1,5,30.48,76.59,Random Pick,30.49,76.6,Random Drop,5,2,completed,30.0,15.0,0.0,45.0,1.5,5.4,cash,2026-08-12 19:20:04.825950,2026-08-12 19:26:04.825950
1,5,30.48,76.59,Random Pick,30.49,76.6,Random Drop,8,3,completed,30.0,15.0,0.0,45.0,1.5,5.4,cash,2026-09-17 12:20:04.825950,2026-09-17 12:25:04.825950
1,7,30.48,76.59,Random Pick,30.49,76.6,Random Drop,3,6,completed,30.0,15.0,0.0,45.0,1.5,5.4,cash,2026-07-28 21:20:04.825950,2026-07-28 21:38:04.825950
1,5,30.48,76.59,Random Pick,30.49,76.6,Random Drop,4,8,completed,30.0,15.0,0.0,45.0,1.5,5.4,cash,2026-08-23 09:20:04.825950,2026-08-23 09:40:04.825950
1,2,30.48,76.59,Random Pick,30.49,76.6,Random Drop,4,4,completed,30.0,15.0,0.0,45.0,1.5,5.4,cash,2026-09-05 06:20:04.825950,2026-09-05 06:28:04.825950
1,9,30.48,76.59,Random Pick,30.49,76.6,Random Drop,8,2,completed,30.0,15.0,0.0,45.0,1.5,5.4,cash,2026-08-27 10:20:04.825950,2026-08-27 10:30:04.825950
1,7,30.48,76.59,Random Pick,30.49,76.6,Random Drop,2,5,completed,30.0,15.0,0.0,45.0,1.5,5.4,cash,2026-08-30 14:20:04.825950,2026-08-30 14:40:04.825950
1,3,30.48,76.59,Random Pick,30.49,76.6,Random Drop,1,3,completed,30.0,15.0,0.0,45.0,1.5,5.4,cash,2026-08-08 05:20:04.825950,2026-08-08 05:33:04.825950
1,7,30.48,76.59,Random Pick,30.49,76.6,Random Drop,3,5,completed,30.0,15.0,0.0,45.0,1.5,5.4,cash,2026-07-31 00:20:04.825950,2026-07-31 00:35:04.825950
1,2,30.48,76.59,Random Pick,30.49,76.6,Random Drop,1,6,completed,30.0,15.0,0.0,45.0,1.5,5.4,cash,2026-08-22 12:20:04.825950,2026-08-22 12:34:04.825950
1,2,30.48,76.59,Random Pick,30.49,76.6,Random Drop,1,4,completed,30.0,15.0,0.0,45.0,1.5,5.4,cash,2026-09-14 11:20:04.825950,2026-09-14 11:40:04.825950
1,5,30.48,76.59,Random Pick,30.49,76.6,Random Drop,8,8,completed,30.0,15.0,0.0,45.0,1.5,5.4,cash,2026-08-29 09:20:04.825950,2026-08-29 09:29:04.825950
1,3,30.48,76.59,Random Pick,30.49,76.6,Random Drop,7,7,completed,30.0,15.0,0.0,45.0,1.5,5.4,cash,2026-08-21 13:20:04.825950,2026-08-21 13:31:04.825950
1,6,30.48,76.59,Random Pick,30.49,76.6,Random Drop,4,4,completed,30.0,15.0,0.0,45.0,1.5,5.4,cash,2026-07-27 06:20:04.825950,2026-07-27 06:32:04.825950
1,2,30.48,76.59,Random Pick,30.49,76.6,Random Drop,1,2,completed,30.0,15.0,0.0,45.0,1.5,5.4,cash,2026-07-31 04:20:04.825950,2026-07-31 04:34:04.825950
1,4,30.48,76.59,Random Pick,30.49,76.6,Random Drop,6,5,completed,30.0,15.0,0.0,45.0,1.5,5.4,cash,2026-08-14 04:20:04.825950,2026-08-14 04:32:04.825950
1,6,30.48,76.59,Random Pick,30.49,76.6,Random Drop,8,2,completed,30.0,15.0,0.0,45.0,1.5,5.4,cash,2026-07-27 15:20:04.825950,2026-07-27 15:39:04.825950
1,7,30.48,76.59,Random Pick,30.49,76.6,Random Drop,7,5,completed,30.0,15.0,0.0,45.0,1.5,5.4,cash,2026-09-12 14:20:04.825950,2026-09-12 14:38:04.825950
1,9,30.48,76.59,Random Pick,30.49,76.6,Random Drop,3,4,completed,30.0,15.0,0.0,45.0,1.5,5.4,cash,2026-08-28 04:20:04.825950,2026-08-28 04:36:04.825950
1,4,30.48,76.59,Random Pick,30.49,76.6,Random Drop,7,3,completed,30.0,15.0,0.0,45.0,1.5,5.4,cash,2026-08-03 15:20:04.825950,2026-08-03 15:35:04.825950
1,7,30.48,76.59,Random Pick,30.49,76.6,Random Drop,8,7,completed,30.0,15.0,0.0,45.0,1.5,5.4,cash,2026-08-08 08:20:04.825950,2026-08-08 08:26:04.825950
1,4,30.48,76.59,Random Pick,30.49,76.6,Random Drop,3,4,completed,30.0,15.0,0.0,45.0,1.5,5.4,cash,2026-07-26 11:20:04.825950,2026-07-26 11:26:04.825950
1,6,30.48,76.59,Random Pick,30.49,76.6,Random Drop,4,1,completed,30.0,15.0,0.0,45.0,1.5,5.4,cash,2026-08-06 04:20:04.825950,2026-08-06 04:36:04.825950
1,9,30.48,76.59,Random Pick,30.49,76.6,Random Drop,8,2,completed,30.0,15.0,0.0,45.0,1.5,5.4,cash,2026-08-27 17:20:04.825950,2026-08-27 17:30:04.825950
1,7,30.48,76.59,Random Pick,30.49,76.6,Random Drop,2,1,completed,30.0,15.0,0.0,45.0,1.5,5.4,cash,2026-08-25 19:20:04.825950,2026-08-25 19:33:04.825950
1,2,30.48,76.59,Random Pick,30.49,76.6,Random Drop,3,6,completed,30.0,15.0,0.0,45.0,1.5,5.4,cash,2026-08-03 20:20:04.825950,2026-08-03 20:27:04.825950
1,8,30.48,76.59,Random Pick,30.49,76.6,Random Drop,7,1,completed,30.0,15.0,0.0,45.0,1.5,5.4,cash,2026-08-30 08:20:04.825950,2026-08-30 08:28:04.825950
1,4,30.48,76.59,Random Pick,30.49,76.6,Random Drop,4,8,completed,30.0,15.0,0.0,45.0,1.5,5.4,cash,2026-08-10 11:20:04.825950,2026-08-10 11:34:04.825950
1,2,30.48,76.59,Random Pick,30.49,76.6,Random Drop,8,7,completed,30.0,15.0,0.0,45.0,1.5,5.4,cash,2026-08-18 15:20:04.825950,2026-08-18 15:31:04.825950
1,7,30.48,76.59,Random Pick,30.49,76.6,Random Drop,2,3,completed,30.0,15.0,0.0,45.0,1.5,5.4,cash,2026-08-30 15:20:04.825950,2026-08-30 15:40:04.825950
1,6,30.48,76.59,Random Pick,30.49,76.6,Random Drop,6,5,completed,30.0,15.0,0.0,45.0,1.5,5.4,cash,2026-08-28 11:20:04.825950,2026-08-28 11:34:04.825950
1,4,30.48,76.59,Random Pick,30.49,76.6,Random Drop,1,3,completed,30.0,15.0,0.0,45.0,1.5,5.4,cash,2026-08-08 09:20:04.825950,2026-08-08 09:33:04.825950
1,6,30.48,76.59,Random Pick,30.49,76.6,Random Drop,3,7,completed,30.0,15.0,0.0,45.0,1.5,5.4,cash,2026-09-11 12:20:04.825950,2026-09-11 12:31:04.825950
1,9,30.48,76.59,Random Pick,30.49,76.6,Random Drop,4,4,completed,30.0,15.0,0.0,45.0,1.5,5.4,cash,2026-08-01 03:20:04.825950,2026-08-01 03:39:04.825950
1,7,30.48,76.59,Random Pick,30.49,76.6,Random Drop,5,1,completed,30.0,15.0,0.0,45.0,1.5,5.4,cash,2026-08-01 16:20:04.825950,2026-08-01 16:32:04.825950
1,2,30.48,76.59,Random Pick,30.49,76.6,Random Drop,2,3,completed,30.0,15.0,0.0,45.0,1.5,5.4,cash,2026-08-01 09:20:04.825950,2026-08-01 09:37:04.825950
1,6,30.48,76.59,Random Pick,30.49,76.6,Random Drop,2,2,completed,30.0,15.0,0.0,45.0,1.5,5.4,cash,2026-08-27 14:20:04.825950,2026-08-27 14:32:04.825950
1,2,30.48,76.59,Random Pick,30.49,76.6,Random Drop,7,7,completed,30.0,15.0,0.0,45.0,1.5,5.4,cash,2026-09-13 02:20:04.825950,2026-09-13 02:27:04.825950
1,9,30.48,76.59,Random Pick,30.49,76.6,Random Drop,5,2,completed,30.0,15.0,0.0,45.0,1.5,5.4,cash,2026-07-28 05:20:04.825950,2026-07-28 05:28:04.825950
1,7,30.48,76.59,Random Pick,30.49,76.6,Random Drop,3,7,completed,30.0,15.0,0.0,45.0,1.5,5.4,cash,2026-08-03 19:20:04.825950,2026-08-03 19:29:04.825950
1,8,30.48,76.59,Random Pick,30.49,76.6,Random Drop,8,4,completed,30.0,15.0,0.0,45.0,1.5,5.4,cash,2026-08-21 01:20:04.825950,2026-08-21 01:34:04.825950
1,5,30.48,76.59,Random Pick,30.49,76.6,Random Drop,1,5,completed,30.0,15.0,0.0,45.0,1.5,5.4,cash,2026-07-31 12:20:04.825950,2026-07-31 12:27:04.825950
1,5,30.48,76.59,Random Pick,30.49,76.6,Random Drop,2,2,completed,30.0,15.0,0.0,45.0,1.5,5.4,cash,2026-08-19 02:20:04.825950,2026-08-19 02:28:04.825950
1,6,30.48,76.59,Random Pick,30.49,76.6,Random Drop,2,1,completed,30.0,15.0,0.0,45.0,1.5,5.4,cash,2026-08-04 14:20:04.825950,2026-08-04 14:35:04.825950
1,4,30.48,76.59,Random Pick,30.49,76.6,Random Drop,4,6,completed,30.0,15.0,0.0,45.0,1.5,5.4,cash,2026-08-02 10:20:04.825950,2026-08-02 10:28:04.825950
1,6,30.48,76.59,Random Pick,30.49,76.6,Random Drop,1,5,completed,30.0,15.0,0.0,45.0,1.5,5.4,cash,2026-09-02 02:20:04.825950,2026-09-02 02:39:04.825950
1,8,30.48,76.59,Random Pick,30.49,76.6,Random Drop,6,1,completed,30.0,15.0,0.0,45.0,1.5,5.4,cash,2026-07-29 09:20:04.825950,2026-07-29 09:33:04.825950
1,9,30.48,76.59,Random Pick,30.49,76.6,Random Drop,7,2,completed,30.0,15.0,0.0,45.0,1.5,5.4,cash,2026-07-30 04:20:04.825950,2026-07-30 04:34:04.825950
1,5,30.48,76.59,Random Pick,30.49,76.6,Random Drop,8,2,completed,30.0,15.0,0.0,45.0,1.5,5.4,cash,2026-09-07 01:20:04.825950,2026-09-07 01:25:04.825950
1,6,30.48,76.59,Random Pick,30.49,76.6,Random Drop,2,6,completed,30.0,15.0,0.0,45.0,1.5,5.4,cash,2026-08-12 00:20:04.825950,2026-08-12 00:37:04.825950
1,9,30.48,76.59,Random Pick,30.49,76.6,Random Drop,6,3,completed,30.0,15.0,0.0,45.0,1.5,5.4,cash,2026-08-18 07:20:04.825950,2026-08-18 07:29:04.825950
1,9,30.48,76.59,Random Pick,30.49,76.6,Random Drop,6,5,completed,30.0,15.0,0.0,45.0,1.5,5.4,cash,2026-09-03 04:20:04.825950,2026-09-03 04:26:04.825950
1,2,30.48,76.59,Random Pick,30.49,76.6,Random Drop,5,4,completed,30.0,15.0,0.0,45.0,1.5,5.4,cash,2026-09-02 22:20:04.825950,2026-09-02 22:31:04.825950
1,6,30.48,76.59,Random Pick,30.49,76.6,Random Drop,5,8,completed,30.0,15.0,0.0,45.0,1.5,5.4,cash,2026-09-02 12:20:04.825950,2026-09-02 12:25:04.825950
1,5,30.48,76.59,Random Pick,30.49,76.6,Random Drop,4,2,completed,30.0,15.0,0.0,45.0,1.5,5.4,cash,2026-09-15 16:20:04.825950,2026-09-15 16:32:04.825950
1,3,30.48,76.59,Random Pick,30.49,76.6,Random Drop,5,3,completed,30.0,15.0,0.0,45.0,1.5,5.4,cash,2026-08-28 16:20:04.825950,2026-08-28 16:37:04.825950
1,2,30.48,76.59,Random Pick,30.49,76.6,Random Drop,2,7,completed,30.0,15.0,0.0,45.0,1.5,5.4,cash,2026-08-20 18:20:04.825950,2026-08-20 18:25:04.825950
1,8,30.48,76.59,Random Pick,30.49,76.6,Random Drop,3,8,completed,30.0,15.0,0.0,45.0,1.5,5.4,cash,2026-08-14 06:20:04.825950,2026-08-14 06:36:04.825950
1,2,30.48,76.59,Random Pick,30.49,76.6,Random Drop,2,6,completed,30.0,15.0,0.0,45.0,1.5,5.4,cash,2026-08-15 01:20:04.825950,2026-08-15 01:40:04.825950
1,3,30.48,76.59,Random Pick,30.49,76.6,Random Drop,4,1,completed,30.0,15.0,0.0,45.0,1.5,5.4,cash,2026-08-28 23:20:04.825950,2026-08-28 23:27:04.825950
1,7,30.48,76.59,Random Pick,30.49,76.6,Random Drop,7,5,completed,30.0,15.0,0.0,45.0,1.5,5.4,cash,2026-07-28 09:20:04.825950,2026-07-28 09:38:04.825950
1,7,30.48,76.59,Random Pick,30.49,76.6,Random Drop,3,4,completed,30.0,15.0,0.0,45.0,1.5,5.4,cash,2026-08-03 04:20:04.825950,2026-08-03 04:37:04.825950
1,6,30.48,76.59,Random Pick,30.49,76.6,Random Drop,7,1,completed,30.0,15.0,0.0,45.0,1.5,5.4,cash,2026-07-29 07:20:04.825950,2026-07-29 07:26:04.825950
1,6,30.48,76.59,Random Pick,30.49,76.6,Random Drop,8,7,completed,30.0,15.0,0.0,45.0,1.5,5.4,cash,2026-08-19 02:20:04.825950,2026-08-19 02:39:04.825950
1,8,30.48,76.59,Random Pick,30.49,76.6,Random Drop,5,5,completed,30.0,15.0,0.0,45.0,1.5,5.4,cash,2026-09-15 06:20:04.825950,2026-09-15 06:33:04.825950
1,9,30.48,76.59,Random Pick,30.49,76.6,Random Drop,2,1,completed,30.0,15.0,0.0,45.0,1.5,5.4,cash,2026-09-08 05:20:04.825950,2026-09-08 05:32:04.825950
1,2,30.48,76.59,Random Pick,30.49,76.6,Random Drop,2,1,completed,30.0,15.0,0.0,45.0,1.5,5.4,cash,2026-08-29 17:20:04.825950,2026-08-29 17:39:04.825950
1,3,30.48,76.59,Random Pick,30.49,76.6,Random Drop,1,8,completed,30.0,15.0,0.0,45.0,1.5,5.4,cash,2026-09-04 02:20:04.825950,2026-09-04 02:40:04.825950
1,7,30.48,76.59,Random Pick,30.49,76.6,Random Drop,8,5,completed,30.0,15.0,0.0,45.0,1.5,5.4,cash,2026-08-14 01:20:04.825950,2026-08-14 01:31:04.825950
1,9,30.48,76.59,Random Pick,30.49,76.6,Random Drop,1,2,completed,30.0,15.0,0.0,45.0,1.5,5.4,cash,2026-08-12 08:20:04.825950,2026-08-12 08:28:04.825950
1,3,30.48,76.59,Random Pick,30.49,76.6,Random Drop,8,7,completed,30.0,15.0,0.0,45.0,1.5,5.4,cash,2026-08-01 10:20:04.825950,2026-08-01 10:26:04.825950
1,2,30.48,76.59,Random Pick,30.49,76.6,Random Drop,5,3,completed,30.0,15.0,0.0,45.0,1.5,5.4,cash,2026-07-29 05:20:04.825950,2026-07-29 05:27:04.825950
1,6,30.48,76.59,Random Pick,30.49,76.6,Random Drop,5,2,completed,30.0,15.0,0.0,45.0,1.5,5.4,cash,2026-08-17 23:20:04.825950,2026-08-17 23:36:04.825950
1,9,30.48,76.59,Random Pick,30.49,76.6,Random Drop,7,5,completed,30.0,15.0,0.0,45.0,1.5,5.4,cash,2026-08-23 15:20:04.825950,2026-08-23 15:32:04.825950
1,6,30.48,76.59,Random Pick,30.49,76.6,Random Drop,4,7,completed,30.0,15.0,0.0,45.0,1.5,5.4,cash,2026-08-14 22:20:04.825950,2026-08-14 22:35:04.825950
1,5,30.48,76.59,Random Pick,30.49,76.6,Random Drop,3,2,completed,30.0,15.0,0.0,45.0,1.5,5.4,cash,2026-08-27 01:20:04.825950,2026-08-27 01:40:04.825950
1,5,30.48,76.59,Random Pick,30.49,76.6,Random Drop,4,6,completed,30.0,15.0,0.0,45.0,1.5,5.4,cash,2026-07-28 09:20:04.825950,2026-07-28 09:32:04.825950
1,6,30.48,76.59,Random Pick,30.49,76.6,Random Drop,1,3,completed,30.0,15.0,0.0,45.0,1.5,5.4,cash,2026-07-26 05:20:04.825950,2026-07-26 05:37:04.825950
1,7,30.48,76.59,Random Pick,30.49,76.6,Random Drop,7,4,completed,30.0,15.0,0.0,45.0,1.5,5.4,cash,2026-09-17 14:20:04.825950,2026-09-17 14:37:04.825950
1,9,30.48,76.59,Random Pick,30.49,76.6,Random Drop,8,4,completed,30.0,15.0,0.0,45.0,1.5,5.4,cash,2026-08-04 15:20:04.825950,2026-08-04 15:28:04.825950
1,6,30.48,76.59,Random Pick,30.49,76.6,Random Drop,4,7,completed,30.0,15.0,0.0,45.0,1.5,5.4,cash,2026-09-02 21:20:04.825950,2026-09-02 21:29:04.825950
1,4,30.48,76.59,Random Pick,30.49,76.6,Random Drop,8,4,completed,30.0,15.0,0.0,45.0,1.5,5.4,cash,2026-08-18 10:20:04.825950,2026-08-18 10:36:04.825950
1,7,30.48,76.59,Random Pick,30.49,76.6,Random Drop,7,4,completed,30.0,15.0,0.0,45.0,1.5,5.4,cash,2026-09-09 00:20:04.825950,2026-09-09 00:29:04.825950
1,9,30.48,76.59,Random Pick,30.49,76.6,Random Drop,7,2,completed,30.0,15.0,0.0,45.0,1.5,5.4,cash,2026-09-05 00:20:04.825950,2026-09-05 00:33:04.825950
1,6,30.48,76.59,Random Pick,30.49,76.6,Random Drop,4,4,completed,30.0,15.0,0.0,45.0,1.5,5.4,cash,2026-08-01 19:20:04.825950,2026-08-01 19:28:04.825950
1,9,30.48,76.59,Random Pick,30.49,76.6,Random Drop,7,1,completed,30.0,15.0,0.0,45.0,1.5,5.4,cash,2026-09-05 05:20:04.825950,2026-09-05 05:38:04.825950
1,7,30.48,76.59,Random Pick,30.49,76.6,Random Drop,6,2,completed,30.0,15.0,0.0,45.0,1.5,5.4,cash,2026-07-26 15:20:04.825950,2026-07-26 15:40:04.825950
1,9,30.48,76.59,Random Pick,30.49,76.6,Random Drop,6,3,completed,30.0,15.0,0.0,45.0,1.5,5.4,cash,2026-08-14 15:20:04.825950,2026-08-14 15:28:04.825950
1,4,30.48,76.59,Random Pick,30.49,76.6,Random Drop,7,6,completed,30.0,15.0,0.0,45.0,1.5,5.4,cash,2026-08-05 11:20:04.825950,2026-08-05 11:25:04.825950
1,7,30.48,76.59,Random Pick,30.49,76.6,Random Drop,4,5,completed,30.0,15.0,0.0,45.0,1.5,5.4,cash,2026-08-28 16:20:04.825950,2026-08-28 16:37:04.825950
1,5,30.48,76.59,Random Pick,30.49,76.6,Random Drop,7,8,completed,30.0,15.0,0.0,45.0,1.5,5.4,cash,2026-08-20 22:20:04.825950,2026-08-20 22:25:04.825950
1,7,30.48,76.59,Random Pick,30.49,76.6,Random Drop,5,6,completed,30.0,15.0,0.0,45.0,1.5,5.4,cash,2026-08-03 19:20:04.825950,2026-08-03 19:40:04.825950
1,5,30.48,76.59,Random Pick,30.49,76.6,Random Drop,4,5,completed,30.0,15.0,0.0,45.0,1.5,5.4,cash,2026-07-26 13:20:04.825950,2026-07-26 13:29:04.825950
1,8,30.48,76.59,Random Pick,30.49,76.6,Random Drop,2,7,completed,30.0,15.0,0.0,45.0,1.5,5.4,cash,2026-09-04 16:20:04.825950,2026-09-04 16:29:04.825950
1,4,30.48,76.59,Random Pick,30.49,76.6,Random Drop,6,1,completed,30.0,15.0,0.0,45.0,1.5,5.4,cash,2026-08-26 00:20:04.825950,2026-08-26 00:35:04.825950
1,8,30.48,76.59,Random Pick,30.49,76.6,Random Drop,3,1,completed,30.0,15.0,0.0,45.0,1.5,5.4,cash,2026-07-28 03:20:04.825950,2026-07-28 03:25:04.825950
1,3,30.48,76.59,Random Pick,30.49,76.6,Random Drop,2,1,completed,30.0,15.0,0.0,45.0,1.5,5.4,cash,2026-07-30 05:20:04.825950,2026-07-30 05:27:04.825950
1,3,30.48,76.59,Random Pick,30.49,76.6,Random Drop,7,7,completed,30.0,15.0,0.0,45.0,1.5,5.4,cash,2026-08-23 00:20:04.825950,2026-08-23 00:27:04.825950
1,5,30.48,76.59,Random Pick,30.49,76.6,Random Drop,8,5,completed,30.0,15.0,0.0,45.0,1.5,5.4,cash,2026-09-14 01:20:04.825950,2026-09-14 01:33:04.825950
1,4,30.48,76.59,Random Pick,30.49,76.6,Random Drop,2,2,completed,30.0,15.0,0.0,45.0,1.5,5.4,cash,2026-09-17 07:20:04.825950,2026-09-17 07:32:04.825950
1,4,30.48,76.59,Random Pick,30.49,76.6,Random Drop,1,4,completed,30.0,15.0,0.0,45.0,1.5,5.4,cash,2026-07-26 05:20:04.825950,2026-07-26 05:34:04.825950
1,8,30.48,76.59,Random Pick,30.49,76.6,Random Drop,1,8,completed,30.0,15.0,0.0,45.0,1.5,5.4,cash,2026-08-27 03:20:04.825950,2026-08-27 03:29:04.825950
1,3,30.48,76.59,Random Pick,30.49,76.6,Random Drop,4,1,completed,30.0,15.0,0.0,45.0,1.5,5.4,cash,2026-08-11 21:20:04.825950,2026-08-11 21:33:04.825950
1,9,30.48,76.59,Random Pick,30.49,76.6,Random Drop,2,8,completed,30.0,15.0,0.0,45.0,1.5,5.4,cash,2026-08-17 12:20:04.825950,2026-08-17 12:32:04.825950
1,7,30.48,76.59,Random Pick,30.49,76.6,Random Drop,7,6,completed,30.0,15.0,0.0,45.0,1.5,5.4,cash,2026-09-17 17:20:04.825950,2026-09-17 17:38:04.825950
1,4,30.48,76.59,Random Pick,30.49,76.6,Random Drop,3,2,completed,30.0,15.0,0.0,45.0,1.5,5.4,cash,2026-08-01 02:20:04.825950,2026-08-01 02:29:04.825950
1,8,30.48,76.59,Random Pick,30.49,76.6,Random Drop,1,4,completed,30.0,15.0,0.0,45.0,1.5,5.4,cash,2026-08-07 01:20:04.825950,2026-08-07 01:27:04.825950
1,6,30.48,76.59,Random Pick,30.49,76.6,Random Drop,7,2,completed,30.0,15.0,0.0,45.0,1.5,5.4,cash,2026-09-09 00:20:04.825950,2026-09-09 00:40:04.825950
1,5,30.48,76.59,Random Pick,30.49,76.6,Random Drop,2,1,completed,30.0,15.0,0.0,45.0,1.5,5.4,cash,2026-08-27 22:20:04.825950,2026-08-27 22:29:04.825950
1,6,30.48,76.59,Random Pick,30.49,76.6,Random Drop,7,2,completed,30.0,15.0,0.0,45.0,1.5,5.4,cash,2026-08-11 07:20:04.825950,2026-08-11 07:38:04.825950
1,8,30.48,76.59,Random Pick,30.49,76.6,Random Drop,4,4,completed,30.0,15.0,0.0,45.0,1.5,5.4,cash,2026-09-15 23:20:04.825950,2026-09-15 23:35:04.825950
1,8,30.48,76.59,Random Pick,30.49,76.6,Random Drop,2,8,completed,30.0,15.0,0.0,45.0,1.5,5.4,cash,2026-09-17 12:20:04.825950,2026-09-17 12:38:04.825950
1,5,30.48,76.59,Random Pick,30.49,76.6,Random Drop,1,3,completed,30.0,15.0,0.0,45.0,1.5,5.4,cash,2026-08-18 11:20:04.825950,2026-08-18 11:32:04.825950
1,5,30.48,76.59,Random Pick,30.49,76.6,Random Drop,2,3,completed,30.0,15.0,0.0,45.0,1.5,5.4,cash,2026-09-13 09:20:04.825950,2026-09-13 09:35:04.825950
1,8,30.48,76.59,Random Pick,30.49,76.6,Random Drop,3,8,completed,30.0,15.0,0.0,45.0,1.5,5.4,cash,2026-08-07 01:20:04.825950,2026-08-07 01:28:04.825950
1,5,30.48,76.59,Random Pick,30.49,76.6,Random Drop,7,8,completed,30.0,15.0,0.0,45.0,1.5,5.4,cash,2026-08-10 01:20:04.825950,2026-08-10 01:33:04.825950
1,4,30.48,76.59,Random Pick,30.49,76.6,Random Drop,6,3,completed,30.0,15.0,0.0,45.0,1.5,5.4,cash,2026-09-15 18:20:04.825950,2026-09-15 18:35:04.825950
1,6,30.48,76.59,Random Pick,30.49,76.6,Random Drop,7,5,completed,30.0,15.0,0.0,45.0,1.5,5.4,cash,2026-08-10 21:20:04.825950,2026-08-10 21:34:04.825950
1,5,30.48,76.59,Random Pick,30.49,76.6,Random Drop,5,7,completed,30.0,15.0,0.0,45.0,1.5,5.4,cash,2026-09-08 12:20:04.825950,2026-09-08 12:38:04.825950
1,3,30.48,76.59,Random Pick,30.49,76.6,Random Drop,2,2,completed,30.0,15.0,0.0,45.0,1.5,5.4,cash,2026-09-07 09:20:04.825950,2026-09-07 09:34:04.825950
1,2,30.48,76.59,Random Pick,30.49,76.6,Random Drop,4,7,completed,30.0,15.0,0.0,45.0,1.5,5.4,cash,2026-08-14 02:20:04.825950,2026-08-14 02:33:04.825950
1,7,30.48,76.59,Random Pick,30.49,76.6,Random Drop,1,8,completed,30.0,15.0,0.0,45.0,1.5,5.4,cash,2026-07-28 04:20:04.825950,2026-07-28 04:40:04.825950
1,7,30.48,76.59,Random Pick,30.49,76.6,Random Drop,6,6,completed,30.0,15.0,0.0,45.0,1.5,5.4,cash,2026-08-02 09:20:04.825950,2026-08-02 09:26:04.825950
1,4,30.48,76.59,Random Pick,30.49,76.6,Random Drop,7,8,completed,30.0,15.0,0.0,45.0,1.5,5.4,cash,2026-09-18 18:20:04.825950,2026-09-18 18:40:04.825950
1,4,30.48,76.59,Random Pick,30.49,76.6,Random Drop,1,6,completed,30.0,15.0,0.0,45.0,1.5,5.4,cash,2026-09-16 03:20:04.825950,2026-09-16 03:28:04.825950
1,6,30.48,76.59,Random Pick,30.49,76.6,Random Drop,1,7,completed,30.0,15.0,0.0,45.0,1.5,5.4,cash,2026-08-08 02:20:04.825950,2026-08-08 02:32:04.825950
1,3,30.48,76.59,Random Pick,30.49,76.6,Random Drop,3,7,completed,30.0,15.0,0.0,45.0,1.5,5.4,cash,2026-09-04 01:20:04.825950,2026-09-04 01:30:04.825950
1,2,30.48,76.59,Random Pick,30.49,76.6,Random Drop,7,4,completed,30.0,15.0,0.0,45.0,1.5,5.4,cash,2026-08-28 23:20:04.825950,2026-08-28 23:29:04.825950
1,6,30.48,76.59,Random Pick,30.49,76.6,Random Drop,6,2,completed,30.0,15.0,0.0,45.0,1.5,5.4,cash,2026-08-11 08:20:04.825950,2026-08-11 08:25:04.825950
1,7,30.48,76.59,Random Pick,30.49,76.6,Random Drop,6,8,completed,30.0,15.0,0.0,45.0,1.5,5.4,cash,2026-08-10 01:20:04.825950,2026-08-10 01:39:04.825950
1,5,30.48,76.59,Random Pick,30.49,76.6,Random Drop,8,6,completed,30.0,15.0,0.0,45.0,1.5,5.4,cash,2026-08-14 12:20:04.825950,2026-08-14 12:40:04.825950
1,7,30.48,76.59,Random Pick,30.49,76.6,Random Drop,6,2,completed,30.0,15.0,0.0,45.0,1.5,5.4,cash,2026-09-13 12:20:04.825950,2026-09-13 12:29:04.825950
1,6,30.48,76.59,Random Pick,30.49,76.6,Random Drop,8,2,completed,30.0,15.0,0.0,45.0,1.5,5.4,cash,2026-08-16 20:20:04.825950,2026-08-16 20:27:04.825950
1,5,30.48,76.59,Random Pick,30.49,76.6,Random Drop,8,7,completed,30.0,15.0,0.0,45.0,1.5,5.4,cash,2026-07-31 14:20:04.825950,2026-07-31 14:39:04.825950
1,8,30.48,76.59,Random Pick,30.49,76.6,Random Drop,4,3,completed,30.0,15.0,0.0,45.0,1.5,5.4,cash,2026-07-27 03:20:04.825950,2026-07-27 03:36:04.825950
1,8,30.48,76.59,Random Pick,30.49,76.6,Random Drop,8,2,completed,30.0,15.0,0.0,45.0,1.5,5.4,cash,2026-08-28 15:20:04.825950,2026-08-28 15:28:04.825950
1,6,30.48,76.59,Random Pick,30.49,76.6,Random Drop,6,3,completed,30.0,15.0,0.0,45.0,1.5,5.4,cash,2026-08-08 19:20:04.825950,2026-08-08 19:31:04.825950
1,2,30.48,76.59,Random Pick,30.49,76.6,Random Drop,1,1,completed,30.0,15.0,0.0,45.0,1.5,5.4,cash,2026-08-12 20:20:04.825950,2026-08-12 20:36:04.825950
1,2,30.48,76.59,Random Pick,30.49,76.6,Random Drop,4,3,completed,30.0,15.0,0.0,45.0,1.5,5.4,cash,2026-08-29 01:20:04.825950,2026-08-29 01:30:04.825950
1,4,30.48,76.59,Random Pick,30.49,76.6,Random Drop,5,8,completed,30.0,15.0,0.0,45.0,1.5,5.4,cash,2026-09-17 17:20:04.825950,2026-09-17 17:32:04.825950
1,2,30.48,76.59,Random Pick,30.49,76.6,Random Drop,2,8,completed,30.0,15.0,0.0,45.0,1.5,5.4,cash,2026-08-09 17:20:04.825950,2026-08-09 17:31:04.825950
1,9,30.48,76.59,Random Pick,30.49,76.6,Random Drop,3,4,completed,30.0,15.0,0.0,45.0,1.5,5.4,cash,2026-08-02 05:20:04.825950,2026-08-02 05:38:04.825950
1,7,30.48,76.59,Random Pick,30.49,76.6,Random Drop,5,3,completed,30.0,15.0,0.0,45.0,1.5,5.4,cash,2026-08-25 06:20:04.825950,2026-08-25 06:30:04.825950
1,4,30.48,76.59,Random Pick,30.49,76.6,Random Drop,8,1,completed,30.0,15.0,0.0,45.0,1.5,5.4,cash,2026-07-26 08:20:04.825950,2026-07-26 08:27:04.825950
1,2,30.48,76.59,Random Pick,30.49,76.6,Random Drop,8,5,completed,30.0,15.0,0.0,45.0,1.5,5.4,cash,2026-09-16 18:20:04.825950,2026-09-16 18:29:04.825950
1,6,30.48,76.59,Random Pick,30.49,76.6,Random Drop,8,2,completed,30.0,15.0,0.0,45.0,1.5,5.4,cash,2026-09-10 14:20:04.825950,2026-09-10 14:38:04.825950
1,8,30.48,76.59,Random Pick,30.49,76.6,Random Drop,8,4,completed,30.0,15.0,0.0,45.0,1.5,5.4,cash,2026-08-08 19:20:04.825950,2026-08-08 19:37:04.825950
1,4,30.48,76.59,Random Pick,30.49,76.6,Random Drop,2,6,completed,30.0,15.0,0.0,45.0,1.5,5.4,cash,2026-08-22 23:20:04.825950,2026-08-22 23:36:04.825950
1,2,30.48,76.59,Random Pick,30.49,76.6,Random Drop,2,1,completed,30.0,15.0,0.0,45.0,1.5,5.4,cash,2026-08-23 10:20:04.825950,2026-08-23 10:36:04.825950
1,3,30.48,76.59,Random Pick,30.49,76.6,Random Drop,1,5,completed,30.0,15.0,0.0,45.0,1.5,5.4,cash,2026-08-02 00:20:04.825950,2026-08-02 00:33:04.825950
1,8,30.48,76.59,Random Pick,30.49,76.6,Random Drop,3,3,completed,30.0,15.0,0.0,45.0,1.5,5.4,cash,2026-08-06 02:20:04.825950,2026-08-06 02:31:04.825950
1,5,30.48,76.59,Random Pick,30.49,76.6,Random Drop,1,7,completed,30.0,15.0,0.0,45.0,1.5,5.4,cash,2026-07-30 04:20:04.825950,2026-07-30 04:25:04.825950
1,4,30.48,76.59,Random Pick,30.49,76.6,Random Drop,3,4,completed,30.0,15.0,0.0,45.0,1.5,5.4,cash,2026-09-02 16:20:04.825950,2026-09-02 16:35:04.825950
1,5,30.48,76.59,Random Pick,30.49,76.6,Random Drop,3,1,completed,30.0,15.0,0.0,45.0,1.5,5.4,cash,2026-07-29 09:20:04.825950,2026-07-29 09:31:04.825950
1,6,30.48,76.59,Random Pick,30.49,76.6,Random Drop,3,4,completed,30.0,15.0,0.0,45.0,1.5,5.4,cash,2026-08-18 07:20:04.825950,2026-08-18 07:39:04.825950
1,3,30.48,76.59,Random Pick,30.49,76.6,Random Drop,4,7,completed,30.0,15.0,0.0,45.0,1.5,5.4,cash,2026-08-23 08:20:04.825950,2026-08-23 08:29:04.825950
1,3,30.48,76.59,Random Pick,30.49,76.6,Random Drop,1,7,completed,30.0,15.0,0.0,45.0,1.5,5.4,cash,2026-09-11 22:20:04.825950,2026-09-11 22:37:04.825950
1,8,30.48,76.59,Random Pick,30.49,76.6,Random Drop,2,7,completed,30.0,15.0,0.0,45.0,1.5,5.4,cash,2026-08-13 23:20:04.825950,2026-08-13 23:37:04.825950
1,6,30.48,76.59,Random Pick,30.49,76.6,Random Drop,8,1,completed,30.0,15.0,0.0,45.0,1.5,5.4,cash,2026-09-11 18:20:04.825950,2026-09-11 18:32:04.825950
1,6,30.48,76.59,Random Pick,30.49,76.6,Random Drop,1,6,completed,30.0,15.0,0.0,45.0,1.5,5.4,cash,2026-08-12 17:20:04.825950,2026-08-12 17:33:04.825950
1,2,30.48,76.59,Random Pick,30.49,76.6,Random Drop,2,7,completed,30.0,15.0,0.0,45.0,1.5,5.4,cash,2026-08-16 16:20:04.825950,2026-08-16 16:28:04.825950
1,6,30.48,76.59,Random Pick,30.49,76.6,Random Drop,7,8,completed,30.0,15.0,0.0,45.0,1.5,5.4,cash,2026-09-01 07:20:04.825950,2026-09-01 07:25:04.825950
1,6,30.48,76.59,Random Pick,30.49,76.6,Random Drop,5,6,completed,30.0,15.0,0.0,45.0,1.5,5.4,cash,2026-07-28 17:20:04.825950,2026-07-28 17:25:04.825950
1,3,30.48,76.59,Random Pick,30.49,76.6,Random Drop,6,8,completed,30.0,15.0,0.0,45.0,1.5,5.4,cash,2026-08-03 15:20:04.825950,2026-08-03 15:38:04.825950
1,8,30.48,76.59,Random Pick,30.49,76.6,Random Drop,3,3,completed,30.0,15.0,0.0,45.0,1.5,5.4,cash,2026-08-20 16:20:04.825950,2026-08-20 16:25:04.825950
1,6,30.48,76.59,Random Pick,30.49,76.6,Random Drop,3,2,completed,30.0,15.0,0.0,45.0,1.5,5.4,cash,2026-09-14 03:20:04.825950,2026-09-14 03:28:04.825950
1,7,30.48,76.59,Random Pick,30.49,76.6,Random Drop,1,1,completed,30.0,15.0,0.0,45.0,1.5,5.4,cash,2026-08-25 17:20:04.825950,2026-08-25 17:38:04.825950
1,3,30.48,76.59,Random Pick,30.49,76.6,Random Drop,7,4,completed,30.0,15.0,0.0,45.0,1.5,5.4,cash,2026-09-16 15:20:04.825950,2026-09-16 15:28:04.825950
1,7,30.48,76.59,Random Pick,30.49,76.6,Random Drop,3,6,completed,30.0,15.0,0.0,45.0,1.5,5.4,cash,2026-08-23 06:20:04.825950,2026-08-23 06:30:04.825950
1,4,30.48,76.59,Random Pick,30.49,76.6,Random Drop,3,1,completed,30.0,15.0,0.0,45.0,1.5,5.4,cash,2026-08-15 23:20:04.825950,2026-08-15 23:35:04.825950
1,9,30.48,76.59,Random Pick,30.49,76.6,Random Drop,4,8,completed,30.0,15.0,0.0,45.0,1.5,5.4,cash,2026-09-07 01:20:04.825950,2026-09-07 01:34:04.825950
1,6,30.48,76.59,Random Pick,30.49,76.6,Random Drop,6,1,completed,30.0,15.0,0.0,45.0,1.5,5.4,cash,2026-08-15 04:20:04.825950,2026-08-15 04:34:04.825950
1,4,30.48,76.59,Random Pick,30.49,76.6,Random Drop,7,6,completed,30.0,15.0,0.0,45.0,1.5,5.4,cash,2026-09-06 12:20:04.825950,2026-09-06 12:31:04.825950
1,2,30.48,76.59,Random Pick,30.49,76.6,Random Drop,6,2,completed,30.0,15.0,0.0,45.0,1.5,5.4,cash,2026-09-14 23:20:04.825950,2026-09-14 23:27:04.825950
1,4,30.48,76.59,Random Pick,30.49,76.6,Random Drop,6,6,completed,30.0,15.0,0.0,45.0,1.5,5.4,cash,2026-08-05 00:20:04.825950,2026-08-05 00:35:04.825950
1,4,30.48,76.59,Random Pick,30.49,76.6,Random Drop,7,8,completed,30.0,15.0,0.0,45.0,1.5,5.4,cash,2026-09-07 08:20:04.825950,2026-09-07 08:39:04.825950
1,8,30.48,76.59,Random Pick,30.49,76.6,Random Drop,3,1,completed,30.0,15.0,0.0,45.0,1.5,5.4,cash,2026-09-10 11:20:04.825950,2026-09-10 11:32:04.825950
1,6,30.48,76.59,Random Pick,30.49,76.6,Random Drop,8,1,completed,30.0,15.0,0.0,45.0,1.5,5.4,cash,2026-08-02 03:20:04.825950,2026-08-02 03:32:04.825950
1,7,30.48,76.59,Random Pick,30.49,76.6,Random Drop,5,1,completed,30.0,15.0,0.0,45.0,1.5,5.4,cash,2026-07-27 19:20:04.825950,2026-07-27 19:40:04.825950
1,3,30.48,76.59,Random Pick,30.49,76.6,Random Drop,7,5,completed,30.0,15.0,0.0,45.0,1.5,5.4,cash,2026-08-05 04:20:04.825950,2026-08-05 04:29:04.825950
1,7,30.48,76.59,Random Pick,30.49,76.6,Random Drop,4,6,completed,30.0,15.0,0.0,45.0,1.5,5.4,cash,2026-08-10 07:20:04.825950,2026-08-10 07:34:04.825950
1,2,30.48,76.59,Random Pick,30.49,76.6,Random Drop,3,6,completed,30.0,15.0,0.0,45.0,1.5,5.4,cash,2026-08-26 05:20:04.825950,2026-08-26 05:36:04.825950
1,9,30.48,76.59,Random Pick,30.49,76.6,Random Drop,7,6,completed,30.0,15.0,0.0,45.0,1.5,5.4,cash,2026-09-12 05:20:04.825950,2026-09-12 05:39:04.825950
1,3,30.48,76.59,Random Pick,30.49,76.6,Random Drop,2,4,completed,30.0,15.0,0.0,45.0,1.5,5.4,cash,2026-09-06 10:20:04.825950,2026-09-06 10:39:04.825950
1,2,30.48,76.59,Random Pick,30.49,76.6,Random Drop,4,5,completed,30.0,15.0,0.0,45.0,1.5,5.4,cash,2026-09-14 16:20:04.825950,2026-09-14 16:35:04.825950
1,4,30.48,76.59,Random Pick,30.49,76.6,Random Drop,7,8,completed,30.0,15.0,0.0,45.0,1.5,5.4,cash,2026-09-04 00:20:04.825950,2026-09-04 00:33:04.825950
1,3,30.48,76.59,Random Pick,30.49,76.6,Random Drop,2,7,completed,30.0,15.0,0.0,45.0,1.5,5.4,cash,2026-08-22 20:20:04.825950,2026-08-22 20:25:04.825950
1,9,30.48,76.59,Random Pick,30.49,76.6,Random Drop,6,1,completed,30.0,15.0,0.0,45.0,1.5,5.4,cash,2026-09-11 00:20:04.825950,2026-09-11 00:28:04.825950
1,4,30.48,76.59,Random Pick,30.49,76.6,Random Drop,3,2,completed,30.0,15.0,0.0,45.0,1.5,5.4,cash,2026-08-24 20:20:04.825950,2026-08-24 20:31:04.825950
1,8,30.48,76.59,Random Pick,30.49,76.6,Random Drop,7,1,completed,30.0,15.0,0.0,45.0,1.5,5.4,cash,2026-08-12 07:20:04.825950,2026-08-12 07:25:04.825950
1,6,30.48,76.59,Random Pick,30.49,76.6,Random Drop,4,8,completed,30.0,15.0,0.0,45.0,1.5,5.4,cash,2026-09-07 23:20:04.825950,2026-09-07 23:38:04.825950
1,5,30.48,76.59,Random Pick,30.49,76.6,Random Drop,3,1,completed,30.0,15.0,0.0,45.0,1.5,5.4,cash,2026-08-01 03:20:04.825950,2026-08-01 03:40:04.825950
1,3,30.48,76.59,Random Pick,30.49,76.6,Random Drop,7,2,completed,30.0,15.0,0.0,45.0,1.5,5.4,cash,2026-08-19 02:20:04.825950,2026-08-19 02:32:04.825950
1,4,30.48,76.59,Random Pick,30.49,76.6,Random Drop,8,8,completed,30.0,15.0,0.0,45.0,1.5,5.4,cash,2026-09-12 22:20:04.825950,2026-09-12 22:28:04.825950
1,8,30.48,76.59,Random Pick,30.49,76.6,Random Drop,6,1,completed,30.0,15.0,0.0,45.0,1.5,5.4,cash,2026-09-18 04:20:04.825950,2026-09-18 04:32:04.825950
1,7,30.48,76.59,Random Pick,30.49,76.6,Random Drop,8,3,completed,30.0,15.0,0.0,45.0,1.5,5.4,cash,2026-08-13 03:20:04.825950,2026-08-13 03:36:04.825950
1,3,30.48,76.59,Random Pick,30.49,76.6,Random Drop,7,5,completed,30.0,15.0,0.0,45.0,1.5,5.4,cash,2026-09-18 23:20:04.825950,2026-09-18 23:32:04.825950
1,8,30.48,76.59,Random Pick,30.49,76.6,Random Drop,8,4,completed,30.0,15.0,0.0,45.0,1.5,5.4,cash,2026-09-13 05:20:04.825950,2026-09-13 05:26:04.825950
1,2,30.48,76.59,Random Pick,30.49,76.6,Random Drop,1,8,completed,30.0,15.0,0.0,45.0,1.5,5.4,cash,2026-09-12 15:20:04.825950,2026-09-12 15:32:04.825950
1,6,30.48,76.59,Random Pick,30.49,76.6,Random Drop,5,5,completed,30.0,15.0,0.0,45.0,1.5,5.4,cash,2026-09-06 11:20:04.825950,2026-09-06 11:35:04.825950
1,6,30.48,76.59,Random Pick,30.49,76.6,Random Drop,5,5,completed,30.0,15.0,0.0,45.0,1.5,5.4,cash,2026-09-03 14:20:04.825950,2026-09-03 14:28:04.825950
1,8,30.48,76.59,Random Pick,30.49,76.6,Random Drop,8,3,completed,30.0,15.0,0.0,45.0,1.5,5.4,cash,2026-07-29 19:20:04.825950,2026-07-29 19:38:04.825950
1,7,30.48,76.59,Random Pick,30.49,76.6,Random Drop,7,5,completed,30.0,15.0,0.0,45.0,1.5,5.4,cash,2026-08-06 16:20:04.825950,2026-08-06 16:32:04.825950
1,7,30.48,76.59,Random Pick,30.49,76.6,Random Drop,8,2,completed,30.0,15.0,0.0,45.0,1.5,5.4,cash,2026-08-20 12:20:04.825950,2026-08-20 12:37:04.825950
1,5,30.48,76.59,Random Pick,30.49,76.6,Random Drop,5,6,completed,30.0,15.0,0.0,45.0,1.5,5.4,cash,2026-07-28 18:20:04.825950,2026-07-28 18:31:04.825950
1,2,30.48,76.59,Random Pick,30.49,76.6,Random Drop,6,8,completed,30.0,15.0,0.0,45.0,1.5,5.4,cash,2026-09-16 06:20:04.825950,2026-09-16 06:38:04.825950
1,9,30.48,76.59,Random Pick,30.49,76.6,Random Drop,6,4,completed,30.0,15.0,0.0,45.0,1.5,5.4,cash,2026-08-26 04:20:04.825950,2026-08-26 04:40:04.825950
1,3,30.48,76.59,Random Pick,30.49,76.6,Random Drop,7,7,completed,30.0,15.0,0.0,45.0,1.5,5.4,cash,2026-08-23 06:20:04.825950,2026-08-23 06:40:04.825950
1,5,30.48,76.59,Random Pick,30.49,76.6,Random Drop,5,5,completed,30.0,15.0,0.0,45.0,1.5,5.4,cash,2026-09-09 00:20:04.825950,2026-09-09 00:26:04.825950
1,2,30.48,76.59,Random Pick,30.49,76.6,Random Drop,4,8,completed,30.0,15.0,0.0,45.0,1.5,5.4,cash,2026-09-05 20:20:04.825950,2026-09-05 20:28:04.825950
1,8,30.48,76.59,Random Pick,30.49,76.6,Random Drop,8,2,completed,30.0,15.0,0.0,45.0,1.5,5.4,cash,2026-09-03 21:20:04.825950,2026-09-03 21:31:04.825950
1,2,30.48,76.59,Random Pick,30.49,76.6,Random Drop,1,8,completed,30.0,15.0,0.0,45.0,1.5,5.4,cash,2026-08-22 02:20:04.825950,2026-08-22 02:31:04.825950
1,4,30.48,76.59,Random Pick,30.49,76.6,Random Drop,3,4,completed,30.0,15.0,0.0,45.0,1.5,5.4,cash,2026-08-28 05:20:04.825950,2026-08-28 05:31:04.825950
1,6,30.48,76.59,Random Pick,30.49,76.6,Random Drop,6,1,completed,30.0,15.0,0.0,45.0,1.5,5.4,cash,2026-09-06 21:20:04.825950,2026-09-06 21:32:04.825950
1,7,30.48,76.59,Random Pick,30.49,76.6,Random Drop,7,3,completed,30.0,15.0,0.0,45.0,1.5,5.4,cash,2026-08-11 06:20:04.825950,2026-08-11 06:35:04.825950
1,5,30.48,76.59,Random Pick,30.49,76.6,Random Drop,3,2,completed,30.0,15.0,0.0,45.0,1.5,5.4,cash,2026-07-29 19:20:04.825950,2026-07-29 19:29:04.825950
1,5,30.48,76.59,Random Pick,30.49,76.6,Random Drop,6,3,completed,30.0,15.0,0.0,45.0,1.5,5.4,cash,2026-08-28 15:20:04.825950,2026-08-28 15:39:04.825950
1,7,30.48,76.59,Random Pick,30.49,76.6,Random Drop,6,2,completed,30.0,15.0,0.0,45.0,1.5,5.4,cash,2026-08-15 10:20:04.825950,2026-08-15 10:34:04.825950
1,4,30.48,76.59,Random Pick,30.49,76.6,Random Drop,8,5,completed,30.0,15.0,0.0,45.0,1.5,5.4,cash,2026-09-17 07:20:04.825950,2026-09-17 07:26:04.825950
1,4,30.48,76.59,Random Pick,30.49,76.6,Random Drop,3,4,completed,30.0,15.0,0.0,45.0,1.5,5.4,cash,2026-08-11 04:20:04.825950,2026-08-11 04:33:04.825950
1,3,30.48,76.59,Random Pick,30.49,76.6,Random Drop,8,5,completed,30.0,15.0,0.0,45.0,1.5,5.4,cash,2026-09-05 06:20:04.825950,2026-09-05 06:38:04.825950
1,2,30.48,76.59,Random Pick,30.49,76.6,Random Drop,6,4,completed,30.0,15.0,0.0,45.0,1.5,5.4,cash,2026-09-16 09:20:04.825950,2026-09-16 09:36:04.825950
1,7,30.48,76.59,Random Pick,30.49,76.6,Random Drop,6,8,completed,30.0,15.0,0.0,45.0,1.5,5.4,cash,2026-08-21 21:20:04.825950,2026-08-21 21:26:04.825950
1,2,30.48,76.59,Random Pick,30.49,76.6,Random Drop,1,7,completed,30.0,15.0,0.0,45.0,1.5,5.4,cash,2026-08-07 19:20:04.825950,2026-08-07 19:28:04.825950
1,3,30.48,76.59,Random Pick,30.49,76.6,Random Drop,5,4,completed,30.0,15.0,0.0,45.0,1.5,5.4,cash,2026-09-04 06:20:04.825950,2026-09-04 06:38:04.825950
1,7,30.48,76.59,Random Pick,30.49,76.6,Random Drop,5,5,completed,30.0,15.0,0.0,45.0,1.5,5.4,cash,2026-08-21 12:20:04.825950,2026-08-21 12:40:04.825950
1,4,30.48,76.59,Random Pick,30.49,76.6,Random Drop,2,2,completed,30.0,15.0,0.0,45.0,1.5,5.4,cash,2026-08-28 13:20:04.825950,2026-08-28 13:32:04.825950
1,4,30.48,76.59,Random Pick,30.49,76.6,Random Drop,2,8,completed,30.0,15.0,0.0,45.0,1.5,5.4,cash,2026-09-15 01:20:04.825950,2026-09-15 01:25:04.825950
1,2,30.48,76.59,Random Pick,30.49,76.6,Random Drop,6,8,completed,30.0,15.0,0.0,45.0,1.5,5.4,cash,2026-08-30 20:20:04.825950,2026-08-30 20:37:04.825950
1,4,30.48,76.59,Random Pick,30.49,76.6,Random Drop,3,3,completed,30.0,15.0,0.0,45.0,1.5,5.4,cash,2026-08-03 22:20:04.825950,2026-08-03 22:32:04.825950
1,7,30.48,76.59,Random Pick,30.49,76.6,Random Drop,1,7,completed,30.0,15.0,0.0,45.0,1.5,5.4,cash,2026-09-20 02:20:04.825950,2026-09-20 02:34:04.825950
1,7,30.48,76.59,Random Pick,30.49,76.6,Random Drop,7,4,completed,30.0,15.0,0.0,45.0,1.5,5.4,cash,2026-08-19 07:20:04.825950,2026-08-19 07:25:04.825950
1,7,30.48,76.59,Random Pick,30.49,76.6,Random Drop,6,6,completed,30.0,15.0,0.0,45.0,1.5,5.4,cash,2026-08-17 00:20:04.825950,2026-08-17 00:35:04.825950
1,2,30.48,76.59,Random Pick,30.49,76.6,Random Drop,6,3,completed,30.0,15.0,0.0,45.0,1.5,5.4,cash,2026-09-13 16:20:04.825950,2026-09-13 16:38:04.825950
1,8,30.48,76.59,Random Pick,30.49,76.6,Random Drop,6,1,completed,30.0,15.0,0.0,45.0,1.5,5.4,cash,2026-08-13 05:20:04.825950,2026-08-13 05:40:04.825950
1,6,30.48,76.59,Random Pick,30.49,76.6,Random Drop,8,4,completed,30.0,15.0,0.0,45.0,1.5,5.4,cash,2026-09-06 15:20:04.825950,2026-09-06 15:32:04.825950
1,9,30.48,76.59,Random Pick,30.49,76.6,Random Drop,3,7,completed,30.0,15.0,0.0,45.0,1.5,5.4,cash,2026-09-19 06:20:04.825950,2026-09-19 06:31:04.825950
1,6,30.48,76.59,Random Pick,30.49,76.6,Random Drop,1,7,completed,30.0,15.0,0.0,45.0,1.5,5.4,cash,2026-09-13 07:20:04.825950,2026-09-13 07:26:04.825950
1,5,30.48,76.59,Random Pick,30.49,76.6,Random Drop,3,7,completed,30.0,15.0,0.0,45.0,1.5,5.4,cash,2026-07-28 14:20:04.825950,2026-07-28 14:37:04.825950
1,2,30.48,76.59,Random Pick,30.49,76.6,Random Drop,7,3,completed,30.0,15.0,0.0,45.0,1.5,5.4,cash,2026-08-07 06:20:04.825950,2026-08-07 06:30:04.825950
1,9,30.48,76.59,Random Pick,30.49,76.6,Random Drop,1,6,completed,30.0,15.0,0.0,45.0,1.5,5.4,cash,2026-08-07 21:20:04.825950,2026-08-07 21:35:04.825950
1,3,30.48,76.59,Random Pick,30.49,76.6,Random Drop,7,8,completed,30.0,15.0,0.0,45.0,1.5,5.4,cash,2026-07-28 02:20:04.825950,2026-07-28 02:26:04.825950
1,2,30.48,76.59,Random Pick,30.49,76.6,Random Drop,8,2,completed,30.0,15.0,0.0,45.0,1.5,5.4,cash,2026-08-31 23:20:04.825950,2026-08-31 23:35:04.825950
1,2,30.48,76.59,Random Pick,30.49,76.6,Random Drop,3,1,completed,30.0,15.0,0.0,45.0,1.5,5.4,cash,2026-08-04 07:20:04.825950,2026-08-04 07:31:04.825950
1,6,30.48,76.59,Random Pick,30.49,76.6,Random Drop,4,5,completed,30.0,15.0,0.0,45.0,1.5,5.4,cash,2026-09-13 23:20:04.825950,2026-09-13 23:26:04.825950
1,9,30.48,76.59,Random Pick,30.49,76.6,Random Drop,7,3,completed,30.0,15.0,0.0,45.0,1.5,5.4,cash,2026-09-03 03:20:04.825950,2026-09-03 03:28:04.825950
1,3,30.48,76.59,Random Pick,30.49,76.6,Random Drop,3,4,completed,30.0,15.0,0.0,45.0,1.5,5.4,cash,2026-08-27 18:20:04.825950,2026-08-27 18:32:04.825950
1,4,30.48,76.59,Random Pick,30.49,76.6,Random Drop,2,7,completed,30.0,15.0,0.0,45.0,1.5,5.4,cash,2026-08-14 20:20:04.825950,2026-08-14 20:29:04.825950
1,7,30.48,76.59,Random Pick,30.49,76.6,Random Drop,1,4,completed,30.0,15.0,0.0,45.0,1.5,5.4,cash,2026-08-04 17:20:04.825950,2026-08-04 17:25:04.825950
1,4,30.48,76.59,Random Pick,30.49,76.6,Random Drop,2,3,completed,30.0,15.0,0.0,45.0,1.5,5.4,cash,2026-09-05 02:20:04.825950,2026-09-05 02:38:04.825950
1,4,30.48,76.59,Random Pick,30.49,76.6,Random Drop,1,3,completed,30.0,15.0,0.0,45.0,1.5,5.4,cash,2026-07-29 17:20:04.825950,2026-07-29 17:32:04.825950
1,9,30.48,76.59,Random Pick,30.49,76.6,Random Drop,8,5,completed,30.0,15.0,0.0,45.0,1.5,5.4,cash,2026-09-19 19:20:04.825950,2026-09-19 19:30:04.825950
1,7,30.48,76.59,Random Pick,30.49,76.6,Random Drop,1,5,completed,30.0,15.0,0.0,45.0,1.5,5.4,cash,2026-09-02 20:20:04.825950,2026-09-02 20:35:04.825950
1,4,30.48,76.59,Random Pick,30.49,76.6,Random Drop,8,3,completed,30.0,15.0,0.0,45.0,1.5,5.4,cash,2026-09-06 00:20:04.825950,2026-09-06 00:26:04.825950
1,4,30.48,76.59,Random Pick,30.49,76.6,Random Drop,4,3,completed,30.0,15.0,0.0,45.0,1.5,5.4,cash,2026-08-29 06:20:04.825950,2026-08-29 06:25:04.825950
1,8,30.48,76.59,Random Pick,30.49,76.6,Random Drop,3,1,completed,30.0,15.0,0.0,45.0,1.5,5.4,cash,2026-08-01 21:20:04.825950,2026-08-01 21:34:04.825950
1,8,30.48,76.59,Random Pick,30.49,76.6,Random Drop,7,6,completed,30.0,15.0,0.0,45.0,1.5,5.4,cash,2026-08-17 04:20:04.825950,2026-08-17 04:35:04.825950
1,9,30.48,76.59,Random Pick,30.49,76.6,Random Drop,5,7,completed,30.0,15.0,0.0,45.0,1.5,5.4,cash,2026-08-06 20:20:04.825950,2026-08-06 20:25:04.825950
1,2,30.48,76.59,Random Pick,30.49,76.6,Random Drop,7,7,completed,30.0,15.0,0.0,45.0,1.5,5.4,cash,2026-09-12 13:20:04.825950,2026-09-12 13:33:04.825950
1,6,30.48,76.59,Random Pick,30.49,76.6,Random Drop,3,6,completed,30.0,15.0,0.0,45.0,1.5,5.4,cash,2026-09-01 16:20:04.825950,2026-09-01 16:30:04.825950
1,5,30.48,76.59,Random Pick,30.49,76.6,Random Drop,8,8,completed,30.0,15.0,0.0,45.0,1.5,5.4,cash,2026-08-25 23:20:04.825950,2026-08-25 23:39:04.825950
1,9,30.48,76.59,Random Pick,30.49,76.6,Random Drop,8,5,completed,30.0,15.0,0.0,45.0,1.5,5.4,cash,2026-08-16 12:20:04.825950,2026-08-16 12:25:04.825950
1,6,30.48,76.59,Random Pick,30.49,76.6,Random Drop,1,7,completed,30.0,15.0,0.0,45.0,1.5,5.4,cash,2026-09-01 19:20:04.825950,2026-09-01 19:35:04.825950
1,9,30.48,76.59,Random Pick,30.49,76.6,Random Drop,8,1,completed,30.0,15.0,0.0,45.0,1.5,5.4,cash,2026-09-04 23:20:04.825950,2026-09-04 23:38:04.825950
1,9,30.48,76.59,Random Pick,30.49,76.6,Random Drop,3,3,completed,30.0,15.0,0.0,45.0,1.5,5.4,cash,2026-08-02 11:20:04.825950,2026-08-02 11:34:04.825950
1,2,30.48,76.59,Random Pick,30.49,76.6,Random Drop,7,3,completed,30.0,15.0,0.0,45.0,1.5,5.4,cash,2026-08-08 08:20:04.825950,2026-08-08 08:29:04.825950
1,8,30.48,76.59,Random Pick,30.49,76.6,Random Drop,2,5,completed,30.0,15.0,0.0,45.0,1.5,5.4,cash,2026-08-29 08:20:04.825950,2026-08-29 08:28:04.825950
1,2,30.48,76.59,Random Pick,30.49,76.6,Random Drop,1,6,completed,30.0,15.0,0.0,45.0,1.5,5.4,cash,2026-09-01 11:20:04.825950,2026-09-01 11:31:04.825950
1,8,30.48,76.59,Random Pick,30.49,76.6,Random Drop,2,1,completed,30.0,15.0,0.0,45.0,1.5,5.4,cash,2026-09-06 04:20:04.825950,2026-09-06 04:35:04.825950
1,2,30.48,76.59,Random Pick,30.49,76.6,Random Drop,7,4,completed,30.0,15.0,0.0,45.0,1.5,5.4,cash,2026-08-28 03:20:04.825950,2026-08-28 03:27:04.825950
1,8,30.48,76.59,Random Pick,30.49,76.6,Random Drop,7,5,completed,30.0,15.0,0.0,45.0,1.5,5.4,cash,2026-09-18 20:20:04.825950,2026-09-18 20:40:04.825950
1,3,30.48,76.59,Random Pick,30.49,76.6,Random Drop,6,3,completed,30.0,15.0,0.0,45.0,1.5,5.4,cash,2026-09-13 09:20:04.825950,2026-09-13 09:39:04.825950
1,3,30.48,76.59,Random Pick,30.49,76.6,Random Drop,4,3,completed,30.0,15.0,0.0,45.0,1.5,5.4,cash,2026-09-13 20:20:04.825950,2026-09-13 20:33:04.825950
1,5,30.48,76.59,Random Pick,30.49,76.6,Random Drop,6,6,completed,30.0,15.0,0.0,45.0,1.5,5.4,cash,2026-08-06 12:20:04.825950,2026-08-06 12:33:04.825950
1,2,30.48,76.59,Random Pick,30.49,76.6,Random Drop,7,2,completed,30.0,15.0,0.0,45.0,1.5,5.4,cash,2026-08-02 05:20:04.825950,2026-08-02 05:27:04.825950
1,2,30.48,76.59,Random Pick,30.49,76.6,Random Drop,5,8,completed,30.0,15.0,0.0,45.0,1.5,5.4,cash,2026-09-16 18:20:04.825950,2026-09-16 18:25:04.825950
1,2,30.48,76.59,Random Pick,30.49,76.6,Random Drop,8,7,completed,30.0,15.0,0.0,45.0,1.5,5.4,cash,2026-08-05 05:20:04.825950,2026-08-05 05:40:04.825950
1,4,30.48,76.59,Random Pick,30.49,76.6,Random Drop,6,1,completed,30.0,15.0,0.0,45.0,1.5,5.4,cash,2026-08-03 21:20:04.825950,2026-08-03 21:40:04.825950
1,2,30.48,76.59,Random Pick,30.49,76.6,Random Drop,2,8,completed,30.0,15.0,0.0,45.0,1.5,5.4,cash,2026-09-04 00:20:04.825950,2026-09-04 00:34:04.825950
1,5,30.48,76.59,Random Pick,30.49,76.6,Random Drop,5,4,completed,30.0,15.0,0.0,45.0,1.5,5.4,cash,2026-07-31 02:20:04.825950,2026-07-31 02:38:04.825950
1,9,30.48,76.59,Random Pick,30.49,76.6,Random Drop,6,7,completed,30.0,15.0,0.0,45.0,1.5,5.4,cash,2026-09-10 21:20:04.825950,2026-09-10 21:39:04.825950
1,8,30.48,76.59,Random Pick,30.49,76.6,Random Drop,5,2,completed,30.0,15.0,0.0,45.0,1.5,5.4,cash,2026-08-08 01:20:04.825950,2026-08-08 01:26:04.825950
1,3,30.48,76.59,Random Pick,30.49,76.6,Random Drop,2,1,completed,30.0,15.0,0.0,45.0,1.5,5.4,cash,2026-08-23 01:20:04.825950,2026-08-23 01:25:04.825950
1,2,30.48,76.59,Random Pick,30.49,76.6,Random Drop,8,2,completed,30.0,15.0,0.0,45.0,1.5,5.4,cash,2026-07-30 11:20:04.825950,2026-07-30 11:40:04.825950
1,2,30.48,76.59,Random Pick,30.49,76.6,Random Drop,6,3,completed,30.0,15.0,0.0,45.0,1.5,5.4,cash,2026-09-11 12:20:04.825950,2026-09-11 12:25:04.825950
1,4,30.48,76.59,Random Pick,30.49,76.6,Random Drop,1,6,completed,30.0,15.0,0.0,45.0,1.5,5.4,cash,2026-08-26 21:20:04.825950,2026-08-26 21:34:04.825950
1,4,30.48,76.59,Random Pick,30.49,76.6,Random Drop,8,4,completed,30.0,15.0,0.0,45.0,1.5,5.4,cash,2026-09-12 08:20:04.825950,2026-09-12 08:30:04.825950
1,2,30.48,76.59,Random Pick,30.49,76.6,Random Drop,2,3,completed,30.0,15.0,0.0,45.0,1.5,5.4,cash,2026-07-28 22:20:04.825950,2026-07-28 22:40:04.825950
1,6,30.48,76.59,Random Pick,30.49,76.6,Random Drop,8,8,completed,30.0,15.0,0.0,45.0,1.5,5.4,cash,2026-08-26 05:20:04.825950,2026-08-26 05:35:04.825950
1,8,30.48,76.59,Random Pick,30.49,76.6,Random Drop,4,6,completed,30.0,15.0,0.0,45.0,1.5,5.4,cash,2026-09-18 17:20:04.825950,2026-09-18 17:39:04.825950
1,4,30.48,76.59,Random Pick,30.49,76.6,Random Drop,5,6,completed,30.0,15.0,0.0,45.0,1.5,5.4,cash,2026-08-21 12:20:04.825950,2026-08-21 12:29:04.825950
1,4,30.48,76.59,Random Pick,30.49,76.6,Random Drop,5,1,completed,30.0,15.0,0.0,45.0,1.5,5.4,cash,2026-08-27 20:20:04.825950,2026-08-27 20:34:04.825950
1,6,30.48,76.59,Random Pick,30.49,76.6,Random Drop,7,2,completed,30.0,15.0,0.0,45.0,1.5,5.4,cash,2026-08-02 05:20:04.825950,2026-08-02 05:36:04.825950
1,6,30.48,76.59,Random Pick,30.49,76.6,Random Drop,8,1,completed,30.0,15.0,0.0,45.0,1.5,5.4,cash,2026-08-13 03:20:04.825950,2026-08-13 03:36:04.825950
1,5,30.48,76.59,Random Pick,30.49,76.6,Random Drop,4,8,completed,30.0,15.0,0.0,45.0,1.5,5.4,cash,2026-08-03 01:20:04.825950,2026-08-03 01:32:04.825950
1,8,30.48,76.59,Random Pick,30.49,76.6,Random Drop,7,8,completed,30.0,15.0,0.0,45.0,1.5,5.4,cash,2026-09-02 00:20:04.825950,2026-09-02 00:37:04.825950
1,8,30.48,76.59,Random Pick,30.49,76.6,Random Drop,2,1,completed,30.0,15.0,0.0,45.0,1.5,5.4,cash,2026-09-09 15:20:04.825950,2026-09-09 15:35:04.825950
1,3,30.48,76.59,Random Pick,30.49,76.6,Random Drop,8,8,completed,30.0,15.0,0.0,45.0,1.5,5.4,cash,2026-08-24 10:20:04.825950,2026-08-24 10:34:04.825950
1,7,30.48,76.59,Random Pick,30.49,76.6,Random Drop,1,5,completed,30.0,15.0,0.0,45.0,1.5,5.4,cash,2026-09-15 05:20:04.825950,2026-09-15 05:37:04.825950
1,6,30.48,76.59,Random Pick,30.49,76.6,Random Drop,2,5,completed,30.0,15.0,0.0,45.0,1.5,5.4,cash,2026-09-08 04:20:04.825950,2026-09-08 04:26:04.825950
1,5,30.48,76.59,Random Pick,30.49,76.6,Random Drop,1,6,completed,30.0,15.0,0.0,45.0,1.5,5.4,cash,2026-09-08 02:20:04.825950,2026-09-08 02:37:04.825950
1,2,30.48,76.59,Random Pick,30.49,76.6,Random Drop,5,6,completed,30.0,15.0,0.0,45.0,1.5,5.4,cash,2026-08-09 17:20:04.825950,2026-08-09 17:39:04.825950
1,7,30.48,76.59,Random Pick,30.49,76.6,Random Drop,5,1,completed,30.0,15.0,0.0,45.0,1.5,5.4,cash,2026-08-16 22:20:04.825950,2026-08-16 22:38:04.825950
1,6,30.48,76.59,Random Pick,30.49,76.6,Random Drop,3,6,completed,30.0,15.0,0.0,45.0,1.5,5.4,cash,2026-08-12 23:20:04.825950,2026-08-12 23:32:04.825950
1,9,30.48,76.59,Random Pick,30.49,76.6,Random Drop,3,2,completed,30.0,15.0,0.0,45.0,1.5,5.4,cash,2026-08-22 04:20:04.825950,2026-08-22 04:28:04.825950
1,2,30.48,76.59,Random Pick,30.49,76.6,Random Drop,2,6,completed,30.0,15.0,0.0,45.0,1.5,5.4,cash,2026-08-05 01:20:04.825950,2026-08-05 01:27:04.825950
1,8,30.48,76.59,Random Pick,30.49,76.6,Random Drop,5,7,completed,30.0,15.0,0.0,45.0,1.5,5.4,cash,2026-09-09 17:20:04.825950,2026-09-09 17:35:04.825950
1,4,30.48,76.59,Random Pick,30.49,76.6,Random Drop,4,2,completed,30.0,15.0,0.0,45.0,1.5,5.4,cash,2026-09-15 00:20:04.825950,2026-09-15 00:32:04.825950
1,3,30.48,76.59,Random Pick,30.49,76.6,Random Drop,7,4,completed,30.0,15.0,0.0,45.0,1.5,5.4,cash,2026-08-25 14:20:04.825950,2026-08-25 14:26:04.825950
1,6,30.48,76.59,Random Pick,30.49,76.6,Random Drop,4,1,completed,30.0,15.0,0.0,45.0,1.5,5.4,cash,2026-09-02 20:20:04.825950,2026-09-02 20:26:04.825950
1,8,30.48,76.59,Random Pick,30.49,76.6,Random Drop,3,5,completed,30.0,15.0,0.0,45.0,1.5,5.4,cash,2026-08-08 10:20:04.825950,2026-08-08 10:29:04.825950
1,4,30.48,76.59,Random Pick,30.49,76.6,Random Drop,8,1,completed,30.0,15.0,0.0,45.0,1.5,5.4,cash,2026-08-24 15:20:04.825950,2026-08-24 15:35:04.825950
1,4,30.48,76.59,Random Pick,30.49,76.6,Random Drop,5,8,completed,30.0,15.0,0.0,45.0,1.5,5.4,cash,2026-08-23 10:20:04.825950,2026-08-23 10:28:04.825950
1,3,30.48,76.59,Random Pick,30.49,76.6,Random Drop,3,5,completed,30.0,15.0,0.0,45.0,1.5,5.4,cash,2026-09-16 03:20:04.825950,2026-09-16 03:40:04.825950
1,9,30.48,76.59,Random Pick,30.49,76.6,Random Drop,5,5,completed,30.0,15.0,0.0,45.0,1.5,5.4,cash,2026-08-16 22:20:04.825950,2026-08-16 22:37:04.825950
1,4,30.48,76.59,Random Pick,30.49,76.6,Random Drop,5,4,completed,30.0,15.0,0.0,45.0,1.5,5.4,cash,2026-07-26 13:20:04.825950,2026-07-26 13:39:04.825950
1,6,30.48,76.59,Random Pick,30.49,76.6,Random Drop,8,8,completed,30.0,15.0,0.0,45.0,1.5,5.4,cash,2026-08-03 23:20:04.825950,2026-08-03 23:30:04.825950
1,8,30.48,76.59,Random Pick,30.49,76.6,Random Drop,5,2,completed,30.0,15.0,0.0,45.0,1.5,5.4,cash,2026-08-02 00:20:04.825950,2026-08-02 00:39:04.825950
1,7,30.48,76.59,Random Pick,30.49,76.6,Random Drop,8,1,completed,30.0,15.0,0.0,45.0,1.5,5.4,cash,2026-08-10 18:20:04.825950,2026-08-10 18:33:04.825950
1,4,30.48,76.59,Random Pick,30.49,76.6,Random Drop,3,7,completed,30.0,15.0,0.0,45.0,1.5,5.4,cash,2026-08-24 11:20:04.825950,2026-08-24 11:39:04.825950
1,9,30.48,76.59,Random Pick,30.49,76.6,Random Drop,8,8,completed,30.0,15.0,0.0,45.0,1.5,5.4,cash,2026-08-31 15:20:04.825950,2026-08-31 15:35:04.825950
1,7,30.48,76.59,Random Pick,30.49,76.6,Random Drop,5,5,completed,30.0,15.0,0.0,45.0,1.5,5.4,cash,2026-08-20 03:20:04.825950,2026-08-20 03:39:04.825950
1,5,30.48,76.59,Random Pick,30.49,76.6,Random Drop,2,5,completed,30.0,15.0,0.0,45.0,1.5,5.4,cash,2026-08-20 06:20:04.825950,2026-08-20 06:25:04.825950
1,5,30.48,76.59,Random Pick,30.49,76.6,Random Drop,3,7,completed,30.0,15.0,0.0,45.0,1.5,5.4,cash,2026-08-04 23:20:04.825950,2026-08-04 23:25:04.825950
1,4,30.48,76.59,Random Pick,30.49,76.6,Random Drop,7,8,completed,30.0,15.0,0.0,45.0,1.5,5.4,cash,2026-08-23 03:20:04.825950,2026-08-23 03:35:04.825950
1,6,30.48,76.59,Random Pick,30.49,76.6,Random Drop,4,7,completed,30.0,15.0,0.0,45.0,1.5,5.4,cash,2026-07-31 14:20:04.825950,2026-07-31 14:32:04.825950
1,3,30.48,76.59,Random Pick,30.49,76.6,Random Drop,1,3,completed,30.0,15.0,0.0,45.0,1.5,5.4,cash,2026-09-08 03:20:04.825950,2026-09-08 03:33:04.825950
1,6,30.48,76.59,Random Pick,30.49,76.6,Random Drop,5,8,completed,30.0,15.0,0.0,45.0,1.5,5.4,cash,2026-09-09 04:20:04.825950,2026-09-09 04:32:04.825950
1,8,30.48,76.59,Random Pick,30.49,76.6,Random Drop,6,2,completed,30.0,15.0,0.0,45.0,1.5,5.4,cash,2026-08-31 03:20:04.825950,2026-08-31 03:27:04.825950
1,8,30.48,76.59,Random Pick,30.49,76.6,Random Drop,7,3,completed,30.0,15.0,0.0,45.0,1.5,5.4,cash,2026-08-25 20:20:04.825950,2026-08-25 20:29:04.825950
1,9,30.48,76.59,Random Pick,30.49,76.6,Random Drop,1,1,completed,30.0,15.0,0.0,45.0,1.5,5.4,cash,2026-08-15 14:20:04.825950,2026-08-15 14:38:04.825950
1,2,30.48,76.59,Random Pick,30.49,76.6,Random Drop,5,6,completed,30.0,15.0,0.0,45.0,1.5,5.4,cash,2026-08-23 17:20:04.825950,2026-08-23 17:32:04.825950
1,2,30.48,76.59,Random Pick,30.49,76.6,Random Drop,7,3,completed,30.0,15.0,0.0,45.0,1.5,5.4,cash,2026-08-03 20:20:04.825950,2026-08-03 20:29:04.825950
1,5,30.48,76.59,Random Pick,30.49,76.6,Random Drop,5,4,completed,30.0,15.0,0.0,45.0,1.5,5.4,cash,2026-09-02 11:20:04.825950,2026-09-02 11:26:04.825950
1,4,30.48,76.59,Random Pick,30.49,76.6,Random Drop,8,8,completed,30.0,15.0,0.0,45.0,1.5,5.4,cash,2026-08-13 07:20:04.825950,2026-08-13 07:27:04.825950
1,4,30.48,76.59,Random Pick,30.49,76.6,Random Drop,7,5,completed,30.0,15.0,0.0,45.0,1.5,5.4,cash,2026-09-09 22:20:04.825950,2026-09-09 22:34:04.825950
1,8,30.48,76.59,Random Pick,30.49,76.6,Random Drop,6,4,completed,30.0,15.0,0.0,45.0,1.5,5.4,cash,2026-09-03 02:20:04.825950,2026-09-03 02:27:04.825950
1,3,30.48,76.59,Random Pick,30.49,76.6,Random Drop,3,4,completed,30.0,15.0,0.0,45.0,1.5,5.4,cash,2026-08-04 02:20:04.825950,2026-08-04 02:25:04.825950
1,9,30.48,76.59,Random Pick,30.49,76.6,Random Drop,3,1,completed,30.0,15.0,0.0,45.0,1.5,5.4,cash,2026-09-06 01:20:04.825950,2026-09-06 01:37:04.825950
1,7,30.48,76.59,Random Pick,30.49,76.6,Random Drop,2,5,completed,30.0,15.0,0.0,45.0,1.5,5.4,cash,2026-08-30 15:20:04.825950,2026-08-30 15:36:04.825950
1,8,30.48,76.59,Random Pick,30.49,76.6,Random Drop,6,7,completed,30.0,15.0,0.0,45.0,1.5,5.4,cash,2026-09-17 06:20:04.825950,2026-09-17 06:32:04.825950
1,7,30.48,76.59,Random Pick,30.49,76.6,Random Drop,7,5,completed,30.0,15.0,0.0,45.0,1.5,5.4,cash,2026-08-25 07:20:04.825950,2026-08-25 07:27:04.825950
1,4,30.48,76.59,Random Pick,30.49,76.6,Random Drop,1,3,completed,30.0,15.0,0.0,45.0,1.5,5.4,cash,2026-09-08 17:20:04.825950,2026-09-08 17:35:04.825950
1,4,30.48,76.59,Random Pick,30.49,76.6,Random Drop,2,7,completed,30.0,15.0,0.0,45.0,1.5,5.4,cash,2026-08-07 00:20:04.825950,2026-08-07 00:38:04.825950
1,7,30.48,76.59,Random Pick,30.49,76.6,Random Drop,1,5,completed,30.0,15.0,0.0,45.0,1.5,5.4,cash,2026-09-13 23:20:04.825950,2026-09-13 23:37:04.825950
1,4,30.48,76.59,Random Pick,30.49,76.6,Random Drop,5,3,completed,30.0,15.0,0.0,45.0,1.5,5.4,cash,2026-09-14 09:20:04.825950,2026-09-14 09:34:04.825950
1,7,30.48,76.59,Random Pick,30.49,76.6,Random Drop,1,3,completed,30.0,15.0,0.0,45.0,1.5,5.4,cash,2026-09-02 10:20:04.825950,2026-09-02 10:26:04.825950
1,5,30.48,76.59,Random Pick,30.49,76.6,Random Drop,2,3,completed,30.0,15.0,0.0,45.0,1.5,5.4,cash,2026-08-15 19:20:04.825950,2026-08-15 19:39:04.825950
1,5,30.48,76.59,Random Pick,30.49,76.6,Random Drop,3,3,completed,30.0,15.0,0.0,45.0,1.5,5.4,cash,2026-08-02 21:20:04.825950,2026-08-02 21:25:04.825950
1,8,30.48,76.59,Random Pick,30.49,76.6,Random Drop,7,7,completed,30.0,15.0,0.0,45.0,1.5,5.4,cash,2026-08-12 20:20:04.825950,2026-08-12 20:34:04.825950
1,9,30.48,76.59,Random Pick,30.49,76.6,Random Drop,8,7,completed,30.0,15.0,0.0,45.0,1.5,5.4,cash,2026-08-05 22:20:04.825950,2026-08-05 22:29:04.825950
1,4,30.48,76.59,Random Pick,30.49,76.6,Random Drop,6,8,completed,30.0,15.0,0.0,45.0,1.5,5.4,cash,2026-08-31 14:20:04.825950,2026-08-31 14:29:04.825950
1,8,30.48,76.59,Random Pick,30.49,76.6,Random Drop,8,1,completed,30.0,15.0,0.0,45.0,1.5,5.4,cash,2026-09-09 06:20:04.825950,2026-09-09 06:32:04.825950
1,9,30.48,76.59,Random Pick,30.49,76.6,Random Drop,1,8,completed,30.0,15.0,0.0,45.0,1.5,5.4,cash,2026-08-07 21:20:04.825950,2026-08-07 21:32:04.825950
1,3,30.48,76.59,Random Pick,30.49,76.6,Random Drop,8,1,completed,30.0,15.0,0.0,45.0,1.5,5.4,cash,2026-08-18 01:20:04.825950,2026-08-18 01:38:04.825950
1,5,30.48,76.59,Random Pick,30.49,76.6,Random Drop,4,5,completed,30.0,15.0,0.0,45.0,1.5,5.4,cash,2026-08-10 15:20:04.825950,2026-08-10 15:36:04.825950
1,9,30.48,76.59,Random Pick,30.49,76.6,Random Drop,6,4,completed,30.0,15.0,0.0,45.0,1.5,5.4,cash,2026-09-18 10:20:04.825950,2026-09-18 10:35:04.825950
1,5,30.48,76.59,Random Pick,30.49,76.6,Random Drop,3,3,completed,30.0,15.0,0.0,45.0,1.5,5.4,cash,2026-08-31 09:20:04.825950,2026-08-31 09:39:04.825950
1,2,30.48,76.59,Random Pick,30.49,76.6,Random Drop,1,5,completed,30.0,15.0,0.0,45.0,1.5,5.4,cash,2026-09-06 18:20:04.825950,2026-09-06 18:35:04.825950
1,7,30.48,76.59,Random Pick,30.49,76.6,Random Drop,6,8,completed,30.0,15.0,0.0,45.0,1.5,5.4,cash,2026-08-13 07:20:04.825950,2026-08-13 07:31:04.825950
1,9,30.48,76.59,Random Pick,30.49,76.6,Random Drop,3,4,completed,30.0,15.0,0.0,45.0,1.5,5.4,cash,2026-07-31 07:20:04.825950,2026-07-31 07:29:04.825950
1,9,30.48,76.59,Random Pick,30.49,76.6,Random Drop,6,1,completed,30.0,15.0,0.0,45.0,1.5,5.4,cash,2026-08-09 15:20:04.825950,2026-08-09 15:34:04.825950
1,2,30.48,76.59,Random Pick,30.49,76.6,Random Drop,5,3,completed,30.0,15.0,0.0,45.0,1.5,5.4,cash,2026-08-09 01:20:04.825950,2026-08-09 01:35:04.825950
1,6,30.48,76.59,Random Pick,30.49,76.6,Random Drop,6,7,completed,30.0,15.0,0.0,45.0,1.5,5.4,cash,2026-08-24 07:20:04.825950,2026-08-24 07:32:04.825950
1,9,30.48,76.59,Random Pick,30.49,76.6,Random Drop,8,1,completed,30.0,15.0,0.0,45.0,1.5,5.4,cash,2026-09-13 12:20:04.825950,2026-09-13 12:34:04.825950
1,8,30.48,76.59,Random Pick,30.49,76.6,Random Drop,2,8,completed,30.0,15.0,0.0,45.0,1.5,5.4,cash,2026-08-04 00:20:04.825950,2026-08-04 00:27:04.825950
1,6,30.48,76.59,Random Pick,30.49,76.6,Random Drop,7,7,completed,30.0,15.0,0.0,45.0,1.5,5.4,cash,2026-08-25 19:20:04.825950,2026-08-25 19:39:04.825950
1,7,30.48,76.59,Random Pick,30.49,76.6,Random Drop,7,7,completed,30.0,15.0,0.0,45.0,1.5,5.4,cash,2026-08-14 23:20:04.825950,2026-08-14 23:25:04.825950
1,6,30.48,76.59,Random Pick,30.49,76.6,Random Drop,5,7,completed,30.0,15.0,0.0,45.0,1.5,5.4,cash,2026-08-20 11:20:04.825950,2026-08-20 11:40:04.825950
1,4,30.48,76.59,Random Pick,30.49,76.6,Random Drop,4,3,completed,30.0,15.0,0.0,45.0,1.5,5.4,cash,2026-08-14 14:20:04.825950,2026-08-14 14:27:04.825950
1,7,30.48,76.59,Random Pick,30.49,76.6,Random Drop,5,6,completed,30.0,15.0,0.0,45.0,1.5,5.4,cash,2026-08-09 00:20:04.825950,2026-08-09 00:39:04.825950
1,2,30.48,76.59,Random Pick,30.49,76.6,Random Drop,1,7,completed,30.0,15.0,0.0,45.0,1.5,5.4,cash,2026-09-01 11:20:04.825950,2026-09-01 11:30:04.825950
1,7,30.48,76.59,Random Pick,30.49,76.6,Random Drop,5,5,completed,30.0,15.0,0.0,45.0,1.5,5.4,cash,2026-08-15 12:20:04.825950,2026-08-15 12:30:04.825950
1,2,30.48,76.59,Random Pick,30.49,76.6,Random Drop,5,8,completed,30.0,15.0,0.0,45.0,1.5,5.4,cash,2026-08-31 02:20:04.825950,2026-08-31 02:38:04.825950
1,5,30.48,76.59,Random Pick,30.49,76.6,Random Drop,6,1,completed,30.0,15.0,0.0,45.0,1.5,5.4,cash,2026-07-28 04:20:04.825950,2026-07-28 04:27:04.825950
1,5,30.48,76.59,Random Pick,30.49,76.6,Random Drop,1,4,completed,30.0,15.0,0.0,45.0,1.5,5.4,cash,2026-08-06 02:20:04.825950,2026-08-06 02:25:04.825950
1,9,30.48,76.59,Random Pick,30.49,76.6,Random Drop,4,2,completed,30.0,15.0,0.0,45.0,1.5,5.4,cash,2026-08-05 03:20:04.825950,2026-08-05 03:37:04.825950
1,5,30.48,76.59,Random Pick,30.49,76.6,Random Drop,4,6,completed,30.0,15.0,0.0,45.0,1.5,5.4,cash,2026-08-07 09:20:04.825950,2026-08-07 09:38:04.825950
1,7,30.48,76.59,Random Pick,30.49,76.6,Random Drop,1,2,completed,30.0,15.0,0.0,45.0,1.5,5.4,cash,2026-09-11 00:20:04.825950,2026-09-11 00:26:04.825950
1,3,30.48,76.59,Random Pick,30.49,76.6,Random Drop,1,6,completed,30.0,15.0,0.0,45.0,1.5,5.4,cash,2026-09-10 06:20:04.825950,2026-09-10 06:31:04.825950
1,6,30.48,76.59,Random Pick,30.49,76.6,Random Drop,8,4,completed,30.0,15.0,0.0,45.0,1.5,5.4,cash,2026-08-12 18:20:04.825950,2026-08-12 18:35:04.825950
1,2,30.48,76.59,Random Pick,30.49,76.6,Random Drop,8,3,completed,30.0,15.0,0.0,45.0,1.5,5.4,cash,2026-08-29 13:20:04.825950,2026-08-29 13:39:04.825950
1,9,30.48,76.59,Random Pick,30.49,76.6,Random Drop,3,2,completed,30.0,15.0,0.0,45.0,1.5,5.4,cash,2026-09-06 00:20:04.825950,2026-09-06 00:35:04.825950
1,8,30.48,76.59,Random Pick,30.49,76.6,Random Drop,6,6,completed,30.0,15.0,0.0,45.0,1.5,5.4,cash,2026-08-27 15:20:04.825950,2026-08-27 15:39:04.825950
1,7,30.48,76.59,Random Pick,30.49,76.6,Random Drop,5,8,completed,30.0,15.0,0.0,45.0,1.5,5.4,cash,2026-09-13 17:20:04.825950,2026-09-13 17:35:04.825950
1,7,30.48,76.59,Random Pick,30.49,76.6,Random Drop,6,6,completed,30.0,15.0,0.0,45.0,1.5,5.4,cash,2026-09-12 14:20:04.825950,2026-09-12 14:25:04.825950
1,5,30.48,76.59,Random Pick,30.49,76.6,Random Drop,6,7,completed,30.0,15.0,0.0,45.0,1.5,5.4,cash,2026-08-24 08:20:04.825950,2026-08-24 08:29:04.825950
1,9,30.48,76.59,Random Pick,30.49,76.6,Random Drop,2,2,completed,30.0,15.0,0.0,45.0,1.5,5.4,cash,2026-09-12 04:20:04.825950,2026-09-12 04:34:04.825950
1,6,30.48,76.59,Random Pick,30.49,76.6,Random Drop,6,2,completed,30.0,15.0,0.0,45.0,1.5,5.4,cash,2026-09-07 23:20:04.825950,2026-09-07 23:32:04.825950
1,4,30.48,76.59,Random Pick,30.49,76.6,Random Drop,6,6,completed,30.0,15.0,0.0,45.0,1.5,5.4,cash,2026-09-17 09:20:04.825950,2026-09-17 09:29:04.825950
1,2,30.48,76.59,Random Pick,30.49,76.6,Random Drop,3,8,completed,30.0,15.0,0.0,45.0,1.5,5.4,cash,2026-08-26 10:20:04.825950,2026-08-26 10:30:04.825950
1,7,30.48,76.59,Random Pick,30.49,76.6,Random Drop,7,2,completed,30.0,15.0,0.0,45.0,1.5,5.4,cash,2026-08-01 11:20:04.825950,2026-08-01 11:27:04.825950
1,3,30.48,76.59,Random Pick,30.49,76.6,Random Drop,3,5,completed,30.0,15.0,0.0,45.0,1.5,5.4,cash,2026-09-16 04:20:04.825950,2026-09-16 04:36:04.825950
1,6,30.48,76.59,Random Pick,30.49,76.6,Random Drop,5,6,completed,30.0,15.0,0.0,45.0,1.5,5.4,cash,2026-09-06 01:20:04.825950,2026-09-06 01:29:04.825950
1,2,30.48,76.59,Random Pick,30.49,76.6,Random Drop,4,3,completed,30.0,15.0,0.0,45.0,1.5,5.4,cash,2026-07-31 05:20:04.825950,2026-07-31 05:40:04.825950
1,6,30.48,76.59,Random Pick,30.49,76.6,Random Drop,7,8,completed,30.0,15.0,0.0,45.0,1.5,5.4,cash,2026-09-17 22:20:04.825950,2026-09-17 22:31:04.825950
1,6,30.48,76.59,Random Pick,30.49,76.6,Random Drop,3,1,completed,30.0,15.0,0.0,45.0,1.5,5.4,cash,2026-07-28 07:20:04.825950,2026-07-28 07:31:04.825950
1,4,30.48,76.59,Random Pick,30.49,76.6,Random Drop,4,2,completed,30.0,15.0,0.0,45.0,1.5,5.4,cash,2026-08-26 01:20:04.825950,2026-08-26 01:30:04.825950
1,2,30.48,76.59,Random Pick,30.49,76.6,Random Drop,5,3,completed,30.0,15.0,0.0,45.0,1.5,5.4,cash,2026-08-19 09:20:04.825950,2026-08-19 09:31:04.825950
1,6,30.48,76.59,Random Pick,30.49,76.6,Random Drop,4,1,completed,30.0,15.0,0.0,45.0,1.5,5.4,cash,2026-09-01 08:20:04.825950,2026-09-01 08:33:04.825950
1,3,30.48,76.59,Random Pick,30.49,76.6,Random Drop,3,1,completed,30.0,15.0,0.0,45.0,1.5,5.4,cash,2026-08-02 19:20:04.825950,2026-08-02 19:36:04.825950
1,9,30.48,76.59,Random Pick,30.49,76.6,Random Drop,6,6,completed,30.0,15.0,0.0,45.0,1.5,5.4,cash,2026-08-09 04:20:04.825950,2026-08-09 04:26:04.825950
1,9,30.48,76.59,Random Pick,30.49,76.6,Random Drop,5,5,completed,30.0,15.0,0.0,45.0,1.5,5.4,cash,2026-07-28 10:20:04.825950,2026-07-28 10:27:04.825950
1,4,30.48,76.59,Random Pick,30.49,76.6,Random Drop,4,6,completed,30.0,15.0,0.0,45.0,1.5,5.4,cash,2026-08-06 18:20:04.825950,2026-08-06 18:34:04.825950
1,3,30.48,76.59,Random Pick,30.49,76.6,Random Drop,1,2,completed,30.0,15.0,0.0,45.0,1.5,5.4,cash,2026-08-29 19:20:04.825950,2026-08-29 19:28:04.825950
1,5,30.48,76.59,Random Pick,30.49,76.6,Random Drop,5,5,completed,30.0,15.0,0.0,45.0,1.5,5.4,cash,2026-08-12 12:20:04.825950,2026-08-12 12:36:04.825950
1,5,30.48,76.59,Random Pick,30.49,76.6,Random Drop,2,4,completed,30.0,15.0,0.0,45.0,1.5,5.4,cash,2026-09-04 11:20:04.825950,2026-09-04 11:38:04.825950
1,8,30.48,76.59,Random Pick,30.49,76.6,Random Drop,8,7,completed,30.0,15.0,0.0,45.0,1.5,5.4,cash,2026-08-10 03:20:04.825950,2026-08-10 03:27:04.825950
1,5,30.48,76.59,Random Pick,30.49,76.6,Random Drop,8,5,completed,30.0,15.0,0.0,45.0,1.5,5.4,cash,2026-08-10 23:20:04.825950,2026-08-10 23:29:04.825950
1,4,30.48,76.59,Random Pick,30.49,76.6,Random Drop,2,1,completed,30.0,15.0,0.0,45.0,1.5,5.4,cash,2026-08-05 00:20:04.825950,2026-08-05 00:30:04.825950
1,5,30.48,76.59,Random Pick,30.49,76.6,Random Drop,2,2,completed,30.0,15.0,0.0,45.0,1.5,5.4,cash,2026-09-16 23:20:04.825950,2026-09-16 23:32:04.825950
1,6,30.48,76.59,Random Pick,30.49,76.6,Random Drop,2,5,completed,30.0,15.0,0.0,45.0,1.5,5.4,cash,2026-07-29 11:20:04.825950,2026-07-29 11:26:04.825950
1,3,30.48,76.59,Random Pick,30.49,76.6,Random Drop,1,7,completed,30.0,15.0,0.0,45.0,1.5,5.4,cash,2026-08-09 00:20:04.825950,2026-08-09 00:38:04.825950
1,4,30.48,76.59,Random Pick,30.49,76.6,Random Drop,6,4,completed,30.0,15.0,0.0,45.0,1.5,5.4,cash,2026-08-20 21:20:04.825950,2026-08-20 21:28:04.825950
1,2,30.48,76.59,Random Pick,30.49,76.6,Random Drop,2,3,completed,30.0,15.0,0.0,45.0,1.5,5.4,cash,2026-09-12 23:20:04.825950,2026-09-12 23:27:04.825950
1,7,30.48,76.59,Random Pick,30.49,76.6,Random Drop,4,7,completed,30.0,15.0,0.0,45.0,1.5,5.4,cash,2026-08-13 15:20:04.825950,2026-08-13 15:31:04.825950
1,4,30.48,76.59,Random Pick,30.49,76.6,Random Drop,8,4,completed,30.0,15.0,0.0,45.0,1.5,5.4,cash,2026-08-03 03:20:04.825950,2026-08-03 03:38:04.825950
1,9,30.48,76.59,Random Pick,30.49,76.6,Random Drop,7,1,completed,30.0,15.0,0.0,45.0,1.5,5.4,cash,2026-09-17 13:20:04.825950,2026-09-17 13:34:04.825950
1,3,30.48,76.59,Random Pick,30.49,76.6,Random Drop,8,1,completed,30.0,15.0,0.0,45.0,1.5,5.4,cash,2026-08-01 00:20:04.825950,2026-08-01 00:31:04.825950
1,3,30.48,76.59,Random Pick,30.49,76.6,Random Drop,2,8,completed,30.0,15.0,0.0,45.0,1.5,5.4,cash,2026-09-10 21:20:04.825950,2026-09-10 21:34:04.825950
1,2,30.48,76.59,Random Pick,30.49,76.6,Random Drop,6,2,completed,30.0,15.0,0.0,45.0,1.5,5.4,cash,2026-07-29 04:20:04.825950,2026-07-29 04:32:04.825950
1,2,30.48,76.59,Random Pick,30.49,76.6,Random Drop,3,4,completed,30.0,15.0,0.0,45.0,1.5,5.4,cash,2026-08-12 16:20:04.825950,2026-08-12 16:33:04.825950
1,8,30.48,76.59,Random Pick,30.49,76.6,Random Drop,6,1,completed,30.0,15.0,0.0,45.0,1.5,5.4,cash,2026-08-17 14:20:04.825950,2026-08-17 14:40:04.825950
1,9,30.48,76.59,Random Pick,30.49,76.6,Random Drop,5,7,completed,30.0,15.0,0.0,45.0,1.5,5.4,cash,2026-08-01 15:20:04.825950,2026-08-01 15:36:04.825950
1,9,30.48,76.59,Random Pick,30.49,76.6,Random Drop,8,6,completed,30.0,15.0,0.0,45.0,1.5,5.4,cash,2026-07-31 01:20:04.825950,2026-07-31 01:29:04.825950
1,4,30.48,76.59,Random Pick,30.49,76.6,Random Drop,8,4,completed,30.0,15.0,0.0,45.0,1.5,5.4,cash,2026-08-25 16:20:04.825950,2026-08-25 16:27:04.825950
1,3,30.48,76.59,Random Pick,30.49,76.6,Random Drop,4,7,completed,30.0,15.0,0.0,45.0,1.5,5.4,cash,2026-08-27 07:20:04.825950,2026-08-27 07:25:04.825950
1,3,30.48,76.59,Random Pick,30.49,76.6,Random Drop,8,2,completed,30.0,15.0,0.0,45.0,1.5,5.4,cash,2026-08-11 20:20:04.825950,2026-08-11 20:26:04.825950
1,2,30.48,76.59,Random Pick,30.49,76.6,Random Drop,8,4,completed,30.0,15.0,0.0,45.0,1.5,5.4,cash,2026-08-22 01:20:04.825950,2026-08-22 01:37:04.825950
1,8,30.48,76.59,Random Pick,30.49,76.6,Random Drop,1,7,completed,30.0,15.0,0.0,45.0,1.5,5.4,cash,2026-08-12 16:20:04.825950,2026-08-12 16:39:04.825950
1,7,30.48,76.59,Random Pick,30.49,76.6,Random Drop,1,5,completed,30.0,15.0,0.0,45.0,1.5,5.4,cash,2026-07-28 01:20:04.825950,2026-07-28 01:37:04.825950
1,8,30.48,76.59,Random Pick,30.49,76.6,Random Drop,7,4,completed,30.0,15.0,0.0,45.0,1.5,5.4,cash,2026-09-15 02:20:04.825950,2026-09-15 02:29:04.825950
1,9,30.48,76.59,Random Pick,30.49,76.6,Random Drop,4,1,completed,30.0,15.0,0.0,45.0,1.5,5.4,cash,2026-08-16 06:20:04.825950,2026-08-16 06:25:04.825950
1,7,30.48,76.59,Random Pick,30.49,76.6,Random Drop,2,1,completed,30.0,15.0,0.0,45.0,1.5,5.4,cash,2026-09-06 04:20:04.825950,2026-09-06 04:25:04.825950
1,3,30.48,76.59,Random Pick,30.49,76.6,Random Drop,8,5,completed,30.0,15.0,0.0,45.0,1.5,5.4,cash,2026-09-13 14:20:04.825950,2026-09-13 14:26:04.825950
1,5,30.48,76.59,Random Pick,30.49,76.6,Random Drop,7,4,completed,30.0,15.0,0.0,45.0,1.5,5.4,cash,2026-09-11 20:20:04.825950,2026-09-11 20:30:04.825950
1,5,30.48,76.59,Random Pick,30.49,76.6,Random Drop,5,1,completed,30.0,15.0,0.0,45.0,1.5,5.4,cash,2026-08-13 13:20:04.825950,2026-08-13 13:37:04.825950
1,6,30.48,76.59,Random Pick,30.49,76.6,Random Drop,8,5,completed,30.0,15.0,0.0,45.0,1.5,5.4,cash,2026-08-23 22:20:04.825950,2026-08-23 22:31:04.825950
1,5,30.48,76.59,Random Pick,30.49,76.6,Random Drop,3,8,completed,30.0,15.0,0.0,45.0,1.5,5.4,cash,2026-09-17 07:20:04.825950,2026-09-17 07:35:04.825950
1,9,30.48,76.59,Random Pick,30.49,76.6,Random Drop,1,3,completed,30.0,15.0,0.0,45.0,1.5,5.4,cash,2026-09-15 07:20:04.825950,2026-09-15 07:29:04.825950
1,4,30.48,76.59,Random Pick,30.49,76.6,Random Drop,6,6,completed,30.0,15.0,0.0,45.0,1.5,5.4,cash,2026-09-08 21:20:04.825950,2026-09-08 21:35:04.825950
1,7,30.48,76.59,Random Pick,30.49,76.6,Random Drop,6,2,completed,30.0,15.0,0.0,45.0,1.5,5.4,cash,2026-08-18 12:20:04.825950,2026-08-18 12:31:04.825950
1,8,30.48,76.59,Random Pick,30.49,76.6,Random Drop,2,1,completed,30.0,15.0,0.0,45.0,1.5,5.4,cash,2026-09-17 01:20:04.825950,2026-09-17 01:31:04.825950
1,5,30.48,76.59,Random Pick,30.49,76.6,Random Drop,3,7,completed,30.0,15.0,0.0,45.0,1.5,5.4,cash,2026-08-21 15:20:04.825950,2026-08-21 15:40:04.825950
1,9,30.48,76.59,Random Pick,30.49,76.6,Random Drop,4,4,completed,30.0,15.0,0.0,45.0,1.5,5.4,cash,2026-09-10 10:20:04.825950,2026-09-10 10:37:04.825950
1,4,30.48,76.59,Random Pick,30.49,76.6,Random Drop,4,4,completed,30.0,15.0,0.0,45.0,1.5,5.4,cash,2026-09-12 03:20:04.825950,2026-09-12 03:25:04.825950
1,5,30.48,76.59,Random Pick,30.49,76.6,Random Drop,5,7,completed,30.0,15.0,0.0,45.0,1.5,5.4,cash,2026-07-28 21:20:04.825950,2026-07-28 21:33:04.825950
1,6,30.48,76.59,Random Pick,30.49,76.6,Random Drop,6,7,completed,30.0,15.0,0.0,45.0,1.5,5.4,cash,2026-09-01 14:20:04.825950,2026-09-01 14:38:04.825950
1,9,30.48,76.59,Random Pick,30.49,76.6,Random Drop,7,5,completed,30.0,15.0,0.0,45.0,1.5,5.4,cash,2026-08-18 11:20:04.825950,2026-08-18 11:28:04.825950
1,9,30.48,76.59,Random Pick,30.49,76.6,Random Drop,4,2,completed,30.0,15.0,0.0,45.0,1.5,5.4,cash,2026-08-28 15:20:04.825950,2026-08-28 15:29:04.825950
1,5,30.48,76.59,Random Pick,30.49,76.6,Random Drop,7,2,completed,30.0,15.0,0.0,45.0,1.5,5.4,cash,2026-07-29 10:20:04.825950,2026-07-29 10:39:04.825950
1,4,30.48,76.59,Random Pick,30.49,76.6,Random Drop,6,8,completed,30.0,15.0,0.0,45.0,1.5,5.4,cash,2026-08-23 12:20:04.825950,2026-08-23 12:40:04.825950
1,3,30.48,76.59,Random Pick,30.49,76.6,Random Drop,1,5,completed,30.0,15.0,0.0,45.0,1.5,5.4,cash,2026-08-29 05:20:04.825950,2026-08-29 05:36:04.825950
1,2,30.48,76.59,Random Pick,30.49,76.6,Random Drop,5,2,completed,30.0,15.0,0.0,45.0,1.5,5.4,cash,2026-09-07 22:20:04.825950,2026-09-07 22:28:04.825950
1,3,30.48,76.59,Random Pick,30.49,76.6,Random Drop,5,6,completed,30.0,15.0,0.0,45.0,1.5,5.4,cash,2026-08-18 02:20:04.825950,2026-08-18 02:39:04.825950
1,6,30.48,76.59,Random Pick,30.49,76.6,Random Drop,2,4,completed,30.0,15.0,0.0,45.0,1.5,5.4,cash,2026-08-10 08:20:04.825950,2026-08-10 08:37:04.825950
1,8,30.48,76.59,Random Pick,30.49,76.6,Random Drop,2,7,completed,30.0,15.0,0.0,45.0,1.5,5.4,cash,2026-07-31 23:20:04.825950,2026-07-31 23:28:04.825950
1,8,30.48,76.59,Random Pick,30.49,76.6,Random Drop,5,1,completed,30.0,15.0,0.0,45.0,1.5,5.4,cash,2026-08-03 19:20:04.825950,2026-08-03 19:31:04.825950
1,3,30.48,76.59,Random Pick,30.49,76.6,Random Drop,2,3,completed,30.0,15.0,0.0,45.0,1.5,5.4,cash,2026-08-27 03:20:04.825950,2026-08-27 03:37:04.825950
1,7,30.48,76.59,Random Pick,30.49,76.6,Random Drop,6,6,completed,30.0,15.0,0.0,45.0,1.5,5.4,cash,2026-07-28 00:20:04.825950,2026-07-28 00:33:04.825950
1,6,30.48,76.59,Random Pick,30.49,76.6,Random Drop,6,3,completed,30.0,15.0,0.0,45.0,1.5,5.4,cash,2026-08-27 11:20:04.825950,2026-08-27 11:37:04.825950
1,8,30.48,76.59,Random Pick,30.49,76.6,Random Drop,4,5,completed,30.0,15.0,0.0,45.0,1.5,5.4,cash,2026-09-06 20:20:04.825950,2026-09-06 20:32:04.825950
1,3,30.48,76.59,Random Pick,30.49,76.6,Random Drop,8,5,completed,30.0,15.0,0.0,45.0,1.5,5.4,cash,2026-09-06 18:20:04.825950,2026-09-06 18:25:04.825950
1,6,30.48,76.59,Random Pick,30.49,76.6,Random Drop,5,6,completed,30.0,15.0,0.0,45.0,1.5,5.4,cash,2026-08-12 01:20:04.825950,2026-08-12 01:33:04.825950
1,8,30.48,76.59,Random Pick,30.49,76.6,Random Drop,6,7,completed,30.0,15.0,0.0,45.0,1.5,5.4,cash,2026-08-23 23:20:04.825950,2026-08-23 23:25:04.825950
1,2,30.48,76.59,Random Pick,30.49,76.6,Random Drop,4,2,completed,30.0,15.0,0.0,45.0,1.5,5.4,cash,2026-07-26 21:20:04.825950,2026-07-26 21:27:04.825950
1,4,30.48,76.59,Random Pick,30.49,76.6,Random Drop,7,3,completed,30.0,15.0,0.0,45.0,1.5,5.4,cash,2026-09-15 09:20:04.825950,2026-09-15 09:40:04.825950
1,8,30.48,76.59,Random Pick,30.49,76.6,Random Drop,4,8,completed,30.0,15.0,0.0,45.0,1.5,5.4,cash,2026-08-07 21:20:04.825950,2026-08-07 21:33:04.825950
1,9,30.48,76.59,Random Pick,30.49,76.6,Random Drop,2,4,completed,30.0,15.0,0.0,45.0,1.5,5.4,cash,2026-08-05 20:20:04.825950,2026-08-05 20:37:04.825950
1,7,30.48,76.59,Random Pick,30.49,76.6,Random Drop,4,1,completed,30.0,15.0,0.0,45.0,1.5,5.4,cash,2026-09-09 09:20:04.825950,2026-09-09 09:35:04.825950
1,2,30.48,76.59,Random Pick,30.49,76.6,Random Drop,8,4,completed,30.0,15.0,0.0,45.0,1.5,5.4,cash,2026-09-17 23:20:04.825950,2026-09-17 23:33:04.825950
1,8,30.48,76.59,Random Pick,30.49,76.6,Random Drop,2,6,completed,30.0,15.0,0.0,45.0,1.5,5.4,cash,2026-07-28 15:20:04.825950,2026-07-28 15:26:04.825950
1,3,30.48,76.59,Random Pick,30.49,76.6,Random Drop,2,4,completed,30.0,15.0,0.0,45.0,1.5,5.4,cash,2026-09-10 12:20:04.825950,2026-09-10 12:38:04.825950
1,5,30.48,76.59,Random Pick,30.49,76.6,Random Drop,1,5,completed,30.0,15.0,0.0,45.0,1.5,5.4,cash,2026-08-17 06:20:04.825950,2026-08-17 06:33:04.825950
1,5,30.48,76.59,Random Pick,30.49,76.6,Random Drop,5,8,completed,30.0,15.0,0.0,45.0,1.5,5.4,cash,2026-09-12 01:20:04.825950,2026-09-12 01:39:04.825950
1,8,30.48,76.59,Random Pick,30.49,76.6,Random Drop,1,3,completed,30.0,15.0,0.0,45.0,1.5,5.4,cash,2026-07-29 00:20:04.825950,2026-07-29 00:40:04.825950
1,7,30.48,76.59,Random Pick,30.49,76.6,Random Drop,6,2,completed,30.0,15.0,0.0,45.0,1.5,5.4,cash,2026-09-12 19:20:04.825950,2026-09-12 19:34:04.825950
1,6,30.48,76.59,Random Pick,30.49,76.6,Random Drop,6,5,completed,30.0,15.0,0.0,45.0,1.5,5.4,cash,2026-08-10 14:20:04.825950,2026-08-10 14:37:04.825950
1,6,30.48,76.59,Random Pick,30.49,76.6,Random Drop,6,3,completed,30.0,15.0,0.0,45.0,1.5,5.4,cash,2026-08-31 15:20:04.825950,2026-08-31 15:27:04.825950
1,8,30.48,76.59,Random Pick,30.49,76.6,Random Drop,6,3,completed,30.0,15.0,0.0,45.0,1.5,5.4,cash,2026-09-04 17:20:04.825950,2026-09-04 17:40:04.825950
1,2,30.48,76.59,Random Pick,30.49,76.6,Random Drop,3,1,completed,30.0,15.0,0.0,45.0,1.5,5.4,cash,2026-08-24 09:20:04.825950,2026-08-24 09:28:04.825950
1,9,30.48,76.59,Random Pick,30.49,76.6,Random Drop,2,4,completed,30.0,15.0,0.0,45.0,1.5,5.4,cash,2026-08-30 12:20:04.825950,2026-08-30 12:33:04.825950
1,6,30.48,76.59,Random Pick,30.49,76.6,Random Drop,8,6,completed,30.0,15.0,0.0,45.0,1.5,5.4,cash,2026-08-21 05:20:04.825950,2026-08-21 05:30:04.825950
1,3,30.48,76.59,Random Pick,30.49,76.6,Random Drop,6,7,completed,30.0,15.0,0.0,45.0,1.5,5.4,cash,2026-08-15 02:20:04.825950,2026-08-15 02:31:04.825950
1,4,30.48,76.59,Random Pick,30.49,76.6,Random Drop,4,7,completed,30.0,15.0,0.0,45.0,1.5,5.4,cash,2026-09-11 03:20:04.825950,2026-09-11 03:33:04.825950
1,3,30.48,76.59,Random Pick,30.49,76.6,Random Drop,8,1,completed,30.0,15.0,0.0,45.0,1.5,5.4,cash,2026-09-08 00:20:04.825950,2026-09-08 00:26:04.825950
1,2,30.48,76.59,Random Pick,30.49,76.6,Random Drop,8,8,completed,30.0,15.0,0.0,45.0,1.5,5.4,cash,2026-08-02 20:20:04.825950,2026-08-02 20:28:04.825950
1,7,30.48,76.59,Random Pick,30.49,76.6,Random Drop,5,8,completed,30.0,15.0,0.0,45.0,1.5,5.4,cash,2026-08-05 19:20:04.825950,2026-08-05 19:37:04.825950
1,2,30.48,76.59,Random Pick,30.49,76.6,Random Drop,4,5,completed,30.0,15.0,0.0,45.0,1.5,5.4,cash,2026-08-01 12:20:04.825950,2026-08-01 12:34:04.825950
1,3,30.48,76.59,Random Pick,30.49,76.6,Random Drop,5,5,completed,30.0,15.0,0.0,45.0,1.5,5.4,cash,2026-09-11 20:20:04.825950,2026-09-11 20:30:04.825950
1,7,30.48,76.59,Random Pick,30.49,76.6,Random Drop,4,6,completed,30.0,15.0,0.0,45.0,1.5,5.4,cash,2026-09-17 12:20:04.825950,2026-09-17 12:29:04.825950
1,5,30.48,76.59,Random Pick,30.49,76.6,Random Drop,4,8,completed,30.0,15.0,0.0,45.0,1.5,5.4,cash,2026-09-10 08:20:04.825950,2026-09-10 08:30:04.825950
1,7,30.48,76.59,Random Pick,30.49,76.6,Random Drop,8,7,completed,30.0,15.0,0.0,45.0,1.5,5.4,cash,2026-09-09 18:20:04.825950,2026-09-09 18:40:04.825950
1,5,30.48,76.59,Random Pick,30.49,76.6,Random Drop,2,1,completed,30.0,15.0,0.0,45.0,1.5,5.4,cash,2026-09-13 02:20:04.825950,2026-09-13 02:29:04.825950
1,8,30.48,76.59,Random Pick,30.49,76.6,Random Drop,6,5,completed,30.0,15.0,0.0,45.0,1.5,5.4,cash,2026-08-30 12:20:04.825950,2026-08-30 12:39:04.825950
1,3,30.48,76.59,Random Pick,30.49,76.6,Random Drop,2,6,completed,30.0,15.0,0.0,45.0,1.5,5.4,cash,2026-09-04 10:20:04.825950,2026-09-04 10:29:04.825950
1,2,30.48,76.59,Random Pick,30.49,76.6,Random Drop,8,5,completed,30.0,15.0,0.0,45.0,1.5,5.4,cash,2026-07-31 15:20:04.825950,2026-07-31 15:27:04.825950
1,3,30.48,76.59,Random Pick,30.49,76.6,Random Drop,8,2,completed,30.0,15.0,0.0,45.0,1.5,5.4,cash,2026-07-26 07:20:04.825950,2026-07-26 07:38:04.825950
1,6,30.48,76.59,Random Pick,30.49,76.6,Random Drop,2,7,completed,30.0,15.0,0.0,45.0,1.5,5.4,cash,2026-08-05 07:20:04.825950,2026-08-05 07:33:04.825950
1,3,30.48,76.59,Random Pick,30.49,76.6,Random Drop,7,2,completed,30.0,15.0,0.0,45.0,1.5,5.4,cash,2026-08-16 20:20:04.825950,2026-08-16 20:32:04.825950
1,7,30.48,76.59,Random Pick,30.49,76.6,Random Drop,8,5,completed,30.0,15.0,0.0,45.0,1.5,5.4,cash,2026-07-31 06:20:04.825950,2026-07-31 06:30:04.825950
1,5,30.48,76.59,Random Pick,30.49,76.6,Random Drop,8,6,completed,30.0,15.0,0.0,45.0,1.5,5.4,cash,2026-08-20 21:20:04.825950,2026-08-20 21:30:04.825950
1,9,30.48,76.59,Random Pick,30.49,76.6,Random Drop,8,5,completed,30.0,15.0,0.0,45.0,1.5,5.4,cash,2026-08-15 16:20:04.825950,2026-08-15 16:40:04.825950
1,2,30.48,76.59,Random Pick,30.49,76.6,Random Drop,1,8,completed,30.0,15.0,0.0,45.0,1.5,5.4,cash,2026-09-03 05:20:04.825950,2026-09-03 05:28:04.825950
1,7,30.48,76.59,Random Pick,30.49,76.6,Random Drop,3,4,completed,30.0,15.0,0.0,45.0,1.5,5.4,cash,2026-09-18 02:20:04.825950,2026-09-18 02:30:04.825950
1,4,30.48,76.59,Random Pick,30.49,76.6,Random Drop,2,2,completed,30.0,15.0,0.0,45.0,1.5,5.4,cash,2026-08-23 15:20:04.825950,2026-08-23 15:25:04.825950
1,4,30.48,76.59,Random Pick,30.49,76.6,Random Drop,3,7,completed,30.0,15.0,0.0,45.0,1.5,5.4,cash,2026-09-11 02:20:04.825950,2026-09-11 02:40:04.825950
1,8,30.48,76.59,Random Pick,30.49,76.6,Random Drop,1,7,completed,30.0,15.0,0.0,45.0,1.5,5.4,cash,2026-09-12 21:20:04.825950,2026-09-12 21:38:04.825950
1,8,30.48,76.59,Random Pick,30.49,76.6,Random Drop,3,6,completed,30.0,15.0,0.0,45.0,1.5,5.4,cash,2026-07-27 18:20:04.825950,2026-07-27 18:31:04.825950
1,7,30.48,76.59,Random Pick,30.49,76.6,Random Drop,4,8,completed,30.0,15.0,0.0,45.0,1.5,5.4,cash,2026-09-10 23:20:04.825950,2026-09-10 23:27:04.825950
1,8,30.48,76.59,Random Pick,30.49,76.6,Random Drop,5,3,completed,30.0,15.0,0.0,45.0,1.5,5.4,cash,2026-08-30 02:20:04.825950,2026-08-30 02:28:04.825950
1,5,30.48,76.59,Random Pick,30.49,76.6,Random Drop,1,8,completed,30.0,15.0,0.0,45.0,1.5,5.4,cash,2026-07-26 05:20:04.825950,2026-07-26 05:25:04.825950
1,9,30.48,76.59,Random Pick,30.49,76.6,Random Drop,1,1,completed,30.0,15.0,0.0,45.0,1.5,5.4,cash,2026-09-14 18:20:04.825950,2026-09-14 18:32:04.825950
1,8,30.48,76.59,Random Pick,30.49,76.6,Random Drop,1,7,completed,30.0,15.0,0.0,45.0,1.5,5.4,cash,2026-09-05 17:20:04.825950,2026-09-05 17:32:04.825950
1,9,30.48,76.59,Random Pick,30.49,76.6,Random Drop,1,1,completed,30.0,15.0,0.0,45.0,1.5,5.4,cash,2026-08-09 03:20:04.825950,2026-08-09 03:32:04.825950
1,4,30.48,76.59,Random Pick,30.49,76.6,Random Drop,5,7,completed,30.0,15.0,0.0,45.0,1.5,5.4,cash,2026-08-18 10:20:04.825950,2026-08-18 10:40:04.825950
1,8,30.48,76.59,Random Pick,30.49,76.6,Random Drop,8,3,completed,30.0,15.0,0.0,45.0,1.5,5.4,cash,2026-08-21 02:20:04.825950,2026-08-21 02:38:04.825950
1,9,30.48,76.59,Random Pick,30.49,76.6,Random Drop,1,5,completed,30.0,15.0,0.0,45.0,1.5,5.4,cash,2026-08-24 18:20:04.825950,2026-08-24 18:33:04.825950
1,7,30.48,76.59,Random Pick,30.49,76.6,Random Drop,7,8,completed,30.0,15.0,0.0,45.0,1.5,5.4,cash,2026-08-24 03:20:04.825950,2026-08-24 03:29:04.825950
1,8,30.48,76.59,Random Pick,30.49,76.6,Random Drop,8,6,completed,30.0,15.0,0.0,45.0,1.5,5.4,cash,2026-08-31 13:20:04.825950,2026-08-31 13:33:04.825950
1,3,30.48,76.59,Random Pick,30.49,76.6,Random Drop,3,8,completed,30.0,15.0,0.0,45.0,1.5,5.4,cash,2026-08-02 18:20:04.825950,2026-08-02 18:33:04.825950
1,7,30.48,76.59,Random Pick,30.49,76.6,Random Drop,8,1,completed,30.0,15.0,0.0,45.0,1.5,5.4,cash,2026-09-06 15:20:04.825950,2026-09-06 15:26:04.825950
1,7,30.48,76.59,Random Pick,30.49,76.6,Random Drop,5,3,completed,30.0,15.0,0.0,45.0,1.5,5.4,cash,2026-08-11 15:20:04.825950,2026-08-11 15:29:04.825950
1,8,30.48,76.59,Random Pick,30.49,76.6,Random Drop,3,3,completed,30.0,15.0,0.0,45.0,1.5,5.4,cash,2026-07-31 07:20:04.825950,2026-07-31 07:37:04.825950
1,2,30.48,76.59,Random Pick,30.49,76.6,Random Drop,4,4,completed,30.0,15.0,0.0,45.0,1.5,5.4,cash,2026-09-16 07:20:04.825950,2026-09-16 07:29:04.825950
1,7,30.48,76.59,Random Pick,30.49,76.6,Random Drop,5,3,completed,30.0,15.0,0.0,45.0,1.5,5.4,cash,2026-08-28 07:20:04.825950,2026-08-28 07:36:04.825950
1,5,30.48,76.59,Random Pick,30.49,76.6,Random Drop,4,1,completed,30.0,15.0,0.0,45.0,1.5,5.4,cash,2026-09-01 22:20:04.825950,2026-09-01 22:26:04.825950
1,2,30.48,76.59,Random Pick,30.49,76.6,Random Drop,5,7,completed,30.0,15.0,0.0,45.0,1.5,5.4,cash,2026-09-03 12:20:04.825950,2026-09-03 12:32:04.825950
1,8,30.48,76.59,Random Pick,30.49,76.6,Random Drop,2,6,completed,30.0,15.0,0.0,45.0,1.5,5.4,cash,2026-08-23 17:20:04.825950,2026-08-23 17:29:04.825950
1,6,30.48,76.59,Random Pick,30.49,76.6,Random Drop,3,8,completed,30.0,15.0,0.0,45.0,1.5,5.4,cash,2026-09-19 08:20:04.825950,2026-09-19 08:37:04.825950
1,3,30.48,76.59,Random Pick,30.49,76.6,Random Drop,6,3,completed,30.0,15.0,0.0,45.0,1.5,5.4,cash,2026-09-04 23:20:04.825950,2026-09-04 23:35:04.825950
1,9,30.48,76.59,Random Pick,30.49,76.6,Random Drop,4,1,completed,30.0,15.0,0.0,45.0,1.5,5.4,cash,2026-09-11 17:20:04.825950,2026-09-11 17:26:04.825950
1,8,30.48,76.59,Random Pick,30.49,76.6,Random Drop,4,7,completed,30.0,15.0,0.0,45.0,1.5,5.4,cash,2026-08-25 16:20:04.825950,2026-08-25 16:31:04.825950
1,9,30.48,76.59,Random Pick,30.49,76.6,Random Drop,3,7,completed,30.0,15.0,0.0,45.0,1.5,5.4,cash,2026-08-11 16:20:04.825950,2026-08-11 16:32:04.825950
1,4,30.48,76.59,Random Pick,30.49,76.6,Random Drop,5,3,completed,30.0,15.0,0.0,45.0,1.5,5.4,cash,2026-08-13 15:20:04.825950,2026-08-13 15:36:04.825950
1,5,30.48,76.59,Random Pick,30.49,76.6,Random Drop,3,8,completed,30.0,15.0,0.0,45.0,1.5,5.4,cash,2026-08-29 06:20:04.825950,2026-08-29 06:29:04.825950
1,4,30.48,76.59,Random Pick,30.49,76.6,Random Drop,8,3,completed,30.0,15.0,0.0,45.0,1.5,5.4,cash,2026-08-13 19:20:04.825950,2026-08-13 19:35:04.825950
1,3,30.48,76.59,Random Pick,30.49,76.6,Random Drop,4,1,completed,30.0,15.0,0.0,45.0,1.5,5.4,cash,2026-09-13 14:20:04.825950,2026-09-13 14:32:04.825950
1,2,30.48,76.59,Random Pick,30.49,76.6,Random Drop,8,1,completed,30.0,15.0,0.0,45.0,1.5,5.4,cash,2026-08-14 16:20:04.825950,2026-08-14 16:34:04.825950
1,6,30.48,76.59,Random Pick,30.49,76.6,Random Drop,4,1,completed,30.0,15.0,0.0,45.0,1.5,5.4,cash,2026-08-07 06:20:04.825950,2026-08-07 06:31:04.825950
1,6,30.48,76.59,Random Pick,30.49,76.6,Random Drop,1,4,completed,30.0,15.0,0.0,45.0,1.5,5.4,cash,2026-09-02 03:20:04.825950,2026-09-02 03:31:04.825950
1,3,30.48,76.59,Random Pick,30.49,76.6,Random Drop,4,4,completed,30.0,15.0,0.0,45.0,1.5,5.4,cash,2026-08-15 00:20:04.825950,2026-08-15 00:33:04.825950
1,3,30.48,76.59,Random Pick,30.49,76.6,Random Drop,7,3,completed,30.0,15.0,0.0,45.0,1.5,5.4,cash,2026-08-26 10:20:04.825950,2026-08-26 10:36:04.825950
1,2,30.48,76.59,Random Pick,30.49,76.6,Random Drop,8,5,completed,30.0,15.0,0.0,45.0,1.5,5.4,cash,2026-09-19 05:20:04.825950,2026-09-19 05:39:04.825950
1,3,30.48,76.59,Random Pick,30.49,76.6,Random Drop,8,6,completed,30.0,15.0,0.0,45.0,1.5,5.4,cash,2026-08-13 19:20:04.825950,2026-08-13 19:28:04.825950
1,8,30.48,76.59,Random Pick,30.49,76.6,Random Drop,7,1,completed,30.0,15.0,0.0,45.0,1.5,5.4,cash,2026-09-04 20:20:04.825950,2026-09-04 20:37:04.825950
1,7,30.48,76.59,Random Pick,30.49,76.6,Random Drop,6,5,completed,30.0,15.0,0.0,45.0,1.5,5.4,cash,2026-08-20 08:20:04.825950,2026-08-20 08:34:04.825950
1,7,30.48,76.59,Random Pick,30.49,76.6,Random Drop,2,8,completed,30.0,15.0,0.0,45.0,1.5,5.4,cash,2026-08-07 10:20:04.825950,2026-08-07 10:32:04.825950
1,8,30.48,76.59,Random Pick,30.49,76.6,Random Drop,3,5,completed,30.0,15.0,0.0,45.0,1.5,5.4,cash,2026-09-03 16:20:04.825950,2026-09-03 16:25:04.825950
1,4,30.48,76.59,Random Pick,30.49,76.6,Random Drop,4,8,completed,30.0,15.0,0.0,45.0,1.5,5.4,cash,2026-08-22 16:20:04.825950,2026-08-22 16:31:04.825950
1,7,30.48,76.59,Random Pick,30.49,76.6,Random Drop,7,4,completed,30.0,15.0,0.0,45.0,1.5,5.4,cash,2026-09-19 09:20:04.825950,2026-09-19 09:33:04.825950
1,2,30.48,76.59,Random Pick,30.49,76.6,Random Drop,4,4,completed,30.0,15.0,0.0,45.0,1.5,5.4,cash,2026-08-06 10:20:04.825950,2026-08-06 10:39:04.825950
1,5,30.48,76.59,Random Pick,30.49,76.6,Random Drop,8,4,completed,30.0,15.0,0.0,45.0,1.5,5.4,cash,2026-09-16 11:20:04.825950,2026-09-16 11:27:04.825950
1,5,30.48,76.59,Random Pick,30.49,76.6,Random Drop,1,3,completed,30.0,15.0,0.0,45.0,1.5,5.4,cash,2026-08-26 21:20:04.825950,2026-08-26 21:28:04.825950
1,8,30.48,76.59,Random Pick,30.49,76.6,Random Drop,6,6,completed,30.0,15.0,0.0,45.0,1.5,5.4,cash,2026-09-14 19:20:04.825950,2026-09-14 19:36:04.825950
1,4,30.48,76.59,Random Pick,30.49,76.6,Random Drop,1,6,completed,30.0,15.0,0.0,45.0,1.5,5.4,cash,2026-08-02 00:20:04.825950,2026-08-02 00:25:04.825950
1,8,30.48,76.59,Random Pick,30.49,76.6,Random Drop,7,7,completed,30.0,15.0,0.0,45.0,1.5,5.4,cash,2026-08-28 22:20:04.825950,2026-08-28 22:26:04.825950
1,5,30.48,76.59,Random Pick,30.49,76.6,Random Drop,8,5,completed,30.0,15.0,0.0,45.0,1.5,5.4,cash,2026-08-29 12:20:04.825950,2026-08-29 12:40:04.825950
1,3,30.48,76.59,Random Pick,30.49,76.6,Random Drop,8,5,completed,30.0,15.0,0.0,45.0,1.5,5.4,cash,2026-08-30 18:20:04.825950,2026-08-30 18:38:04.825950
1,7,30.48,76.59,Random Pick,30.49,76.6,Random Drop,3,2,completed,30.0,15.0,0.0,45.0,1.5,5.4,cash,2026-08-16 04:20:04.825950,2026-08-16 04:25:04.825950
1,4,30.48,76.59,Random Pick,30.49,76.6,Random Drop,6,5,completed,30.0,15.0,0.0,45.0,1.5,5.4,cash,2026-08-14 20:20:04.825950,2026-08-14 20:29:04.825950
1,4,30.48,76.59,Random Pick,30.49,76.6,Random Drop,7,3,completed,30.0,15.0,0.0,45.0,1.5,5.4,cash,2026-09-04 04:20:04.825950,2026-09-04 04:28:04.825950
1,8,30.48,76.59,Random Pick,30.49,76.6,Random Drop,6,4,completed,30.0,15.0,0.0,45.0,1.5,5.4,cash,2026-08-22 21:20:04.825950,2026-08-22 21:39:04.825950
1,8,30.48,76.59,Random Pick,30.49,76.6,Random Drop,4,4,completed,30.0,15.0,0.0,45.0,1.5,5.4,cash,2026-08-20 07:20:04.825950,2026-08-20 07:33:04.825950
1,6,30.48,76.59,Random Pick,30.49,76.6,Random Drop,6,1,completed,30.0,15.0,0.0,45.0,1.5,5.4,cash,2026-09-16 14:20:04.825950,2026-09-16 14:31:04.825950
1,7,30.48,76.59,Random Pick,30.49,76.6,Random Drop,6,5,completed,30.0,15.0,0.0,45.0,1.5,5.4,cash,2026-09-11 14:20:04.825950,2026-09-11 14:38:04.825950
1,7,30.48,76.59,Random Pick,30.49,76.6,Random Drop,7,4,completed,30.0,15.0,0.0,45.0,1.5,5.4,cash,2026-08-26 00:20:04.825950,2026-08-26 00:27:04.825950
1,9,30.48,76.59,Random Pick,30.49,76.6,Random Drop,1,4,completed,30.0,15.0,0.0,45.0,1.5,5.4,cash,2026-09-04 05:20:04.825950,2026-09-04 05:26:04.825950
1,3,30.48,76.59,Random Pick,30.49,76.6,Random Drop,3,1,completed,30.0,15.0,0.0,45.0,1.5,5.4,cash,2026-07-30 16:20:04.825950,2026-07-30 16:29:04.825950
1,8,30.48,76.59,Random Pick,30.49,76.6,Random Drop,4,7,completed,30.0,15.0,0.0,45.0,1.5,5.4,cash,2026-09-04 00:20:04.825950,2026-09-04 00:32:04.825950
1,8,30.48,76.59,Random Pick,30.49,76.6,Random Drop,6,8,completed,30.0,15.0,0.0,45.0,1.5,5.4,cash,2026-08-09 10:20:04.825950,2026-08-09 10:31:04.825950
1,5,30.48,76.59,Random Pick,30.49,76.6,Random Drop,3,5,completed,30.0,15.0,0.0,45.0,1.5,5.4,cash,2026-08-10 23:20:04.825950,2026-08-10 23:39:04.825950
1,3,30.48,76.59,Random Pick,30.49,76.6,Random Drop,4,7,completed,30.0,15.0,0.0,45.0,1.5,5.4,cash,2026-08-17 23:20:04.825950,2026-08-17 23:37:04.825950
1,3,30.48,76.59,Random Pick,30.49,76.6,Random Drop,2,1,completed,30.0,15.0,0.0,45.0,1.5,5.4,cash,2026-07-26 13:20:04.825950,2026-07-26 13:25:04.825950
1,8,30.48,76.59,Random Pick,30.49,76.6,Random Drop,7,1,completed,30.0,15.0,0.0,45.0,1.5,5.4,cash,2026-08-20 22:20:04.825950,2026-08-20 22:39:04.825950
1,8,30.48,76.59,Random Pick,30.49,76.6,Random Drop,3,5,completed,30.0,15.0,0.0,45.0,1.5,5.4,cash,2026-08-12 20:20:04.825950,2026-08-12 20:34:04.825950
1,9,30.48,76.59,Random Pick,30.49,76.6,Random Drop,4,6,completed,30.0,15.0,0.0,45.0,1.5,5.4,cash,2026-09-02 07:20:04.825950,2026-09-02 07:36:04.825950
1,3,30.48,76.59,Random Pick,30.49,76.6,Random Drop,5,8,completed,30.0,15.0,0.0,45.0,1.5,5.4,cash,2026-09-17 21:20:04.825950,2026-09-17 21:38:04.825950
1,5,30.48,76.59,Random Pick,30.49,76.6,Random Drop,1,8,completed,30.0,15.0,0.0,45.0,1.5,5.4,cash,2026-07-31 02:20:04.825950,2026-07-31 02:28:04.825950
1,7,30.48,76.59,Random Pick,30.49,76.6,Random Drop,5,2,completed,30.0,15.0,0.0,45.0,1.5,5.4,cash,2026-08-30 12:20:04.825950,2026-08-30 12:25:04.825950
1,9,30.48,76.59,Random Pick,30.49,76.6,Random Drop,6,4,completed,30.0,15.0,0.0,45.0,1.5,5.4,cash,2026-08-19 11:20:04.825950,2026-08-19 11:33:04.825950
1,6,30.48,76.59,Random Pick,30.49,76.6,Random Drop,7,5,completed,30.0,15.0,0.0,45.0,1.5,5.4,cash,2026-08-30 20:20:04.825950,2026-08-30 20:40:04.825950
1,9,30.48,76.59,Random Pick,30.49,76.6,Random Drop,4,1,completed,30.0,15.0,0.0,45.0,1.5,5.4,cash,2026-08-13 08:20:04.825950,2026-08-13 08:35:04.825950
1,7,30.48,76.59,Random Pick,30.49,76.6,Random Drop,1,7,completed,30.0,15.0,0.0,45.0,1.5,5.4,cash,2026-08-06 06:20:04.825950,2026-08-06 06:38:04.825950
1,5,30.48,76.59,Random Pick,30.49,76.6,Random Drop,2,8,completed,30.0,15.0,0.0,45.0,1.5,5.4,cash,2026-08-24 13:20:04.825950,2026-08-24 13:34:04.825950
1,3,30.48,76.59,Random Pick,30.49,76.6,Random Drop,8,4,completed,30.0,15.0,0.0,45.0,1.5,5.4,cash,2026-09-02 11:20:04.825950,2026-09-02 11:39:04.825950
1,6,30.48,76.59,Random Pick,30.49,76.6,Random Drop,4,6,completed,30.0,15.0,0.0,45.0,1.5,5.4,cash,2026-08-18 11:20:04.825950,2026-08-18 11:26:04.825950
1,7,30.48,76.59,Random Pick,30.49,76.6,Random Drop,7,4,completed,30.0,15.0,0.0,45.0,1.5,5.4,cash,2026-09-15 20:20:04.825950,2026-09-15 20:26:04.825950
1,7,30.48,76.59,Random Pick,30.49,76.6,Random Drop,3,1,completed,30.0,15.0,0.0,45.0,1.5,5.4,cash,2026-08-28 20:20:04.825950,2026-08-28 20:29:04.825950
1,8,30.48,76.59,Random Pick,30.49,76.6,Random Drop,1,5,completed,30.0,15.0,0.0,45.0,1.5,5.4,cash,2026-08-15 13:20:04.825950,2026-08-15 13:37:04.825950
1,6,30.48,76.59,Random Pick,30.49,76.6,Random Drop,3,4,completed,30.0,15.0,0.0,45.0,1.5,5.4,cash,2026-09-16 00:20:04.825950,2026-09-16 00:34:04.825950
1,6,30.48,76.59,Random Pick,30.49,76.6,Random Drop,6,7,completed,30.0,15.0,0.0,45.0,1.5,5.4,cash,2026-08-14 22:20:04.825950,2026-08-14 22:35:04.825950
1,4,30.48,76.59,Random Pick,30.49,76.6,Random Drop,2,2,completed,30.0,15.0,0.0,45.0,1.5,5.4,cash,2026-08-10 05:20:04.825950,2026-08-10 05:36:04.825950
1,5,30.48,76.59,Random Pick,30.49,76.6,Random Drop,1,8,completed,30.0,15.0,0.0,45.0,1.5,5.4,cash,2026-08-28 07:20:04.825950,2026-08-28 07:27:04.825950
1,5,30.48,76.59,Random Pick,30.49,76.6,Random Drop,1,6,completed,30.0,15.0,0.0,45.0,1.5,5.4,cash,2026-07-26 13:20:04.825950,2026-07-26 13:34:04.825950
1,8,30.48,76.59,Random Pick,30.49,76.6,Random Drop,5,7,completed,30.0,15.0,0.0,45.0,1.5,5.4,cash,2026-08-30 22:20:04.825950,2026-08-30 22:25:04.825950
1,5,30.48,76.59,Random Pick,30.49,76.6,Random Drop,1,8,completed,30.0,15.0,0.0,45.0,1.5,5.4,cash,2026-08-20 16:20:04.825950,2026-08-20 16:37:04.825950
1,6,30.48,76.59,Random Pick,30.49,76.6,Random Drop,8,8,completed,30.0,15.0,0.0,45.0,1.5,5.4,cash,2026-08-17 06:20:04.825950,2026-08-17 06:38:04.825950
1,3,30.48,76.59,Random Pick,30.49,76.6,Random Drop,2,7,completed,30.0,15.0,0.0,45.0,1.5,5.4,cash,2026-09-13 20:20:04.825950,2026-09-13 20:27:04.825950
1,3,30.48,76.59,Random Pick,30.49,76.6,Random Drop,3,6,completed,30.0,15.0,0.0,45.0,1.5,5.4,cash,2026-08-11 00:20:04.825950,2026-08-11 00:26:04.825950
1,7,30.48,76.59,Random Pick,30.49,76.6,Random Drop,7,6,completed,30.0,15.0,0.0,45.0,1.5,5.4,cash,2026-08-15 09:20:04.825950,2026-08-15 09:38:04.825950
1,2,30.48,76.59,Random Pick,30.49,76.6,Random Drop,2,1,completed,30.0,15.0,0.0,45.0,1.5,5.4,cash,2026-09-07 00:20:04.825950,2026-09-07 00:34:04.825950
1,5,30.48,76.59,Random Pick,30.49,76.6,Random Drop,6,4,completed,30.0,15.0,0.0,45.0,1.5,5.4,cash,2026-08-05 14:20:04.825950,2026-08-05 14:31:04.825950
1,8,30.48,76.59,Random Pick,30.49,76.6,Random Drop,3,7,completed,30.0,15.0,0.0,45.0,1.5,5.4,cash,2026-08-26 22:20:04.825950,2026-08-26 22:25:04.825950
1,7,30.48,76.59,Random Pick,30.49,76.6,Random Drop,4,6,completed,30.0,15.0,0.0,45.0,1.5,5.4,cash,2026-08-03 16:20:04.825950,2026-08-03 16:25:04.825950
1,7,30.48,76.59,Random Pick,30.49,76.6,Random Drop,3,8,completed,30.0,15.0,0.0,45.0,1.5,5.4,cash,2026-07-28 08:20:04.825950,2026-07-28 08:31:04.825950
1,3,30.48,76.59,Random Pick,30.49,76.6,Random Drop,1,1,completed,30.0,15.0,0.0,45.0,1.5,5.4,cash,2026-09-08 09:20:04.825950,2026-09-08 09:27:04.825950
1,7,30.48,76.59,Random Pick,30.49,76.6,Random Drop,5,8,completed,30.0,15.0,0.0,45.0,1.5,5.4,cash,2026-08-10 20:20:04.825950,2026-08-10 20:28:04.825950
1,7,30.48,76.59,Random Pick,30.49,76.6,Random Drop,2,1,completed,30.0,15.0,0.0,45.0,1.5,5.4,cash,2026-09-10 08:20:04.825950,2026-09-10 08:37:04.825950
1,6,30.48,76.59,Random Pick,30.49,76.6,Random Drop,2,2,completed,30.0,15.0,0.0,45.0,1.5,5.4,cash,2026-09-19 22:20:04.825950,2026-09-19 22:31:04.825950
1,2,30.48,76.59,Random Pick,30.49,76.6,Random Drop,6,6,completed,30.0,15.0,0.0,45.0,1.5,5.4,cash,2026-08-29 08:20:04.825950,2026-08-29 08:35:04.825950
1,5,30.48,76.59,Random Pick,30.49,76.6,Random Drop,2,7,completed,30.0,15.0,0.0,45.0,1.5,5.4,cash,2026-08-05 10:20:04.825950,2026-08-05 10:39:04.825950
1,9,30.48,76.59,Random Pick,30.49,76.6,Random Drop,7,2,completed,30.0,15.0,0.0,45.0,1.5,5.4,cash,2026-08-02 01:20:04.825950,2026-08-02 01:40:04.825950
1,6,30.48,76.59,Random Pick,30.49,76.6,Random Drop,1,3,completed,30.0,15.0,0.0,45.0,1.5,5.4,cash,2026-07-26 18:20:04.825950,2026-07-26 18:31:04.825950
1,2,30.48,76.59,Random Pick,30.49,76.6,Random Drop,6,8,completed,30.0,15.0,0.0,45.0,1.5,5.4,cash,2026-08-09 00:20:04.825950,2026-08-09 00:28:04.825950
1,3,30.48,76.59,Random Pick,30.49,76.6,Random Drop,7,3,completed,30.0,15.0,0.0,45.0,1.5,5.4,cash,2026-09-15 08:20:04.825950,2026-09-15 08:32:04.825950
1,3,30.48,76.59,Random Pick,30.49,76.6,Random Drop,3,4,completed,30.0,15.0,0.0,45.0,1.5,5.4,cash,2026-08-12 20:20:04.825950,2026-08-12 20:33:04.825950
1,4,30.48,76.59,Random Pick,30.49,76.6,Random Drop,6,3,completed,30.0,15.0,0.0,45.0,1.5,5.4,cash,2026-09-13 07:20:04.825950,2026-09-13 07:26:04.825950
1,2,30.48,76.59,Random Pick,30.49,76.6,Random Drop,5,1,completed,30.0,15.0,0.0,45.0,1.5,5.4,cash,2026-09-12 03:20:04.825950,2026-09-12 03:31:04.825950
1,9,30.48,76.59,Random Pick,30.49,76.6,Random Drop,2,8,completed,30.0,15.0,0.0,45.0,1.5,5.4,cash,2026-09-04 21:20:04.825950,2026-09-04 21:36:04.825950
1,8,30.48,76.59,Random Pick,30.49,76.6,Random Drop,6,3,completed,30.0,15.0,0.0,45.0,1.5,5.4,cash,2026-09-08 16:20:04.825950,2026-09-08 16:39:04.825950
1,8,30.48,76.59,Random Pick,30.49,76.6,Random Drop,1,7,completed,30.0,15.0,0.0,45.0,1.5,5.4,cash,2026-08-16 21:20:04.825950,2026-08-16 21:28:04.825950
1,8,30.48,76.59,Random Pick,30.49,76.6,Random Drop,3,3,completed,30.0,15.0,0.0,45.0,1.5,5.4,cash,2026-07-31 22:20:04.825950,2026-07-31 22:26:04.825950
1,2,30.48,76.59,Random Pick,30.49,76.6,Random Drop,4,7,completed,30.0,15.0,0.0,45.0,1.5,5.4,cash,2026-09-19 13:20:04.825950,2026-09-19 13:36:04.825950
1,7,30.48,76.59,Random Pick,30.49,76.6,Random Drop,7,8,completed,30.0,15.0,0.0,45.0,1.5,5.4,cash,2026-08-01 09:20:04.825950,2026-08-01 09:27:04.825950
1,3,30.48,76.59,Random Pick,30.49,76.6,Random Drop,2,7,completed,30.0,15.0,0.0,45.0,1.5,5.4,cash,2026-08-09 11:20:04.825950,2026-08-09 11:26:04.825950
1,3,30.48,76.59,Random Pick,30.49,76.6,Random Drop,2,2,completed,30.0,15.0,0.0,45.0,1.5,5.4,cash,2026-09-19 00:20:04.825950,2026-09-19 00:29:04.825950
1,5,30.48,76.59,Random Pick,30.49,76.6,Random Drop,4,4,completed,30.0,15.0,0.0,45.0,1.5,5.4,cash,2026-09-19 04:20:04.825950,2026-09-19 04:26:04.825950
1,7,30.48,76.59,Random Pick,30.49,76.6,Random Drop,6,8,completed,30.0,15.0,0.0,45.0,1.5,5.4,cash,2026-08-10 15:20:04.825950,2026-08-10 15:29:04.825950
1,4,30.48,76.59,Random Pick,30.49,76.6,Random Drop,7,4,completed,30.0,15.0,0.0,45.0,1.5,5.4,cash,2026-07-31 04:20:04.825950,2026-07-31 04:28:04.825950
1,8,30.48,76.59,Random Pick,30.49,76.6,Random Drop,6,2,completed,30.0,15.0,0.0,45.0,1.5,5.4,cash,2026-08-19 09:20:04.825950,2026-08-19 09:25:04.825950
1,3,30.48,76.59,Random Pick,30.49,76.6,Random Drop,7,7,completed,30.0,15.0,0.0,45.0,1.5,5.4,cash,2026-09-13 20:20:04.825950,2026-09-13 20:26:04.825950
1,2,30.48,76.59,Random Pick,30.49,76.6,Random Drop,6,6,completed,30.0,15.0,0.0,45.0,1.5,5.4,cash,2026-08-19 17:20:04.825950,2026-08-19 17:30:04.825950
1,4,30.48,76.59,Random Pick,30.49,76.6,Random Drop,2,1,completed,30.0,15.0,0.0,45.0,1.5,5.4,cash,2026-08-02 17:20:04.825950,2026-08-02 17:31:04.825950
1,3,30.48,76.59,Random Pick,30.49,76.6,Random Drop,1,7,completed,30.0,15.0,0.0,45.0,1.5,5.4,cash,2026-08-31 03:20:04.825950,2026-08-31 03:33:04.825950
1,6,30.48,76.59,Random Pick,30.49,76.6,Random Drop,1,5,completed,30.0,15.0,0.0,45.0,1.5,5.4,cash,2026-08-03 22:20:04.825950,2026-08-03 22:38:04.825950
1,9,30.48,76.59,Random Pick,30.49,76.6,Random Drop,2,2,completed,30.0,15.0,0.0,45.0,1.5,5.4,cash,2026-07-29 18:20:04.825950,2026-07-29 18:33:04.825950
1,6,30.48,76.59,Random Pick,30.49,76.6,Random Drop,4,7,completed,30.0,15.0,0.0,45.0,1.5,5.4,cash,2026-07-29 09:20:04.825950,2026-07-29 09:35:04.825950
1,7,30.48,76.59,Random Pick,30.49,76.6,Random Drop,5,1,completed,30.0,15.0,0.0,45.0,1.5,5.4,cash,2026-08-17 14:20:04.825950,2026-08-17 14:37:04.825950
1,2,30.48,76.59,Random Pick,30.49,76.6,Random Drop,6,7,completed,30.0,15.0,0.0,45.0,1.5,5.4,cash,2026-07-27 02:20:04.825950,2026-07-27 02:29:04.825950
1,7,30.48,76.59,Random Pick,30.49,76.6,Random Drop,5,7,completed,30.0,15.0,0.0,45.0,1.5,5.4,cash,2026-09-03 02:20:04.825950,2026-09-03 02:38:04.825950
1,7,30.48,76.59,Random Pick,30.49,76.6,Random Drop,4,1,completed,30.0,15.0,0.0,45.0,1.5,5.4,cash,2026-09-14 19:20:04.825950,2026-09-14 19:40:04.825950
1,6,30.48,76.59,Random Pick,30.49,76.6,Random Drop,3,2,completed,30.0,15.0,0.0,45.0,1.5,5.4,cash,2026-08-17 03:20:04.825950,2026-08-17 03:34:04.825950
1,6,30.48,76.59,Random Pick,30.49,76.6,Random Drop,1,6,completed,30.0,15.0,0.0,45.0,1.5,5.4,cash,2026-08-07 08:20:04.825950,2026-08-07 08:39:04.825950
1,8,30.48,76.59,Random Pick,30.49,76.6,Random Drop,8,3,completed,30.0,15.0,0.0,45.0,1.5,5.4,cash,2026-09-19 15:20:04.825950,2026-09-19 15:35:04.825950
1,9,30.48,76.59,Random Pick,30.49,76.6,Random Drop,5,7,completed,30.0,15.0,0.0,45.0,1.5,5.4,cash,2026-08-11 09:20:04.825950,2026-08-11 09:37:04.825950
1,7,30.48,76.59,Random Pick,30.49,76.6,Random Drop,2,4,completed,30.0,15.0,0.0,45.0,1.5,5.4,cash,2026-09-15 17:20:04.825950,2026-09-15 17:26:04.825950
1,6,30.48,76.59,Random Pick,30.49,76.6,Random Drop,7,8,completed,30.0,15.0,0.0,45.0,1.5,5.4,cash,2026-08-03 07:20:04.825950,2026-08-03 07:29:04.825950
1,3,30.48,76.59,Random Pick,30.49,76.6,Random Drop,7,8,completed,30.0,15.0,0.0,45.0,1.5,5.4,cash,2026-09-08 21:20:04.825950,2026-09-08 21:34:04.825950
1,2,30.48,76.59,Random Pick,30.49,76.6,Random Drop,6,3,completed,30.0,15.0,0.0,45.0,1.5,5.4,cash,2026-08-27 03:20:04.825950,2026-08-27 03:37:04.825950
1,8,30.48,76.59,Random Pick,30.49,76.6,Random Drop,8,2,completed,30.0,15.0,0.0,45.0,1.5,5.4,cash,2026-08-06 04:20:04.825950,2026-08-06 04:28:04.825950
1,4,30.48,76.59,Random Pick,30.49,76.6,Random Drop,7,7,completed,30.0,15.0,0.0,45.0,1.5,5.4,cash,2026-08-28 10:20:04.825950,2026-08-28 10:38:04.825950
1,6,30.48,76.59,Random Pick,30.49,76.6,Random Drop,4,3,completed,30.0,15.0,0.0,45.0,1.5,5.4,cash,2026-07-26 19:20:04.825950,2026-07-26 19:33:04.825950
1,9,30.48,76.59,Random Pick,30.49,76.6,Random Drop,7,1,completed,30.0,15.0,0.0,45.0,1.5,5.4,cash,2026-08-29 06:20:04.825950,2026-08-29 06:28:04.825950
1,8,30.48,76.59,Random Pick,30.49,76.6,Random Drop,6,3,completed,30.0,15.0,0.0,45.0,1.5,5.4,cash,2026-08-28 21:20:04.825950,2026-08-28 21:40:04.825950
1,2,30.48,76.59,Random Pick,30.49,76.6,Random Drop,5,3,completed,30.0,15.0,0.0,45.0,1.5,5.4,cash,2026-09-06 00:20:04.825950,2026-09-06 00:27:04.825950
1,4,30.48,76.59,Random Pick,30.49,76.6,Random Drop,8,4,completed,30.0,15.0,0.0,45.0,1.5,5.4,cash,2026-08-26 04:20:04.825950,2026-08-26 04:27:04.825950
1,4,30.48,76.59,Random Pick,30.49,76.6,Random Drop,6,5,completed,30.0,15.0,0.0,45.0,1.5,5.4,cash,2026-08-07 17:20:04.825950,2026-08-07 17:30:04.825950
1,4,30.48,76.59,Random Pick,30.49,76.6,Random Drop,6,6,completed,30.0,15.0,0.0,45.0,1.5,5.4,cash,2026-08-12 10:20:04.825950,2026-08-12 10:37:04.825950
1,7,30.48,76.59,Random Pick,30.49,76.6,Random Drop,1,5,completed,30.0,15.0,0.0,45.0,1.5,5.4,cash,2026-07-29 00:20:04.825950,2026-07-29 00:37:04.825950
1,4,30.48,76.59,Random Pick,30.49,76.6,Random Drop,8,2,completed,30.0,15.0,0.0,45.0,1.5,5.4,cash,2026-07-31 11:20:04.825950,2026-07-31 11:36:04.825950
1,4,30.48,76.59,Random Pick,30.49,76.6,Random Drop,6,1,completed,30.0,15.0,0.0,45.0,1.5,5.4,cash,2026-07-30 22:20:04.825950,2026-07-30 22:36:04.825950
1,5,30.48,76.59,Random Pick,30.49,76.6,Random Drop,6,2,completed,30.0,15.0,0.0,45.0,1.5,5.4,cash,2026-08-14 13:20:04.825950,2026-08-14 13:31:04.825950
1,7,30.48,76.59,Random Pick,30.49,76.6,Random Drop,5,7,completed,30.0,15.0,0.0,45.0,1.5,5.4,cash,2026-08-05 06:20:04.825950,2026-08-05 06:25:04.825950
1,6,30.48,76.59,Random Pick,30.49,76.6,Random Drop,4,3,completed,30.0,15.0,0.0,45.0,1.5,5.4,cash,2026-08-23 05:20:04.825950,2026-08-23 05:32:04.825950
1,3,30.48,76.59,Random Pick,30.49,76.6,Random Drop,3,1,completed,30.0,15.0,0.0,45.0,1.5,5.4,cash,2026-08-07 21:20:04.825950,2026-08-07 21:27:04.825950
1,6,30.48,76.59,Random Pick,30.49,76.6,Random Drop,5,4,completed,30.0,15.0,0.0,45.0,1.5,5.4,cash,2026-08-07 15:20:04.825950,2026-08-07 15:28:04.825950
1,6,30.48,76.59,Random Pick,30.49,76.6,Random Drop,2,1,completed,30.0,15.0,0.0,45.0,1.5,5.4,cash,2026-08-18 18:20:04.825950,2026-08-18 18:40:04.825950
1,6,30.48,76.59,Random Pick,30.49,76.6,Random Drop,4,4,completed,30.0,15.0,0.0,45.0,1.5,5.4,cash,2026-09-07 19:20:04.825950,2026-09-07 19:39:04.825950
1,6,30.48,76.59,Random Pick,30.49,76.6,Random Drop,3,1,completed,30.0,15.0,0.0,45.0,1.5,5.4,cash,2026-09-05 05:20:04.825950,2026-09-05 05:29:04.825950
1,8,30.48,76.59,Random Pick,30.49,76.6,Random Drop,2,3,completed,30.0,15.0,0.0,45.0,1.5,5.4,cash,2026-08-03 08:20:04.825950,2026-08-03 08:32:04.825950
1,9,30.48,76.59,Random Pick,30.49,76.6,Random Drop,4,2,completed,30.0,15.0,0.0,45.0,1.5,5.4,cash,2026-08-03 00:20:04.825950,2026-08-03 00:28:04.825950
1,2,30.48,76.59,Random Pick,30.49,76.6,Random Drop,1,7,completed,30.0,15.0,0.0,45.0,1.5,5.4,cash,2026-09-19 20:20:04.825950,2026-09-19 20:29:04.825950
1,8,30.48,76.59,Random Pick,30.49,76.6,Random Drop,3,6,completed,30.0,15.0,0.0,45.0,1.5,5.4,cash,2026-08-21 15:20:04.825950,2026-08-21 15:39:04.825950
1,5,30.48,76.59,Random Pick,30.49,76.6,Random Drop,7,6,completed,30.0,15.0,0.0,45.0,1.5,5.4,cash,2026-09-08 10:20:04.825950,2026-09-08 10:36:04.825950
1,9,30.48,76.59,Random Pick,30.49,76.6,Random Drop,8,5,completed,30.0,15.0,0.0,45.0,1.5,5.4,cash,2026-09-07 03:20:04.825950,2026-09-07 03:36:04.825950
1,5,30.48,76.59,Random Pick,30.49,76.6,Random Drop,7,5,completed,30.0,15.0,0.0,45.0,1.5,5.4,cash,2026-08-06 00:20:04.825950,2026-08-06 00:29:04.825950
1,4,30.48,76.59,Random Pick,30.49,76.6,Random Drop,8,6,completed,30.0,15.0,0.0,45.0,1.5,5.4,cash,2026-08-11 19:20:04.825950,2026-08-11 19:34:04.825950
1,4,30.48,76.59,Random Pick,30.49,76.6,Random Drop,3,6,completed,30.0,15.0,0.0,45.0,1.5,5.4,cash,2026-08-20 08:20:04.825950,2026-08-20 08:31:04.825950
1,3,30.48,76.59,Random Pick,30.49,76.6,Random Drop,2,8,completed,30.0,15.0,0.0,45.0,1.5,5.4,cash,2026-08-23 00:20:04.825950,2026-08-23 00:30:04.825950
1,7,30.48,76.59,Random Pick,30.49,76.6,Random Drop,1,1,completed,30.0,15.0,0.0,45.0,1.5,5.4,cash,2026-09-11 08:20:04.825950,2026-09-11 08:32:04.825950
1,7,30.48,76.59,Random Pick,30.49,76.6,Random Drop,6,4,completed,30.0,15.0,0.0,45.0,1.5,5.4,cash,2026-08-16 14:20:04.825950,2026-08-16 14:30:04.825950
1,4,30.48,76.59,Random Pick,30.49,76.6,Random Drop,8,1,completed,30.0,15.0,0.0,45.0,1.5,5.4,cash,2026-09-07 17:20:04.825950,2026-09-07 17:33:04.825950
1,9,30.48,76.59,Random Pick,30.49,76.6,Random Drop,7,7,completed,30.0,15.0,0.0,45.0,1.5,5.4,cash,2026-09-01 18:20:04.825950,2026-09-01 18:37:04.825950
1,4,30.48,76.59,Random Pick,30.49,76.6,Random Drop,1,8,completed,30.0,15.0,0.0,45.0,1.5,5.4,cash,2026-08-27 10:20:04.825950,2026-08-27 10:34:04.825950
1,3,30.48,76.59,Random Pick,30.49,76.6,Random Drop,8,3,completed,30.0,15.0,0.0,45.0,1.5,5.4,cash,2026-08-22 12:20:04.825950,2026-08-22 12:26:04.825950
1,7,30.48,76.59,Random Pick,30.49,76.6,Random Drop,8,4,completed,30.0,15.0,0.0,45.0,1.5,5.4,cash,2026-09-17 12:20:04.825950,2026-09-17 12:27:04.825950
1,7,30.48,76.59,Random Pick,30.49,76.6,Random Drop,7,4,completed,30.0,15.0,0.0,45.0,1.5,5.4,cash,2026-08-13 11:20:04.825950,2026-08-13 11:28:04.825950
1,8,30.48,76.59,Random Pick,30.49,76.6,Random Drop,3,3,completed,30.0,15.0,0.0,45.0,1.5,5.4,cash,2026-08-26 19:20:04.825950,2026-08-26 19:28:04.825950
1,9,30.48,76.59,Random Pick,30.49,76.6,Random Drop,1,5,completed,30.0,15.0,0.0,45.0,1.5,5.4,cash,2026-09-20 03:20:04.825950,2026-09-20 03:27:04.825950
1,5,30.48,76.59,Random Pick,30.49,76.6,Random Drop,5,1,completed,30.0,15.0,0.0,45.0,1.5,5.4,cash,2026-08-17 01:20:04.825950,2026-08-17 01:28:04.825950
1,3,30.48,76.59,Random Pick,30.49,76.6,Random Drop,7,5,completed,30.0,15.0,0.0,45.0,1.5,5.4,cash,2026-07-27 10:20:04.825950,2026-07-27 10:34:04.825950
1,8,30.48,76.59,Random Pick,30.49,76.6,Random Drop,3,5,completed,30.0,15.0,0.0,45.0,1.5,5.4,cash,2026-08-25 11:20:04.825950,2026-08-25 11:36:04.825950
1,6,30.48,76.59,Random Pick,30.49,76.6,Random Drop,5,4,completed,30.0,15.0,0.0,45.0,1.5,5.4,cash,2026-09-03 11:20:04.825950,2026-09-03 11:31:04.825950
1,3,30.48,76.59,Random Pick,30.49,76.6,Random Drop,8,2,completed,30.0,15.0,0.0,45.0,1.5,5.4,cash,2026-08-01 00:20:04.825950,2026-08-01 00:36:04.825950
1,5,30.48,76.59,Random Pick,30.49,76.6,Random Drop,4,5,completed,30.0,15.0,0.0,45.0,1.5,5.4,cash,2026-08-14 11:20:04.825950,2026-08-14 11:39:04.825950
1,9,30.48,76.59,Random Pick,30.49,76.6,Random Drop,7,1,completed,30.0,15.0,0.0,45.0,1.5,5.4,cash,2026-08-09 04:20:04.825950,2026-08-09 04:27:04.825950
1,5,30.48,76.59,Random Pick,30.49,76.6,Random Drop,1,5,completed,30.0,15.0,0.0,45.0,1.5,5.4,cash,2026-07-28 06:20:04.825950,2026-07-28 06:32:04.825950
1,9,30.48,76.59,Random Pick,30.49,76.6,Random Drop,5,6,completed,30.0,15.0,0.0,45.0,1.5,5.4,cash,2026-08-20 06:20:04.825950,2026-08-20 06:36:04.825950
1,3,30.48,76.59,Random Pick,30.49,76.6,Random Drop,7,2,completed,30.0,15.0,0.0,45.0,1.5,5.4,cash,2026-09-11 04:20:04.825950,2026-09-11 04:40:04.825950
1,2,30.48,76.59,Random Pick,30.49,76.6,Random Drop,7,3,completed,30.0,15.0,0.0,45.0,1.5,5.4,cash,2026-09-07 19:20:04.825950,2026-09-07 19:28:04.825950
1,9,30.48,76.59,Random Pick,30.49,76.6,Random Drop,3,5,completed,30.0,15.0,0.0,45.0,1.5,5.4,cash,2026-08-26 09:20:04.825950,2026-08-26 09:31:04.825950
1,5,30.48,76.59,Random Pick,30.49,76.6,Random Drop,7,3,completed,30.0,15.0,0.0,45.0,1.5,5.4,cash,2026-09-03 01:20:04.825950,2026-09-03 01:40:04.825950
1,5,30.48,76.59,Random Pick,30.49,76.6,Random Drop,1,4,completed,30.0,15.0,0.0,45.0,1.5,5.4,cash,2026-08-19 17:20:04.825950,2026-08-19 17:28:04.825950
1,4,30.48,76.59,Random Pick,30.49,76.6,Random Drop,3,4,completed,30.0,15.0,0.0,45.0,1.5,5.4,cash,2026-08-08 19:20:04.825950,2026-08-08 19:35:04.825950
1,9,30.48,76.59,Random Pick,30.49,76.6,Random Drop,1,1,completed,30.0,15.0,0.0,45.0,1.5,5.4,cash,2026-08-17 15:20:04.825950,2026-08-17 15:34:04.825950
1,3,30.48,76.59,Random Pick,30.49,76.6,Random Drop,4,5,completed,30.0,15.0,0.0,45.0,1.5,5.4,cash,2026-09-02 13:20:04.825950,2026-09-02 13:31:04.825950
1,6,30.48,76.59,Random Pick,30.49,76.6,Random Drop,8,8,completed,30.0,15.0,0.0,45.0,1.5,5.4,cash,2026-08-28 22:20:04.825950,2026-08-28 22:40:04.825950
1,2,30.48,76.59,Random Pick,30.49,76.6,Random Drop,5,8,completed,30.0,15.0,0.0,45.0,1.5,5.4,cash,2026-09-06 11:20:04.825950,2026-09-06 11:25:04.825950
1,8,30.48,76.59,Random Pick,30.49,76.6,Random Drop,7,7,completed,30.0,15.0,0.0,45.0,1.5,5.4,cash,2026-08-13 23:20:04.825950,2026-08-13 23:36:04.825950
1,2,30.48,76.59,Random Pick,30.49,76.6,Random Drop,1,8,completed,30.0,15.0,0.0,45.0,1.5,5.4,cash,2026-08-29 10:20:04.825950,2026-08-29 10:37:04.825950
1,4,30.48,76.59,Random Pick,30.49,76.6,Random Drop,3,2,completed,30.0,15.0,0.0,45.0,1.5,5.4,cash,2026-08-07 00:20:04.825950,2026-08-07 00:30:04.825950
1,3,30.48,76.59,Random Pick,30.49,76.6,Random Drop,3,4,completed,30.0,15.0,0.0,45.0,1.5,5.4,cash,2026-09-19 03:20:04.825950,2026-09-19 03:38:04.825950
1,9,30.48,76.59,Random Pick,30.49,76.6,Random Drop,3,5,completed,30.0,15.0,0.0,45.0,1.5,5.4,cash,2026-09-09 23:20:04.825950,2026-09-09 23:39:04.825950
1,6,30.48,76.59,Random Pick,30.49,76.6,Random Drop,7,4,completed,30.0,15.0,0.0,45.0,1.5,5.4,cash,2026-08-06 12:20:04.825950,2026-08-06 12:31:04.825950
1,6,30.48,76.59,Random Pick,30.49,76.6,Random Drop,1,6,completed,30.0,15.0,0.0,45.0,1.5,5.4,cash,2026-08-11 23:20:04.825950,2026-08-11 23:38:04.825950
1,2,30.48,76.59,Random Pick,30.49,76.6,Random Drop,3,7,completed,30.0,15.0,0.0,45.0,1.5,5.4,cash,2026-09-12 18:20:04.825950,2026-09-12 18:37:04.825950
1,6,30.48,76.59,Random Pick,30.49,76.6,Random Drop,1,6,completed,30.0,15.0,0.0,45.0,1.5,5.4,cash,2026-08-29 00:20:04.825950,2026-08-29 00:32:04.825950
1,5,30.48,76.59,Random Pick,30.49,76.6,Random Drop,3,5,completed,30.0,15.0,0.0,45.0,1.5,5.4,cash,2026-08-03 04:20:04.825950,2026-08-03 04:33:04.825950
1,6,30.48,76.59,Random Pick,30.49,76.6,Random Drop,6,2,completed,30.0,15.0,0.0,45.0,1.5,5.4,cash,2026-08-12 16:20:04.825950,2026-08-12 16:28:04.825950
1,8,30.48,76.59,Random Pick,30.49,76.6,Random Drop,5,6,completed,30.0,15.0,0.0,45.0,1.5,5.4,cash,2026-09-08 13:20:04.825950,2026-09-08 13:28:04.825950
1,4,30.48,76.59,Random Pick,30.49,76.6,Random Drop,5,2,completed,30.0,15.0,0.0,45.0,1.5,5.4,cash,2026-08-08 06:20:04.825950,2026-08-08 06:25:04.825950
1,9,30.48,76.59,Random Pick,30.49,76.6,Random Drop,4,2,completed,30.0,15.0,0.0,45.0,1.5,5.4,cash,2026-08-28 07:20:04.825950,2026-08-28 07:40:04.825950
1,5,30.48,76.59,Random Pick,30.49,76.6,Random Drop,5,7,completed,30.0,15.0,0.0,45.0,1.5,5.4,cash,2026-07-27 17:20:04.825950,2026-07-27 17:33:04.825950
1,3,30.48,76.59,Random Pick,30.49,76.6,Random Drop,2,7,completed,30.0,15.0,0.0,45.0,1.5,5.4,cash,2026-09-17 12:20:04.825950,2026-09-17 12:35:04.825950
1,7,30.48,76.59,Random Pick,30.49,76.6,Random Drop,6,6,completed,30.0,15.0,0.0,45.0,1.5,5.4,cash,2026-09-13 13:20:04.825950,2026-09-13 13:33:04.825950
1,5,30.48,76.59,Random Pick,30.49,76.6,Random Drop,2,8,completed,30.0,15.0,0.0,45.0,1.5,5.4,cash,2026-08-09 08:20:04.825950,2026-08-09 08:31:04.825950
1,8,30.48,76.59,Random Pick,30.49,76.6,Random Drop,4,4,completed,30.0,15.0,0.0,45.0,1.5,5.4,cash,2026-08-04 00:20:04.825950,2026-08-04 00:37:04.825950
1,4,30.48,76.59,Random Pick,30.49,76.6,Random Drop,8,8,completed,30.0,15.0,0.0,45.0,1.5,5.4,cash,2026-08-23 20:20:04.825950,2026-08-23 20:37:04.825950
1,9,30.48,76.59,Random Pick,30.49,76.6,Random Drop,7,8,completed,30.0,15.0,0.0,45.0,1.5,5.4,cash,2026-09-03 11:20:04.825950,2026-09-03 11:40:04.825950
1,7,30.48,76.59,Random Pick,30.49,76.6,Random Drop,4,7,completed,30.0,15.0,0.0,45.0,1.5,5.4,cash,2026-08-26 08:20:04.825950,2026-08-26 08:27:04.825950
1,3,30.48,76.59,Random Pick,30.49,76.6,Random Drop,5,8,completed,30.0,15.0,0.0,45.0,1.5,5.4,cash,2026-08-12 22:20:04.825950,2026-08-12 22:33:04.825950
1,7,30.48,76.59,Random Pick,30.49,76.6,Random Drop,2,4,completed,30.0,15.0,0.0,45.0,1.5,5.4,cash,2026-09-14 22:20:04.825950,2026-09-14 22:25:04.825950
1,4,30.48,76.59,Random Pick,30.49,76.6,Random Drop,5,7,completed,30.0,15.0,0.0,45.0,1.5,5.4,cash,2026-09-10 20:20:04.825950,2026-09-10 20:40:04.825950
1,5,30.48,76.59,Random Pick,30.49,76.6,Random Drop,4,1,completed,30.0,15.0,0.0,45.0,1.5,5.4,cash,2026-08-06 05:20:04.825950,2026-08-06 05:40:04.825950
1,7,30.48,76.59,Random Pick,30.49,76.6,Random Drop,2,1,completed,30.0,15.0,0.0,45.0,1.5,5.4,cash,2026-08-29 18:20:04.825950,2026-08-29 18:26:04.825950
1,3,30.48,76.59,Random Pick,30.49,76.6,Random Drop,2,4,completed,30.0,15.0,0.0,45.0,1.5,5.4,cash,2026-08-03 03:20:04.825950,2026-08-03 03:28:04.825950
1,2,30.48,76.59,Random Pick,30.49,76.6,Random Drop,5,5,completed,30.0,15.0,0.0,45.0,1.5,5.4,cash,2026-08-23 15:20:04.825950,2026-08-23 15:34:04.825950
1,8,30.48,76.59,Random Pick,30.49,76.6,Random Drop,4,5,completed,30.0,15.0,0.0,45.0,1.5,5.4,cash,2026-08-10 18:20:04.825950,2026-08-10 18:40:04.825950
1,3,30.48,76.59,Random Pick,30.49,76.6,Random Drop,3,5,completed,30.0,15.0,0.0,45.0,1.5,5.4,cash,2026-09-16 21:20:04.825950,2026-09-16 21:25:04.825950
1,8,30.48,76.59,Random Pick,30.49,76.6,Random Drop,1,2,completed,30.0,15.0,0.0,45.0,1.5,5.4,cash,2026-08-02 13:20:04.825950,2026-08-02 13:37:04.825950
1,2,30.48,76.59,Random Pick,30.49,76.6,Random Drop,8,5,completed,30.0,15.0,0.0,45.0,1.5,5.4,cash,2026-08-16 11:20:04.825950,2026-08-16 11:27:04.825950
1,5,30.48,76.59,Random Pick,30.49,76.6,Random Drop,8,1,completed,30.0,15.0,0.0,45.0,1.5,5.4,cash,2026-08-24 08:20:04.825950,2026-08-24 08:37:04.825950
1,9,30.48,76.59,Random Pick,30.49,76.6,Random Drop,7,4,completed,30.0,15.0,0.0,45.0,1.5,5.4,cash,2026-09-02 21:20:04.825950,2026-09-02 21:37:04.825950
1,2,30.48,76.59,Random Pick,30.49,76.6,Random Drop,3,7,completed,30.0,15.0,0.0,45.0,1.5,5.4,cash,2026-09-02 16:20:04.825950,2026-09-02 16:28:04.825950
1,5,30.48,76.59,Random Pick,30.49,76.6,Random Drop,3,8,completed,30.0,15.0,0.0,45.0,1.5,5.4,cash,2026-07-29 23:20:04.825950,2026-07-29 23:30:04.825950
1,5,30.48,76.59,Random Pick,30.49,76.6,Random Drop,5,3,completed,30.0,15.0,0.0,45.0,1.5,5.4,cash,2026-09-01 00:20:04.825950,2026-09-01 00:26:04.825950
1,9,30.48,76.59,Random Pick,30.49,76.6,Random Drop,7,3,completed,30.0,15.0,0.0,45.0,1.5,5.4,cash,2026-08-26 04:20:04.825950,2026-08-26 04:33:04.825950
1,3,30.48,76.59,Random Pick,30.49,76.6,Random Drop,8,6,completed,30.0,15.0,0.0,45.0,1.5,5.4,cash,2026-08-26 02:20:04.825950,2026-08-26 02:36:04.825950
1,4,30.48,76.59,Random Pick,30.49,76.6,Random Drop,4,8,completed,30.0,15.0,0.0,45.0,1.5,5.4,cash,2026-09-02 00:20:04.825950,2026-09-02 00:39:04.825950
1,3,30.48,76.59,Random Pick,30.49,76.6,Random Drop,2,6,completed,30.0,15.0,0.0,45.0,1.5,5.4,cash,2026-07-26 17:20:04.825950,2026-07-26 17:34:04.825950
1,9,30.48,76.59,Random Pick,30.49,76.6,Random Drop,2,8,completed,30.0,15.0,0.0,45.0,1.5,5.4,cash,2026-09-16 21:20:04.825950,2026-09-16 21:31:04.825950
1,8,30.48,76.59,Random Pick,30.49,76.6,Random Drop,3,1,completed,30.0,15.0,0.0,45.0,1.5,5.4,cash,2026-09-17 11:20:04.825950,2026-09-17 11:38:04.825950
1,8,30.48,76.59,Random Pick,30.49,76.6,Random Drop,6,7,completed,30.0,15.0,0.0,45.0,1.5,5.4,cash,2026-09-07 11:20:04.825950,2026-09-07 11:27:04.825950
1,9,30.48,76.59,Random Pick,30.49,76.6,Random Drop,6,4,completed,30.0,15.0,0.0,45.0,1.5,5.4,cash,2026-07-29 02:20:04.825950,2026-07-29 02:36:04.825950
1,9,30.48,76.59,Random Pick,30.49,76.6,Random Drop,7,5,completed,30.0,15.0,0.0,45.0,1.5,5.4,cash,2026-09-06 20:20:04.825950,2026-09-06 20:31:04.825950
1,6,30.48,76.59,Random Pick,30.49,76.6,Random Drop,7,5,completed,30.0,15.0,0.0,45.0,1.5,5.4,cash,2026-08-11 17:20:04.825950,2026-08-11 17:40:04.825950
1,8,30.48,76.59,Random Pick,30.49,76.6,Random Drop,3,4,completed,30.0,15.0,0.0,45.0,1.5,5.4,cash,2026-07-30 11:20:04.825950,2026-07-30 11:29:04.825950
1,9,30.48,76.59,Random Pick,30.49,76.6,Random Drop,7,7,completed,30.0,15.0,0.0,45.0,1.5,5.4,cash,2026-09-05 22:20:04.825950,2026-09-05 22:36:04.825950
1,6,30.48,76.59,Random Pick,30.49,76.6,Random Drop,7,6,completed,30.0,15.0,0.0,45.0,1.5,5.4,cash,2026-09-14 20:20:04.825950,2026-09-14 20:39:04.825950
1,8,30.48,76.59,Random Pick,30.49,76.6,Random Drop,7,5,completed,30.0,15.0,0.0,45.0,1.5,5.4,cash,2026-09-20 02:20:04.825950,2026-09-20 02:33:04.825950
1,7,30.48,76.59,Random Pick,30.49,76.6,Random Drop,2,6,completed,30.0,15.0,0.0,45.0,1.5,5.4,cash,2026-09-01 21:20:04.825950,2026-09-01 21:32:04.825950
1,6,30.48,76.59,Random Pick,30.49,76.6,Random Drop,8,6,completed,30.0,15.0,0.0,45.0,1.5,5.4,cash,2026-08-18 14:20:04.825950,2026-08-18 14:26:04.825950
1,6,30.48,76.59,Random Pick,30.49,76.6,Random Drop,3,1,completed,30.0,15.0,0.0,45.0,1.5,5.4,cash,2026-09-18 14:20:04.825950,2026-09-18 14:36:04.825950
1,9,30.48,76.59,Random Pick,30.49,76.6,Random Drop,8,3,completed,30.0,15.0,0.0,45.0,1.5,5.4,cash,2026-08-15 17:20:04.825950,2026-08-15 17:25:04.825950
1,8,30.48,76.59,Random Pick,30.49,76.6,Random Drop,5,6,completed,30.0,15.0,0.0,45.0,1.5,5.4,cash,2026-09-11 20:20:04.825950,2026-09-11 20:32:04.825950
1,7,30.48,76.59,Random Pick,30.49,76.6,Random Drop,5,1,completed,30.0,15.0,0.0,45.0,1.5,5.4,cash,2026-09-18 21:20:04.825950,2026-09-18 21:32:04.825950
1,6,30.48,76.59,Random Pick,30.49,76.6,Random Drop,6,1,completed,30.0,15.0,0.0,45.0,1.5,5.4,cash,2026-09-01 18:20:04.825950,2026-09-01 18:40:04.825950
1,7,30.48,76.59,Random Pick,30.49,76.6,Random Drop,1,4,completed,30.0,15.0,0.0,45.0,1.5,5.4,cash,2026-09-08 22:20:04.825950,2026-09-08 22:31:04.825950
1,8,30.48,76.59,Random Pick,30.49,76.6,Random Drop,6,4,completed,30.0,15.0,0.0,45.0,1.5,5.4,cash,2026-08-12 01:20:04.825950,2026-08-12 01:30:04.825950
1,5,30.48,76.59,Random Pick,30.49,76.6,Random Drop,2,7,completed,30.0,15.0,0.0,45.0,1.5,5.4,cash,2026-09-15 22:20:04.825950,2026-09-15 22:37:04.825950
1,6,30.48,76.59,Random Pick,30.49,76.6,Random Drop,1,1,completed,30.0,15.0,0.0,45.0,1.5,5.4,cash,2026-08-20 23:20:04.825950,2026-08-20 23:40:04.825950
1,5,30.48,76.59,Random Pick,30.49,76.6,Random Drop,8,1,completed,30.0,15.0,0.0,45.0,1.5,5.4,cash,2026-08-14 00:20:04.825950,2026-08-14 00:33:04.825950
1,2,30.48,76.59,Random Pick,30.49,76.6,Random Drop,6,7,completed,30.0,15.0,0.0,45.0,1.5,5.4,cash,2026-08-02 13:20:04.825950,2026-08-02 13:31:04.825950
1,2,30.48,76.59,Random Pick,30.49,76.6,Random Drop,5,6,completed,30.0,15.0,0.0,45.0,1.5,5.4,cash,2026-08-10 04:20:04.825950,2026-08-10 04:28:04.825950
1,8,30.48,76.59,Random Pick,30.49,76.6,Random Drop,3,6,completed,30.0,15.0,0.0,45.0,1.5,5.4,cash,2026-07-30 00:20:04.825950,2026-07-30 00:32:04.825950
1,8,30.48,76.59,Random Pick,30.49,76.6,Random Drop,8,4,completed,30.0,15.0,0.0,45.0,1.5,5.4,cash,2026-09-09 14:20:04.825950,2026-09-09 14:31:04.825950
1,9,30.48,76.59,Random Pick,30.49,76.6,Random Drop,7,5,completed,30.0,15.0,0.0,45.0,1.5,5.4,cash,2026-08-19 23:20:04.825950,2026-08-19 23:38:04.825950
1,8,30.48,76.59,Random Pick,30.49,76.6,Random Drop,7,1,completed,30.0,15.0,0.0,45.0,1.5,5.4,cash,2026-08-17 20:20:04.825950,2026-08-17 20:32:04.825950
1,9,30.48,76.59,Random Pick,30.49,76.6,Random Drop,3,4,completed,30.0,15.0,0.0,45.0,1.5,5.4,cash,2026-08-13 18:20:04.825950,2026-08-13 18:40:04.825950
1,7,30.48,76.59,Random Pick,30.49,76.6,Random Drop,2,3,completed,30.0,15.0,0.0,45.0,1.5,5.4,cash,2026-08-17 16:20:04.825950,2026-08-17 16:26:04.825950
1,3,30.48,76.59,Random Pick,30.49,76.6,Random Drop,5,1,completed,30.0,15.0,0.0,45.0,1.5,5.4,cash,2026-09-13 05:20:04.825950,2026-09-13 05:27:04.825950
1,9,30.48,76.59,Random Pick,30.49,76.6,Random Drop,3,7,completed,30.0,15.0,0.0,45.0,1.5,5.4,cash,2026-07-27 22:20:04.825950,2026-07-27 22:26:04.825950
1,7,30.48,76.59,Random Pick,30.49,76.6,Random Drop,2,2,completed,30.0,15.0,0.0,45.0,1.5,5.4,cash,2026-09-05 08:20:04.825950,2026-09-05 08:37:04.825950
1,9,30.48,76.59,Random Pick,30.49,76.6,Random Drop,5,8,completed,30.0,15.0,0.0,45.0,1.5,5.4,cash,2026-08-20 15:20:04.825950,2026-08-20 15:40:04.825950
1,5,30.48,76.59,Random Pick,30.49,76.6,Random Drop,4,1,completed,30.0,15.0,0.0,45.0,1.5,5.4,cash,2026-08-12 09:20:04.825950,2026-08-12 09:38:04.825950
1,6,30.48,76.59,Random Pick,30.49,76.6,Random Drop,5,4,completed,30.0,15.0,0.0,45.0,1.5,5.4,cash,2026-08-02 13:20:04.825950,2026-08-02 13:35:04.825950
1,6,30.48,76.59,Random Pick,30.49,76.6,Random Drop,6,8,completed,30.0,15.0,0.0,45.0,1.5,5.4,cash,2026-09-02 06:20:04.825950,2026-09-02 06:31:04.825950
1,7,30.48,76.59,Random Pick,30.49,76.6,Random Drop,1,3,completed,30.0,15.0,0.0,45.0,1.5,5.4,cash,2026-08-24 06:20:04.825950,2026-08-24 06:38:04.825950
1,9,30.48,76.59,Random Pick,30.49,76.6,Random Drop,3,1,completed,30.0,15.0,0.0,45.0,1.5,5.4,cash,2026-07-28 19:20:04.825950,2026-07-28 19:37:04.825950
1,7,30.48,76.59,Random Pick,30.49,76.6,Random Drop,8,7,completed,30.0,15.0,0.0,45.0,1.5,5.4,cash,2026-09-09 04:20:04.825950,2026-09-09 04:40:04.825950
1,3,30.48,76.59,Random Pick,30.49,76.6,Random Drop,8,2,completed,30.0,15.0,0.0,45.0,1.5,5.4,cash,2026-07-31 06:20:04.825950,2026-07-31 06:30:04.825950
1,5,30.48,76.59,Random Pick,30.49,76.6,Random Drop,3,7,completed,30.0,15.0,0.0,45.0,1.5,5.4,cash,2026-09-15 07:20:04.825950,2026-09-15 07:28:04.825950
1,4,30.48,76.59,Random Pick,30.49,76.6,Random Drop,2,4,completed,30.0,15.0,0.0,45.0,1.5,5.4,cash,2026-08-13 18:20:04.825950,2026-08-13 18:40:04.825950
1,7,30.48,76.59,Random Pick,30.49,76.6,Random Drop,5,5,completed,30.0,15.0,0.0,45.0,1.5,5.4,cash,2026-09-03 12:20:04.825950,2026-09-03 12:28:04.825950
1,9,30.48,76.59,Random Pick,30.49,76.6,Random Drop,4,7,completed,30.0,15.0,0.0,45.0,1.5,5.4,cash,2026-08-12 19:20:04.825950,2026-08-12 19:39:04.825950
1,2,30.48,76.59,Random Pick,30.49,76.6,Random Drop,6,8,completed,30.0,15.0,0.0,45.0,1.5,5.4,cash,2026-07-26 21:20:04.825950,2026-07-26 21:27:04.825950
1,7,30.48,76.59,Random Pick,30.49,76.6,Random Drop,7,2,completed,30.0,15.0,0.0,45.0,1.5,5.4,cash,2026-07-29 22:20:04.825950,2026-07-29 22:25:04.825950
1,2,30.48,76.59,Random Pick,30.49,76.6,Random Drop,5,8,completed,30.0,15.0,0.0,45.0,1.5,5.4,cash,2026-08-31 14:20:04.825950,2026-08-31 14:26:04.825950
1,6,30.48,76.59,Random Pick,30.49,76.6,Random Drop,4,8,completed,30.0,15.0,0.0,45.0,1.5,5.4,cash,2026-09-02 22:20:04.825950,2026-09-02 22:33:04.825950
1,2,30.48,76.59,Random Pick,30.49,76.6,Random Drop,4,4,completed,30.0,15.0,0.0,45.0,1.5,5.4,cash,2026-09-07 20:20:04.825950,2026-09-07 20:33:04.825950
1,9,30.48,76.59,Random Pick,30.49,76.6,Random Drop,6,4,completed,30.0,15.0,0.0,45.0,1.5,5.4,cash,2026-09-08 06:20:04.825950,2026-09-08 06:38:04.825950
1,2,30.48,76.59,Random Pick,30.49,76.6,Random Drop,5,5,completed,30.0,15.0,0.0,45.0,1.5,5.4,cash,2026-08-23 03:20:04.825950,2026-08-23 03:33:04.825950
1,9,30.48,76.59,Random Pick,30.49,76.6,Random Drop,3,3,completed,30.0,15.0,0.0,45.0,1.5,5.4,cash,2026-09-17 01:20:04.825950,2026-09-17 01:26:04.825950
1,5,30.48,76.59,Random Pick,30.49,76.6,Random Drop,1,2,completed,30.0,15.0,0.0,45.0,1.5,5.4,cash,2026-09-16 13:20:04.825950,2026-09-16 13:39:04.825950
1,8,30.48,76.59,Random Pick,30.49,76.6,Random Drop,4,5,completed,30.0,15.0,0.0,45.0,1.5,5.4,cash,2026-09-11 09:20:04.825950,2026-09-11 09:32:04.825950
1,9,30.48,76.59,Random Pick,30.49,76.6,Random Drop,7,6,completed,30.0,15.0,0.0,45.0,1.5,5.4,cash,2026-08-02 04:20:04.825950,2026-08-02 04:33:04.825950
1,2,30.48,76.59,Random Pick,30.49,76.6,Random Drop,5,6,completed,30.0,15.0,0.0,45.0,1.5,5.4,cash,2026-08-17 09:20:04.825950,2026-08-17 09:31:04.825950
1,4,30.48,76.59,Random Pick,30.49,76.6,Random Drop,4,1,completed,30.0,15.0,0.0,45.0,1.5,5.4,cash,2026-07-28 04:20:04.825950,2026-07-28 04:39:04.825950
1,8,30.48,76.59,Random Pick,30.49,76.6,Random Drop,6,1,completed,30.0,15.0,0.0,45.0,1.5,5.4,cash,2026-09-17 13:20:04.825950,2026-09-17 13:35:04.825950
1,2,30.48,76.59,Random Pick,30.49,76.6,Random Drop,7,2,completed,30.0,15.0,0.0,45.0,1.5,5.4,cash,2026-08-08 07:20:04.825950,2026-08-08 07:36:04.825950
1,2,30.48,76.59,Random Pick,30.49,76.6,Random Drop,4,3,completed,30.0,15.0,0.0,45.0,1.5,5.4,cash,2026-08-08 16:20:04.825950,2026-08-08 16:37:04.825950
1,5,30.48,76.59,Random Pick,30.49,76.6,Random Drop,4,1,completed,30.0,15.0,0.0,45.0,1.5,5.4,cash,2026-08-27 15:20:04.825950,2026-08-27 15:30:04.825950
1,8,30.48,76.59,Random Pick,30.49,76.6,Random Drop,6,6,completed,30.0,15.0,0.0,45.0,1.5,5.4,cash,2026-08-16 02:20:04.825950,2026-08-16 02:33:04.825950
1,2,30.48,76.59,Random Pick,30.49,76.6,Random Drop,4,8,completed,30.0,15.0,0.0,45.0,1.5,5.4,cash,2026-07-26 09:20:04.825950,2026-07-26 09:28:04.825950
1,2,30.48,76.59,Random Pick,30.49,76.6,Random Drop,5,3,completed,30.0,15.0,0.0,45.0,1.5,5.4,cash,2026-08-25 06:20:04.825950,2026-08-25 06:39:04.825950
1,2,30.48,76.59,Random Pick,30.49,76.6,Random Drop,3,2,completed,30.0,15.0,0.0,45.0,1.5,5.4,cash,2026-08-12 21:20:04.825950,2026-08-12 21:29:04.825950
1,5,30.48,76.59,Random Pick,30.49,76.6,Random Drop,6,2,completed,30.0,15.0,0.0,45.0,1.5,5.4,cash,2026-09-17 17:20:04.825950,2026-09-17 17:35:04.825950
1,6,30.48,76.59,Random Pick,30.49,76.6,Random Drop,1,3,completed,30.0,15.0,0.0,45.0,1.5,5.4,cash,2026-07-26 11:20:04.825950,2026-07-26 11:31:04.825950
1,2,30.48,76.59,Random Pick,30.49,76.6,Random Drop,3,7,completed,30.0,15.0,0.0,45.0,1.5,5.4,cash,2026-08-01 19:20:04.825950,2026-08-01 19:29:04.825950
1,3,30.48,76.59,Random Pick,30.49,76.6,Random Drop,5,1,completed,30.0,15.0,0.0,45.0,1.5,5.4,cash,2026-07-30 20:20:04.825950,2026-07-30 20:32:04.825950
1,6,30.48,76.59,Random Pick,30.49,76.6,Random Drop,6,5,completed,30.0,15.0,0.0,45.0,1.5,5.4,cash,2026-07-30 21:20:04.825950,2026-07-30 21:39:04.825950
1,9,30.48,76.59,Random Pick,30.49,76.6,Random Drop,6,8,completed,30.0,15.0,0.0,45.0,1.5,5.4,cash,2026-08-13 16:20:04.825950,2026-08-13 16:39:04.825950
1,6,30.48,76.59,Random Pick,30.49,76.6,Random Drop,3,6,completed,30.0,15.0,0.0,45.0,1.5,5.4,cash,2026-08-12 13:20:04.825950,2026-08-12 13:35:04.825950
1,7,30.48,76.59,Random Pick,30.49,76.6,Random Drop,2,2,completed,30.0,15.0,0.0,45.0,1.5,5.4,cash,2026-08-15 07:20:04.825950,2026-08-15 07:30:04.825950
1,5,30.48,76.59,Random Pick,30.49,76.6,Random Drop,3,3,completed,30.0,15.0,0.0,45.0,1.5,5.4,cash,2026-09-05 14:20:04.825950,2026-09-05 14:38:04.825950
1,7,30.48,76.59,Random Pick,30.49,76.6,Random Drop,3,2,completed,30.0,15.0,0.0,45.0,1.5,5.4,cash,2026-08-18 13:20:04.825950,2026-08-18 13:35:04.825950
1,7,30.48,76.59,Random Pick,30.49,76.6,Random Drop,6,8,completed,30.0,15.0,0.0,45.0,1.5,5.4,cash,2026-08-10 21:20:04.825950,2026-08-10 21:38:04.825950
1,7,30.48,76.59,Random Pick,30.49,76.6,Random Drop,2,6,completed,30.0,15.0,0.0,45.0,1.5,5.4,cash,2026-09-09 04:20:04.825950,2026-09-09 04:26:04.825950
1,3,30.48,76.59,Random Pick,30.49,76.6,Random Drop,1,7,completed,30.0,15.0,0.0,45.0,1.5,5.4,cash,2026-08-15 22:20:04.825950,2026-08-15 22:35:04.825950
1,9,30.48,76.59,Random Pick,30.49,76.6,Random Drop,5,7,completed,30.0,15.0,0.0,45.0,1.5,5.4,cash,2026-08-21 00:20:04.825950,2026-08-21 00:28:04.825950
1,6,30.48,76.59,Random Pick,30.49,76.6,Random Drop,1,5,completed,30.0,15.0,0.0,45.0,1.5,5.4,cash,2026-08-24 00:20:04.825950,2026-08-24 00:28:04.825950
1,4,30.48,76.59,Random Pick,30.49,76.6,Random Drop,1,5,completed,30.0,15.0,0.0,45.0,1.5,5.4,cash,2026-08-22 21:20:04.825950,2026-08-22 21:34:04.825950
1,2,30.48,76.59,Random Pick,30.49,76.6,Random Drop,5,4,completed,30.0,15.0,0.0,45.0,1.5,5.4,cash,2026-08-29 20:20:04.825950,2026-08-29 20:35:04.825950
1,8,30.48,76.59,Random Pick,30.49,76.6,Random Drop,8,6,completed,30.0,15.0,0.0,45.0,1.5,5.4,cash,2026-07-28 09:20:04.825950,2026-07-28 09:36:04.825950
1,7,30.48,76.59,Random Pick,30.49,76.6,Random Drop,4,6,completed,30.0,15.0,0.0,45.0,1.5,5.4,cash,2026-08-25 04:20:04.825950,2026-08-25 04:27:04.825950
1,4,30.48,76.59,Random Pick,30.49,76.6,Random Drop,3,8,completed,30.0,15.0,0.0,45.0,1.5,5.4,cash,2026-07-31 09:20:04.825950,2026-07-31 09:39:04.825950
1,9,30.48,76.59,Random Pick,30.49,76.6,Random Drop,5,8,completed,30.0,15.0,0.0,45.0,1.5,5.4,cash,2026-08-23 06:20:04.825950,2026-08-23 06:40:04.825950
1,7,30.48,76.59,Random Pick,30.49,76.6,Random Drop,5,3,completed,30.0,15.0,0.0,45.0,1.5,5.4,cash,2026-09-06 04:20:04.825950,2026-09-06 04:36:04.825950
1,4,30.48,76.59,Random Pick,30.49,76.6,Random Drop,2,4,completed,30.0,15.0,0.0,45.0,1.5,5.4,cash,2026-08-19 08:20:04.825950,2026-08-19 08:39:04.825950
1,5,30.48,76.59,Random Pick,30.49,76.6,Random Drop,5,8,completed,30.0,15.0,0.0,45.0,1.5,5.4,cash,2026-08-07 18:20:04.825950,2026-08-07 18:40:04.825950
1,2,30.48,76.59,Random Pick,30.49,76.6,Random Drop,1,8,completed,30.0,15.0,0.0,45.0,1.5,5.4,cash,2026-09-16 15:20:04.825950,2026-09-16 15:26:04.825950
1,7,30.48,76.59,Random Pick,30.49,76.6,Random Drop,6,5,completed,30.0,15.0,0.0,45.0,1.5,5.4,cash,2026-08-19 10:20:04.825950,2026-08-19 10:34:04.825950
1,9,30.48,76.59,Random Pick,30.49,76.6,Random Drop,7,5,completed,30.0,15.0,0.0,45.0,1.5,5.4,cash,2026-09-12 16:20:04.825950,2026-09-12 16:28:04.825950
1,4,30.48,76.59,Random Pick,30.49,76.6,Random Drop,7,4,completed,30.0,15.0,0.0,45.0,1.5,5.4,cash,2026-09-01 08:20:04.825950,2026-09-01 08:35:04.825950
1,3,30.48,76.59,Random Pick,30.49,76.6,Random Drop,8,3,completed,30.0,15.0,0.0,45.0,1.5,5.4,cash,2026-08-31 02:20:04.825950,2026-08-31 02:35:04.825950
1,7,30.48,76.59,Random Pick,30.49,76.6,Random Drop,4,1,completed,30.0,15.0,0.0,45.0,1.5,5.4,cash,2026-08-26 04:20:04.825950,2026-08-26 04:30:04.825950
1,9,30.48,76.59,Random Pick,30.49,76.6,Random Drop,7,5,completed,30.0,15.0,0.0,45.0,1.5,5.4,cash,2026-09-02 13:20:04.825950,2026-09-02 13:25:04.825950
1,3,30.48,76.59,Random Pick,30.49,76.6,Random Drop,5,3,completed,30.0,15.0,0.0,45.0,1.5,5.4,cash,2026-08-27 04:20:04.825950,2026-08-27 04:29:04.825950
1,9,30.48,76.59,Random Pick,30.49,76.6,Random Drop,3,7,completed,30.0,15.0,0.0,45.0,1.5,5.4,cash,2026-09-06 00:20:04.825950,2026-09-06 00:36:04.825950
1,6,30.48,76.59,Random Pick,30.49,76.6,Random Drop,2,6,completed,30.0,15.0,0.0,45.0,1.5,5.4,cash,2026-08-11 23:20:04.825950,2026-08-11 23:28:04.825950
1,6,30.48,76.59,Random Pick,30.49,76.6,Random Drop,4,2,completed,30.0,15.0,0.0,45.0,1.5,5.4,cash,2026-09-17 16:20:04.825950,2026-09-17 16:40:04.825950
1,2,30.48,76.59,Random Pick,30.49,76.6,Random Drop,1,6,completed,30.0,15.0,0.0,45.0,1.5,5.4,cash,2026-09-18 11:20:04.825950,2026-09-18 11:34:04.825950
1,5,30.48,76.59,Random Pick,30.49,76.6,Random Drop,6,5,completed,30.0,15.0,0.0,45.0,1.5,5.4,cash,2026-08-26 05:20:04.825950,2026-08-26 05:36:04.825950
1,7,30.48,76.59,Random Pick,30.49,76.6,Random Drop,6,7,completed,30.0,15.0,0.0,45.0,1.5,5.4,cash,2026-08-25 11:20:04.825950,2026-08-25 11:30:04.825950
1,5,30.48,76.59,Random Pick,30.49,76.6,Random Drop,7,4,completed,30.0,15.0,0.0,45.0,1.5,5.4,cash,2026-08-05 14:20:04.825950,2026-08-05 14:36:04.825950
1,8,30.48,76.59,Random Pick,30.49,76.6,Random Drop,7,1,completed,30.0,15.0,0.0,45.0,1.5,5.4,cash,2026-09-05 09:20:04.825950,2026-09-05 09:36:04.825950
1,3,30.48,76.59,Random Pick,30.49,76.6,Random Drop,5,1,completed,30.0,15.0,0.0,45.0,1.5,5.4,cash,2026-07-26 18:20:04.825950,2026-07-26 18:38:04.825950
1,5,30.48,76.59,Random Pick,30.49,76.6,Random Drop,5,2,completed,30.0,15.0,0.0,45.0,1.5,5.4,cash,2026-07-30 11:20:04.825950,2026-07-30 11:40:04.825950
1,7,30.48,76.59,Random Pick,30.49,76.6,Random Drop,6,8,completed,30.0,15.0,0.0,45.0,1.5,5.4,cash,2026-08-02 16:20:04.825950,2026-08-02 16:35:04.825950
1,9,30.48,76.59,Random Pick,30.49,76.6,Random Drop,2,4,completed,30.0,15.0,0.0,45.0,1.5,5.4,cash,2026-08-08 15:20:04.825950,2026-08-08 15:32:04.825950
1,2,30.48,76.59,Random Pick,30.49,76.6,Random Drop,7,4,completed,30.0,15.0,0.0,45.0,1.5,5.4,cash,2026-08-28 11:20:04.825950,2026-08-28 11:27:04.825950
1,7,30.48,76.59,Random Pick,30.49,76.6,Random Drop,1,1,completed,30.0,15.0,0.0,45.0,1.5,5.4,cash,2026-08-30 23:20:04.825950,2026-08-30 23:27:04.825950
1,7,30.48,76.59,Random Pick,30.49,76.6,Random Drop,6,4,completed,30.0,15.0,0.0,45.0,1.5,5.4,cash,2026-07-28 23:20:04.825950,2026-07-28 23:27:04.825950
1,7,30.48,76.59,Random Pick,30.49,76.6,Random Drop,2,4,completed,30.0,15.0,0.0,45.0,1.5,5.4,cash,2026-08-03 01:20:04.825950,2026-08-03 01:30:04.825950
1,8,30.48,76.59,Random Pick,30.49,76.6,Random Drop,3,5,completed,30.0,15.0,0.0,45.0,1.5,5.4,cash,2026-07-29 20:20:04.825950,2026-07-29 20:26:04.825950
1,5,30.48,76.59,Random Pick,30.49,76.6,Random Drop,4,4,completed,30.0,15.0,0.0,45.0,1.5,5.4,cash,2026-07-28 22:20:04.825950,2026-07-28 22:38:04.825950
1,2,30.48,76.59,Random Pick,30.49,76.6,Random Drop,8,3,completed,30.0,15.0,0.0,45.0,1.5,5.4,cash,2026-08-15 20:20:04.825950,2026-08-15 20:25:04.825950
1,4,30.48,76.59,Random Pick,30.49,76.6,Random Drop,8,2,completed,30.0,15.0,0.0,45.0,1.5,5.4,cash,2026-08-15 06:20:04.825950,2026-08-15 06:31:04.825950
1,6,30.48,76.59,Random Pick,30.49,76.6,Random Drop,5,8,completed,30.0,15.0,0.0,45.0,1.5,5.4,cash,2026-09-09 04:20:04.825950,2026-09-09 04:28:04.825950
1,8,30.48,76.59,Random Pick,30.49,76.6,Random Drop,8,7,completed,30.0,15.0,0.0,45.0,1.5,5.4,cash,2026-08-30 07:20:04.825950,2026-08-30 07:32:04.825950
1,2,30.48,76.59,Random Pick,30.49,76.6,Random Drop,3,4,completed,30.0,15.0,0.0,45.0,1.5,5.4,cash,2026-08-18 10:20:04.825950,2026-08-18 10:34:04.825950
1,4,30.48,76.59,Random Pick,30.49,76.6,Random Drop,2,5,completed,30.0,15.0,0.0,45.0,1.5,5.4,cash,2026-09-07 20:20:04.825950,2026-09-07 20:30:04.825950
1,6,30.48,76.59,Random Pick,30.49,76.6,Random Drop,7,8,completed,30.0,15.0,0.0,45.0,1.5,5.4,cash,2026-08-29 15:20:04.825950,2026-08-29 15:33:04.825950
1,6,30.48,76.59,Random Pick,30.49,76.6,Random Drop,7,5,completed,30.0,15.0,0.0,45.0,1.5,5.4,cash,2026-08-07 19:20:04.825950,2026-08-07 19:25:04.825950
1,5,30.48,76.59,Random Pick,30.49,76.6,Random Drop,8,3,completed,30.0,15.0,0.0,45.0,1.5,5.4,cash,2026-08-17 02:20:04.825950,2026-08-17 02:40:04.825950
1,8,30.48,76.59,Random Pick,30.49,76.6,Random Drop,7,4,completed,30.0,15.0,0.0,45.0,1.5,5.4,cash,2026-09-15 06:20:04.825950,2026-09-15 06:39:04.825950
1,3,30.48,76.59,Random Pick,30.49,76.6,Random Drop,6,8,completed,30.0,15.0,0.0,45.0,1.5,5.4,cash,2026-09-14 19:20:04.825950,2026-09-14 19:39:04.825950
1,4,30.48,76.59,Random Pick,30.49,76.6,Random Drop,5,5,completed,30.0,15.0,0.0,45.0,1.5,5.4,cash,2026-08-20 22:20:04.825950,2026-08-20 22:37:04.825950
1,3,30.48,76.59,Random Pick,30.49,76.6,Random Drop,8,5,completed,30.0,15.0,0.0,45.0,1.5,5.4,cash,2026-09-09 01:20:04.825950,2026-09-09 01:33:04.825950
1,7,30.48,76.59,Random Pick,30.49,76.6,Random Drop,4,4,completed,30.0,15.0,0.0,45.0,1.5,5.4,cash,2026-08-27 21:20:04.825950,2026-08-27 21:27:04.825950
1,8,30.48,76.59,Random Pick,30.49,76.6,Random Drop,6,7,completed,30.0,15.0,0.0,45.0,1.5,5.4,cash,2026-08-23 00:20:04.825950,2026-08-23 00:34:04.825950
1,5,30.48,76.59,Random Pick,30.49,76.6,Random Drop,3,5,completed,30.0,15.0,0.0,45.0,1.5,5.4,cash,2026-09-19 21:20:04.825950,2026-09-19 21:25:04.825950
1,2,30.48,76.59,Random Pick,30.49,76.6,Random Drop,7,7,completed,30.0,15.0,0.0,45.0,1.5,5.4,cash,2026-08-08 03:20:04.825950,2026-08-08 03:33:04.825950
1,8,30.48,76.59,Random Pick,30.49,76.6,Random Drop,7,7,completed,30.0,15.0,0.0,45.0,1.5,5.4,cash,2026-09-14 09:20:04.825950,2026-09-14 09:27:04.825950
1,4,30.48,76.59,Random Pick,30.49,76.6,Random Drop,3,3,completed,30.0,15.0,0.0,45.0,1.5,5.4,cash,2026-08-05 12:20:04.825950,2026-08-05 12:32:04.825950
1,6,30.48,76.59,Random Pick,30.49,76.6,Random Drop,3,7,completed,30.0,15.0,0.0,45.0,1.5,5.4,cash,2026-09-19 14:20:04.825950,2026-09-19 14:40:04.825950
1,2,30.48,76.59,Random Pick,30.49,76.6,Random Drop,3,4,completed,30.0,15.0,0.0,45.0,1.5,5.4,cash,2026-08-06 20:20:04.825950,2026-08-06 20:39:04.825950
1,9,30.48,76.59,Random Pick,30.49,76.6,Random Drop,4,5,completed,30.0,15.0,0.0,45.0,1.5,5.4,cash,2026-08-12 20:20:04.825950,2026-08-12 20:26:04.825950
1,5,30.48,76.59,Random Pick,30.49,76.6,Random Drop,2,7,completed,30.0,15.0,0.0,45.0,1.5,5.4,cash,2026-08-28 03:20:04.825950,2026-08-28 03:40:04.825950
1,9,30.48,76.59,Random Pick,30.49,76.6,Random Drop,6,4,completed,30.0,15.0,0.0,45.0,1.5,5.4,cash,2026-08-20 19:20:04.825950,2026-08-20 19:26:04.825950
1,7,30.48,76.59,Random Pick,30.49,76.6,Random Drop,6,7,completed,30.0,15.0,0.0,45.0,1.5,5.4,cash,2026-08-17 18:20:04.825950,2026-08-17 18:35:04.825950
1,7,30.48,76.59,Random Pick,30.49,76.6,Random Drop,7,8,completed,30.0,15.0,0.0,45.0,1.5,5.4,cash,2026-09-02 11:20:04.825950,2026-09-02 11:37:04.825950
1,2,30.48,76.59,Random Pick,30.49,76.6,Random Drop,1,6,completed,30.0,15.0,0.0,45.0,1.5,5.4,cash,2026-09-12 01:20:04.825950,2026-09-12 01:35:04.825950
1,8,30.48,76.59,Random Pick,30.49,76.6,Random Drop,3,8,completed,30.0,15.0,0.0,45.0,1.5,5.4,cash,2026-07-31 20:20:04.825950,2026-07-31 20:38:04.825950
1,6,30.48,76.59,Random Pick,30.49,76.6,Random Drop,5,4,completed,30.0,15.0,0.0,45.0,1.5,5.4,cash,2026-08-17 09:20:04.825950,2026-08-17 09:38:04.825950
1,9,30.48,76.59,Random Pick,30.49,76.6,Random Drop,3,1,completed,30.0,15.0,0.0,45.0,1.5,5.4,cash,2026-08-14 06:20:04.825950,2026-08-14 06:36:04.825950
1,6,30.48,76.59,Random Pick,30.49,76.6,Random Drop,2,7,completed,30.0,15.0,0.0,45.0,1.5,5.4,cash,2026-08-30 04:20:04.825950,2026-08-30 04:36:04.825950
1,6,30.48,76.59,Random Pick,30.49,76.6,Random Drop,5,3,completed,30.0,15.0,0.0,45.0,1.5,5.4,cash,2026-08-11 14:20:04.825950,2026-08-11 14:26:04.825950
1,4,30.48,76.59,Random Pick,30.49,76.6,Random Drop,5,2,completed,30.0,15.0,0.0,45.0,1.5,5.4,cash,2026-07-31 08:20:04.825950,2026-07-31 08:38:04.825950
1,9,30.48,76.59,Random Pick,30.49,76.6,Random Drop,5,2,completed,30.0,15.0,0.0,45.0,1.5,5.4,cash,2026-09-01 22:20:04.825950,2026-09-01 22:36:04.825950
1,5,30.48,76.59,Random Pick,30.49,76.6,Random Drop,1,6,completed,30.0,15.0,0.0,45.0,1.5,5.4,cash,2026-08-06 20:20:04.825950,2026-08-06 20:27:04.825950
1,7,30.48,76.59,Random Pick,30.49,76.6,Random Drop,2,1,completed,30.0,15.0,0.0,45.0,1.5,5.4,cash,2026-09-18 00:20:04.825950,2026-09-18 00:35:04.825950
1,3,30.48,76.59,Random Pick,30.49,76.6,Random Drop,6,4,completed,30.0,15.0,0.0,45.0,1.5,5.4,cash,2026-08-30 00:20:04.825950,2026-08-30 00:32:04.825950
1,2,30.48,76.59,Random Pick,30.49,76.6,Random Drop,6,2,completed,30.0,15.0,0.0,45.0,1.5,5.4,cash,2026-08-22 03:20:04.825950,2026-08-22 03:33:04.825950
1,4,30.48,76.59,Random Pick,30.49,76.6,Random Drop,3,8,completed,30.0,15.0,0.0,45.0,1.5,5.4,cash,2026-08-11 03:20:04.825950,2026-08-11 03:38:04.825950
1,4,30.48,76.59,Random Pick,30.49,76.6,Random Drop,4,8,completed,30.0,15.0,0.0,45.0,1.5,5.4,cash,2026-08-30 04:20:04.825950,2026-08-30 04:26:04.825950
1,5,30.48,76.59,Random Pick,30.49,76.6,Random Drop,3,4,completed,30.0,15.0,0.0,45.0,1.5,5.4,cash,2026-08-18 22:20:04.825950,2026-08-18 22:28:04.825950
1,2,30.48,76.59,Random Pick,30.49,76.6,Random Drop,7,2,completed,30.0,15.0,0.0,45.0,1.5,5.4,cash,2026-07-26 06:20:04.825950,2026-07-26 06:40:04.825950
1,7,30.48,76.59,Random Pick,30.49,76.6,Random Drop,1,3,completed,30.0,15.0,0.0,45.0,1.5,5.4,cash,2026-07-29 19:20:04.825950,2026-07-29 19:29:04.825950
1,6,30.48,76.59,Random Pick,30.49,76.6,Random Drop,2,6,completed,30.0,15.0,0.0,45.0,1.5,5.4,cash,2026-09-15 14:20:04.825950,2026-09-15 14:39:04.825950
1,8,30.48,76.59,Random Pick,30.49,76.6,Random Drop,5,6,completed,30.0,15.0,0.0,45.0,1.5,5.4,cash,2026-09-19 23:20:04.825950,2026-09-19 23:25:04.825950
1,9,30.48,76.59,Random Pick,30.49,76.6,Random Drop,3,1,completed,30.0,15.0,0.0,45.0,1.5,5.4,cash,2026-08-23 14:20:04.825950,2026-08-23 14:30:04.825950
1,3,30.48,76.59,Random Pick,30.49,76.6,Random Drop,7,2,completed,30.0,15.0,0.0,45.0,1.5,5.4,cash,2026-08-25 02:20:04.825950,2026-08-25 02:34:04.825950
1,5,30.48,76.59,Random Pick,30.49,76.6,Random Drop,6,1,completed,30.0,15.0,0.0,45.0,1.5,5.4,cash,2026-08-13 12:20:04.825950,2026-08-13 12:34:04.825950
1,9,30.48,76.59,Random Pick,30.49,76.6,Random Drop,8,6,completed,30.0,15.0,0.0,45.0,1.5,5.4,cash,2026-07-26 15:20:04.825950,2026-07-26 15:28:04.825950
1,8,30.48,76.59,Random Pick,30.49,76.6,Random Drop,1,2,completed,30.0,15.0,0.0,45.0,1.5,5.4,cash,2026-08-13 23:20:04.825950,2026-08-13 23:25:04.825950
1,4,30.48,76.59,Random Pick,30.49,76.6,Random Drop,3,2,completed,30.0,15.0,0.0,45.0,1.5,5.4,cash,2026-09-14 22:20:04.825950,2026-09-14 22:37:04.825950
1,6,30.48,76.59,Random Pick,30.49,76.6,Random Drop,8,6,completed,30.0,15.0,0.0,45.0,1.5,5.4,cash,2026-09-11 00:20:04.825950,2026-09-11 00:31:04.825950
1,6,30.48,76.59,Random Pick,30.49,76.6,Random Drop,2,8,completed,30.0,15.0,0.0,45.0,1.5,5.4,cash,2026-09-03 08:20:04.825950,2026-09-03 08:32:04.825950
1,6,30.48,76.59,Random Pick,30.49,76.6,Random Drop,1,4,completed,30.0,15.0,0.0,45.0,1.5,5.4,cash,2026-08-08 08:20:04.825950,2026-08-08 08:27:04.825950
1,9,30.48,76.59,Random Pick,30.49,76.6,Random Drop,3,5,completed,30.0,15.0,0.0,45.0,1.5,5.4,cash,2026-09-16 03:20:04.825950,2026-09-16 03:32:04.825950
1,8,30.48,76.59,Random Pick,30.49,76.6,Random Drop,3,7,completed,30.0,15.0,0.0,45.0,1.5,5.4,cash,2026-08-02 13:20:04.825950,2026-08-02 13:38:04.825950
1,2,30.48,76.59,Random Pick,30.49,76.6,Random Drop,7,3,completed,30.0,15.0,0.0,45.0,1.5,5.4,cash,2026-08-25 02:20:04.825950,2026-08-25 02:32:04.825950
1,3,30.48,76.59,Random Pick,30.49,76.6,Random Drop,7,7,completed,30.0,15.0,0.0,45.0,1.5,5.4,cash,2026-08-12 07:20:04.825950,2026-08-12 07:36:04.825950
1,8,30.48,76.59,Random Pick,30.49,76.6,Random Drop,1,3,completed,30.0,15.0,0.0,45.0,1.5,5.4,cash,2026-08-24 02:20:04.825950,2026-08-24 02:33:04.825950
1,7,30.48,76.59,Random Pick,30.49,76.6,Random Drop,6,6,completed,30.0,15.0,0.0,45.0,1.5,5.4,cash,2026-09-02 20:20:04.825950,2026-09-02 20:29:04.825950
1,4,30.48,76.59,Random Pick,30.49,76.6,Random Drop,8,1,completed,30.0,15.0,0.0,45.0,1.5,5.4,cash,2026-08-31 01:20:04.825950,2026-08-31 01:32:04.825950
1,2,30.48,76.59,Random Pick,30.49,76.6,Random Drop,8,3,completed,30.0,15.0,0.0,45.0,1.5,5.4,cash,2026-08-29 16:20:04.825950,2026-08-29 16:39:04.825950
1,2,30.48,76.59,Random Pick,30.49,76.6,Random Drop,2,1,completed,30.0,15.0,0.0,45.0,1.5,5.4,cash,2026-08-21 22:20:04.825950,2026-08-21 22:36:04.825950
1,2,30.48,76.59,Random Pick,30.49,76.6,Random Drop,8,7,completed,30.0,15.0,0.0,45.0,1.5,5.4,cash,2026-09-01 09:20:04.825950,2026-09-01 09:25:04.825950
1,3,30.48,76.59,Random Pick,30.49,76.6,Random Drop,8,2,completed,30.0,15.0,0.0,45.0,1.5,5.4,cash,2026-08-22 08:20:04.825950,2026-08-22 08:30:04.825950
1,8,30.48,76.59,Random Pick,30.49,76.6,Random Drop,2,8,completed,30.0,15.0,0.0,45.0,1.5,5.4,cash,2026-08-02 05:20:04.825950,2026-08-02 05:31:04.825950
1,7,30.48,76.59,Random Pick,30.49,76.6,Random Drop,4,4,completed,30.0,15.0,0.0,45.0,1.5,5.4,cash,2026-08-10 12:20:04.825950,2026-08-10 12:32:04.825950
1,7,30.48,76.59,Random Pick,30.49,76.6,Random Drop,1,5,completed,30.0,15.0,0.0,45.0,1.5,5.4,cash,2026-08-14 20:20:04.825950,2026-08-14 20:34:04.825950
1,3,30.48,76.59,Random Pick,30.49,76.6,Random Drop,6,7,completed,30.0,15.0,0.0,45.0,1.5,5.4,cash,2026-09-13 20:20:04.825950,2026-09-13 20:35:04.825950
1,9,30.48,76.59,Random Pick,30.49,76.6,Random Drop,1,5,completed,30.0,15.0,0.0,45.0,1.5,5.4,cash,2026-09-04 11:20:04.825950,2026-09-04 11:31:04.825950
1,5,30.48,76.59,Random Pick,30.49,76.6,Random Drop,2,1,completed,30.0,15.0,0.0,45.0,1.5,5.4,cash,2026-08-07 12:20:04.825950,2026-08-07 12:29:04.825950
1,8,30.48,76.59,Random Pick,30.49,76.6,Random Drop,3,5,completed,30.0,15.0,0.0,45.0,1.5,5.4,cash,2026-08-18 06:20:04.825950,2026-08-18 06:38:04.825950
1,7,30.48,76.59,Random Pick,30.49,76.6,Random Drop,6,2,completed,30.0,15.0,0.0,45.0,1.5,5.4,cash,2026-09-09 05:20:04.825950,2026-09-09 05:25:04.825950
1,6,30.48,76.59,Random Pick,30.49,76.6,Random Drop,1,2,completed,30.0,15.0,0.0,45.0,1.5,5.4,cash,2026-08-07 07:20:04.825950,2026-08-07 07:27:04.825950
1,2,30.48,76.59,Random Pick,30.49,76.6,Random Drop,5,6,completed,30.0,15.0,0.0,45.0,1.5,5.4,cash,2026-08-22 16:20:04.825950,2026-08-22 16:28:04.825950
1,5,30.48,76.59,Random Pick,30.49,76.6,Random Drop,4,5,completed,30.0,15.0,0.0,45.0,1.5,5.4,cash,2026-07-30 09:20:04.825950,2026-07-30 09:37:04.825950
1,5,30.48,76.59,Random Pick,30.49,76.6,Random Drop,4,7,completed,30.0,15.0,0.0,45.0,1.5,5.4,cash,2026-08-26 06:20:04.825950,2026-08-26 06:31:04.825950
1,7,30.48,76.59,Random Pick,30.49,76.6,Random Drop,1,8,completed,30.0,15.0,0.0,45.0,1.5,5.4,cash,2026-08-15 10:20:04.825950,2026-08-15 10:36:04.825950
1,9,30.48,76.59,Random Pick,30.49,76.6,Random Drop,4,1,completed,30.0,15.0,0.0,45.0,1.5,5.4,cash,2026-08-20 22:20:04.825950,2026-08-20 22:25:04.825950
1,3,30.48,76.59,Random Pick,30.49,76.6,Random Drop,5,7,completed,30.0,15.0,0.0,45.0,1.5,5.4,cash,2026-09-13 10:20:04.825950,2026-09-13 10:33:04.825950
1,9,30.48,76.59,Random Pick,30.49,76.6,Random Drop,8,1,completed,30.0,15.0,0.0,45.0,1.5,5.4,cash,2026-08-15 00:20:04.825950,2026-08-15 00:29:04.825950
1,2,30.48,76.59,Random Pick,30.49,76.6,Random Drop,8,5,completed,30.0,15.0,0.0,45.0,1.5,5.4,cash,2026-08-03 07:20:04.825950,2026-08-03 07:39:04.825950
1,4,30.48,76.59,Random Pick,30.49,76.6,Random Drop,2,6,completed,30.0,15.0,0.0,45.0,1.5,5.4,cash,2026-07-31 08:20:04.825950,2026-07-31 08:30:04.825950
1,5,30.48,76.59,Random Pick,30.49,76.6,Random Drop,4,8,completed,30.0,15.0,0.0,45.0,1.5,5.4,cash,2026-09-11 05:20:04.825950,2026-09-11 05:27:04.825950
1,8,30.48,76.59,Random Pick,30.49,76.6,Random Drop,6,2,completed,30.0,15.0,0.0,45.0,1.5,5.4,cash,2026-09-02 10:20:04.825950,2026-09-02 10:39:04.825950
1,7,30.48,76.59,Random Pick,30.49,76.6,Random Drop,8,1,completed,30.0,15.0,0.0,45.0,1.5,5.4,cash,2026-08-27 10:20:04.825950,2026-08-27 10:36:04.825950
1,9,30.48,76.59,Random Pick,30.49,76.6,Random Drop,2,4,completed,30.0,15.0,0.0,45.0,1.5,5.4,cash,2026-09-15 16:20:04.825950,2026-09-15 16:32:04.825950
1,2,30.48,76.59,Random Pick,30.49,76.6,Random Drop,2,6,completed,30.0,15.0,0.0,45.0,1.5,5.4,cash,2026-07-28 17:20:04.825950,2026-07-28 17:36:04.825950
1,8,30.48,76.59,Random Pick,30.49,76.6,Random Drop,2,4,completed,30.0,15.0,0.0,45.0,1.5,5.4,cash,2026-09-14 10:20:04.825950,2026-09-14 10:32:04.825950
1,9,30.48,76.59,Random Pick,30.49,76.6,Random Drop,2,4,completed,30.0,15.0,0.0,45.0,1.5,5.4,cash,2026-09-19 15:20:04.825950,2026-09-19 15:37:04.825950
1,2,30.48,76.59,Random Pick,30.49,76.6,Random Drop,8,5,completed,30.0,15.0,0.0,45.0,1.5,5.4,cash,2026-08-19 15:20:04.825950,2026-08-19 15:34:04.825950
1,7,30.48,76.59,Random Pick,30.49,76.6,Random Drop,7,5,completed,30.0,15.0,0.0,45.0,1.5,5.4,cash,2026-07-29 19:20:04.825950,2026-07-29 19:36:04.825950
1,5,30.48,76.59,Random Pick,30.49,76.6,Random Drop,6,6,completed,30.0,15.0,0.0,45.0,1.5,5.4,cash,2026-08-07 20:20:04.825950,2026-08-07 20:39:04.825950
1,8,30.48,76.59,Random Pick,30.49,76.6,Random Drop,8,6,completed,30.0,15.0,0.0,45.0,1.5,5.4,cash,2026-07-27 22:20:04.825950,2026-07-27 22:25:04.825950
1,8,30.48,76.59,Random Pick,30.49,76.6,Random Drop,5,3,completed,30.0,15.0,0.0,45.0,1.5,5.4,cash,2026-09-13 07:20:04.825950,2026-09-13 07:25:04.825950
1,8,30.48,76.59,Random Pick,30.49,76.6,Random Drop,6,3,completed,30.0,15.0,0.0,45.0,1.5,5.4,cash,2026-09-04 03:20:04.825950,2026-09-04 03:30:04.825950
1,4,30.48,76.59,Random Pick,30.49,76.6,Random Drop,2,7,completed,30.0,15.0,0.0,45.0,1.5,5.4,cash,2026-09-02 12:20:04.825950,2026-09-02 12:25:04.825950
1,3,30.48,76.59,Random Pick,30.49,76.6,Random Drop,7,2,completed,30.0,15.0,0.0,45.0,1.5,5.4,cash,2026-08-06 02:20:04.825950,2026-08-06 02:38:04.825950
1,3,30.48,76.59,Random Pick,30.49,76.6,Random Drop,1,1,completed,30.0,15.0,0.0,45.0,1.5,5.4,cash,2026-09-07 20:20:04.825950,2026-09-07 20:32:04.825950
1,3,30.48,76.59,Random Pick,30.49,76.6,Random Drop,1,5,completed,30.0,15.0,0.0,45.0,1.5,5.4,cash,2026-09-01 07:20:04.825950,2026-09-01 07:25:04.825950
1,9,30.48,76.59,Random Pick,30.49,76.6,Random Drop,2,1,completed,30.0,15.0,0.0,45.0,1.5,5.4,cash,2026-09-11 13:20:04.825950,2026-09-11 13:26:04.825950
1,9,30.48,76.59,Random Pick,30.49,76.6,Random Drop,3,7,completed,30.0,15.0,0.0,45.0,1.5,5.4,cash,2026-08-11 21:20:04.825950,2026-08-11 21:30:04.825950
1,7,30.48,76.59,Random Pick,30.49,76.6,Random Drop,1,8,completed,30.0,15.0,0.0,45.0,1.5,5.4,cash,2026-09-09 03:20:04.825950,2026-09-09 03:39:04.825950
1,2,30.48,76.59,Random Pick,30.49,76.6,Random Drop,8,2,completed,30.0,15.0,0.0,45.0,1.5,5.4,cash,2026-09-06 00:20:04.825950,2026-09-06 00:33:04.825950
1,4,30.48,76.59,Random Pick,30.49,76.6,Random Drop,8,7,completed,30.0,15.0,0.0,45.0,1.5,5.4,cash,2026-09-14 08:20:04.825950,2026-09-14 08:29:04.825950
1,7,30.48,76.59,Random Pick,30.49,76.6,Random Drop,2,7,completed,30.0,15.0,0.0,45.0,1.5,5.4,cash,2026-08-03 16:20:04.825950,2026-08-03 16:37:04.825950
1,2,30.48,76.59,Random Pick,30.49,76.6,Random Drop,7,8,completed,30.0,15.0,0.0,45.0,1.5,5.4,cash,2026-08-21 05:20:04.825950,2026-08-21 05:39:04.825950
1,7,30.48,76.59,Random Pick,30.49,76.6,Random Drop,6,7,completed,30.0,15.0,0.0,45.0,1.5,5.4,cash,2026-08-12 09:20:04.825950,2026-08-12 09:28:04.825950
1,4,30.48,76.59,Random Pick,30.49,76.6,Random Drop,3,1,completed,30.0,15.0,0.0,45.0,1.5,5.4,cash,2026-09-14 17:20:04.825950,2026-09-14 17:36:04.825950
1,7,30.48,76.59,Random Pick,30.49,76.6,Random Drop,4,7,completed,30.0,15.0,0.0,45.0,1.5,5.4,cash,2026-08-05 09:20:04.825950,2026-08-05 09:32:04.825950
1,6,30.48,76.59,Random Pick,30.49,76.6,Random Drop,8,3,completed,30.0,15.0,0.0,45.0,1.5,5.4,cash,2026-09-12 16:20:04.825950,2026-09-12 16:36:04.825950
1,9,30.48,76.59,Random Pick,30.49,76.6,Random Drop,1,6,completed,30.0,15.0,0.0,45.0,1.5,5.4,cash,2026-07-29 22:20:04.825950,2026-07-29 22:28:04.825950
1,6,30.48,76.59,Random Pick,30.49,76.6,Random Drop,8,7,completed,30.0,15.0,0.0,45.0,1.5,5.4,cash,2026-08-31 08:20:04.825950,2026-08-31 08:40:04.825950
1,3,30.48,76.59,Random Pick,30.49,76.6,Random Drop,6,3,completed,30.0,15.0,0.0,45.0,1.5,5.4,cash,2026-08-11 06:20:04.825950,2026-08-11 06:28:04.825950
1,6,30.48,76.59,Random Pick,30.49,76.6,Random Drop,8,8,completed,30.0,15.0,0.0,45.0,1.5,5.4,cash,2026-09-05 22:20:04.825950,2026-09-05 22:34:04.825950
1,5,30.48,76.59,Random Pick,30.49,76.6,Random Drop,8,6,completed,30.0,15.0,0.0,45.0,1.5,5.4,cash,2026-09-06 17:20:04.825950,2026-09-06 17:35:04.825950
1,5,30.48,76.59,Random Pick,30.49,76.6,Random Drop,5,4,completed,30.0,15.0,0.0,45.0,1.5,5.4,cash,2026-09-19 23:20:04.825950,2026-09-19 23:36:04.825950
1,3,30.48,76.59,Random Pick,30.49,76.6,Random Drop,8,3,completed,30.0,15.0,0.0,45.0,1.5,5.4,cash,2026-08-28 02:20:04.825950,2026-08-28 02:36:04.825950
1,3,30.48,76.59,Random Pick,30.49,76.6,Random Drop,1,4,completed,30.0,15.0,0.0,45.0,1.5,5.4,cash,2026-08-07 11:20:04.825950,2026-08-07 11:26:04.825950
1,8,30.48,76.59,Random Pick,30.49,76.6,Random Drop,5,2,completed,30.0,15.0,0.0,45.0,1.5,5.4,cash,2026-08-27 13:20:04.825950,2026-08-27 13:29:04.825950
1,3,30.48,76.59,Random Pick,30.49,76.6,Random Drop,8,2,completed,30.0,15.0,0.0,45.0,1.5,5.4,cash,2026-08-27 16:20:04.825950,2026-08-27 16:38:04.825950
1,5,30.48,76.59,Random Pick,30.49,76.6,Random Drop,4,6,completed,30.0,15.0,0.0,45.0,1.5,5.4,cash,2026-09-14 01:20:04.825950,2026-09-14 01:32:04.825950
1,3,30.48,76.59,Random Pick,30.49,76.6,Random Drop,4,4,completed,30.0,15.0,0.0,45.0,1.5,5.4,cash,2026-07-29 07:20:04.825950,2026-07-29 07:40:04.825950
1,2,30.48,76.59,Random Pick,30.49,76.6,Random Drop,4,6,completed,30.0,15.0,0.0,45.0,1.5,5.4,cash,2026-09-11 15:20:04.825950,2026-09-11 15:37:04.825950
1,9,30.48,76.59,Random Pick,30.49,76.6,Random Drop,3,6,completed,30.0,15.0,0.0,45.0,1.5,5.4,cash,2026-09-09 09:20:04.825950,2026-09-09 09:32:04.825950
1,7,30.48,76.59,Random Pick,30.49,76.6,Random Drop,6,3,completed,30.0,15.0,0.0,45.0,1.5,5.4,cash,2026-08-15 05:20:04.825950,2026-08-15 05:38:04.825950
1,4,30.48,76.59,Random Pick,30.49,76.6,Random Drop,1,5,completed,30.0,15.0,0.0,45.0,1.5,5.4,cash,2026-08-09 18:20:04.825950,2026-08-09 18:40:04.825950
1,3,30.48,76.59,Random Pick,30.49,76.6,Random Drop,8,2,completed,30.0,15.0,0.0,45.0,1.5,5.4,cash,2026-08-16 18:20:04.825950,2026-08-16 18:30:04.825950
1,8,30.48,76.59,Random Pick,30.49,76.6,Random Drop,3,4,completed,30.0,15.0,0.0,45.0,1.5,5.4,cash,2026-09-11 18:20:04.825950,2026-09-11 18:34:04.825950
1,9,30.48,76.59,Random Pick,30.49,76.6,Random Drop,2,4,completed,30.0,15.0,0.0,45.0,1.5,5.4,cash,2026-08-26 13:20:04.825950,2026-08-26 13:30:04.825950
1,5,30.48,76.59,Random Pick,30.49,76.6,Random Drop,3,2,completed,30.0,15.0,0.0,45.0,1.5,5.4,cash,2026-08-06 00:20:04.825950,2026-08-06 00:39:04.825950
1,8,30.48,76.59,Random Pick,30.49,76.6,Random Drop,8,6,completed,30.0,15.0,0.0,45.0,1.5,5.4,cash,2026-09-19 03:20:04.825950,2026-09-19 03:25:04.825950
1,9,30.48,76.59,Random Pick,30.49,76.6,Random Drop,5,6,completed,30.0,15.0,0.0,45.0,1.5,5.4,cash,2026-08-15 23:20:04.825950,2026-08-15 23:26:04.825950
1,9,30.48,76.59,Random Pick,30.49,76.6,Random Drop,6,8,completed,30.0,15.0,0.0,45.0,1.5,5.4,cash,2026-08-22 02:20:04.825950,2026-08-22 02:40:04.825950
1,9,30.48,76.59,Random Pick,30.49,76.6,Random Drop,2,5,completed,30.0,15.0,0.0,45.0,1.5,5.4,cash,2026-09-12 03:20:04.825950,2026-09-12 03:31:04.825950
1,6,30.48,76.59,Random Pick,30.49,76.6,Random Drop,3,4,completed,30.0,15.0,0.0,45.0,1.5,5.4,cash,2026-08-01 10:20:04.825950,2026-08-01 10:34:04.825950
1,5,30.48,76.59,Random Pick,30.49,76.6,Random Drop,6,6,completed,30.0,15.0,0.0,45.0,1.5,5.4,cash,2026-09-18 19:20:04.825950,2026-09-18 19:32:04.825950
1,3,30.48,76.59,Random Pick,30.49,76.6,Random Drop,2,6,completed,30.0,15.0,0.0,45.0,1.5,5.4,cash,2026-09-07 00:20:04.825950,2026-09-07 00:40:04.825950
1,4,30.48,76.59,Random Pick,30.49,76.6,Random Drop,1,8,completed,30.0,15.0,0.0,45.0,1.5,5.4,cash,2026-08-25 03:20:04.825950,2026-08-25 03:30:04.825950
1,2,30.48,76.59,Random Pick,30.49,76.6,Random Drop,5,4,completed,30.0,15.0,0.0,45.0,1.5,5.4,cash,2026-07-30 09:20:04.825950,2026-07-30 09:37:04.825950
1,9,30.48,76.59,Random Pick,30.49,76.6,Random Drop,6,6,completed,30.0,15.0,0.0,45.0,1.5,5.4,cash,2026-09-14 14:20:04.825950,2026-09-14 14:38:04.825950
1,5,30.48,76.59,Random Pick,30.49,76.6,Random Drop,5,4,completed,30.0,15.0,0.0,45.0,1.5,5.4,cash,2026-08-11 00:20:04.825950,2026-08-11 00:28:04.825950
1,9,30.48,76.59,Random Pick,30.49,76.6,Random Drop,7,1,completed,30.0,15.0,0.0,45.0,1.5,5.4,cash,2026-08-29 20:20:04.825950,2026-08-29 20:35:04.825950
1,8,30.48,76.59,Random Pick,30.49,76.6,Random Drop,1,5,completed,30.0,15.0,0.0,45.0,1.5,5.4,cash,2026-08-22 19:20:04.825950,2026-08-22 19:32:04.825950
1,6,30.48,76.59,Random Pick,30.49,76.6,Random Drop,5,2,completed,30.0,15.0,0.0,45.0,1.5,5.4,cash,2026-09-13 13:20:04.825950,2026-09-13 13:26:04.825950
1,6,30.48,76.59,Random Pick,30.49,76.6,Random Drop,1,3,completed,30.0,15.0,0.0,45.0,1.5,5.4,cash,2026-07-31 21:20:04.825950,2026-07-31 21:40:04.825950
1,6,30.48,76.59,Random Pick,30.49,76.6,Random Drop,8,4,completed,30.0,15.0,0.0,45.0,1.5,5.4,cash,2026-09-14 17:20:04.825950,2026-09-14 17:36:04.825950
1,3,30.48,76.59,Random Pick,30.49,76.6,Random Drop,3,1,completed,30.0,15.0,0.0,45.0,1.5,5.4,cash,2026-08-18 21:20:04.825950,2026-08-18 21:28:04.825950
1,8,30.48,76.59,Random Pick,30.49,76.6,Random Drop,2,2,completed,30.0,15.0,0.0,45.0,1.5,5.4,cash,2026-09-08 21:20:04.825950,2026-09-08 21:31:04.825950
1,7,30.48,76.59,Random Pick,30.49,76.6,Random Drop,4,8,completed,30.0,15.0,0.0,45.0,1.5,5.4,cash,2026-08-08 09:20:04.825950,2026-08-08 09:35:04.825950
1,3,30.48,76.59,Random Pick,30.49,76.6,Random Drop,5,2,completed,30.0,15.0,0.0,45.0,1.5,5.4,cash,2026-08-13 01:20:04.825950,2026-08-13 01:27:04.825950
1,2,30.48,76.59,Random Pick,30.49,76.6,Random Drop,8,4,completed,30.0,15.0,0.0,45.0,1.5,5.4,cash,2026-08-22 20:20:04.825950,2026-08-22 20:34:04.825950
1,8,30.48,76.59,Random Pick,30.49,76.6,Random Drop,6,1,completed,30.0,15.0,0.0,45.0,1.5,5.4,cash,2026-09-03 05:20:04.825950,2026-09-03 05:27:04.825950
1,4,30.48,76.59,Random Pick,30.49,76.6,Random Drop,5,7,completed,30.0,15.0,0.0,45.0,1.5,5.4,cash,2026-08-30 06:20:04.825950,2026-08-30 06:30:04.825950
1,7,30.48,76.59,Random Pick,30.49,76.6,Random Drop,6,5,completed,30.0,15.0,0.0,45.0,1.5,5.4,cash,2026-08-20 21:20:04.825950,2026-08-20 21:38:04.825950
1,4,30.48,76.59,Random Pick,30.49,76.6,Random Drop,1,2,completed,30.0,15.0,0.0,45.0,1.5,5.4,cash,2026-08-09 00:20:04.825950,2026-08-09 00:32:04.825950
1,8,30.48,76.59,Random Pick,30.49,76.6,Random Drop,5,3,completed,30.0,15.0,0.0,45.0,1.5,5.4,cash,2026-08-24 06:20:04.825950,2026-08-24 06:29:04.825950
1,2,30.48,76.59,Random Pick,30.49,76.6,Random Drop,5,8,completed,30.0,15.0,0.0,45.0,1.5,5.4,cash,2026-08-16 10:20:04.825950,2026-08-16 10:27:04.825950
1,6,30.48,76.59,Random Pick,30.49,76.6,Random Drop,4,4,completed,30.0,15.0,0.0,45.0,1.5,5.4,cash,2026-09-02 01:20:04.825950,2026-09-02 01:33:04.825950
1,2,30.48,76.59,Random Pick,30.49,76.6,Random Drop,7,6,completed,30.0,15.0,0.0,45.0,1.5,5.4,cash,2026-08-27 23:20:04.825950,2026-08-27 23:33:04.825950
1,2,30.48,76.59,Random Pick,30.49,76.6,Random Drop,1,7,completed,30.0,15.0,0.0,45.0,1.5,5.4,cash,2026-09-04 10:20:04.825950,2026-09-04 10:26:04.825950
1,2,30.48,76.59,Random Pick,30.49,76.6,Random Drop,2,8,completed,30.0,15.0,0.0,45.0,1.5,5.4,cash,2026-08-16 10:20:04.825950,2026-08-16 10:36:04.825950
1,5,30.48,76.59,Random Pick,30.49,76.6,Random Drop,7,6,completed,30.0,15.0,0.0,45.0,1.5,5.4,cash,2026-08-04 08:20:04.825950,2026-08-04 08:29:04.825950
1,3,30.48,76.59,Random Pick,30.49,76.6,Random Drop,5,3,completed,30.0,15.0,0.0,45.0,1.5,5.4,cash,2026-08-01 11:20:04.825950,2026-08-01 11:25:04.825950
1,6,30.48,76.59,Random Pick,30.49,76.6,Random Drop,3,2,completed,30.0,15.0,0.0,45.0,1.5,5.4,cash,2026-08-09 16:20:04.825950,2026-08-09 16:40:04.825950
1,3,30.48,76.59,Random Pick,30.49,76.6,Random Drop,7,7,completed,30.0,15.0,0.0,45.0,1.5,5.4,cash,2026-08-23 23:20:04.825950,2026-08-23 23:26:04.825950
1,8,30.48,76.59,Random Pick,30.49,76.6,Random Drop,6,5,completed,30.0,15.0,0.0,45.0,1.5,5.4,cash,2026-09-15 22:20:04.825950,2026-09-15 22:27:04.825950
1,6,30.48,76.59,Random Pick,30.49,76.6,Random Drop,6,2,completed,30.0,15.0,0.0,45.0,1.5,5.4,cash,2026-09-09 05:20:04.825950,2026-09-09 05:31:04.825950
1,8,30.48,76.59,Random Pick,30.49,76.6,Random Drop,4,7,completed,30.0,15.0,0.0,45.0,1.5,5.4,cash,2026-08-13 18:20:04.825950,2026-08-13 18:36:04.825950
1,7,30.48,76.59,Random Pick,30.49,76.6,Random Drop,3,2,completed,30.0,15.0,0.0,45.0,1.5,5.4,cash,2026-07-27 04:20:04.825950,2026-07-27 04:35:04.825950
1,3,30.48,76.59,Random Pick,30.49,76.6,Random Drop,6,8,completed,30.0,15.0,0.0,45.0,1.5,5.4,cash,2026-08-31 21:20:04.825950,2026-08-31 21:28:04.825950
1,4,30.48,76.59,Random Pick,30.49,76.6,Random Drop,8,1,completed,30.0,15.0,0.0,45.0,1.5,5.4,cash,2026-08-26 23:20:04.825950,2026-08-26 23:35:04.825950
1,4,30.48,76.59,Random Pick,30.49,76.6,Random Drop,5,3,completed,30.0,15.0,0.0,45.0,1.5,5.4,cash,2026-08-10 06:20:04.825950,2026-08-10 06:27:04.825950
1,3,30.48,76.59,Random Pick,30.49,76.6,Random Drop,2,5,completed,30.0,15.0,0.0,45.0,1.5,5.4,cash,2026-09-14 00:20:04.825950,2026-09-14 00:30:04.825950
1,3,30.48,76.59,Random Pick,30.49,76.6,Random Drop,5,5,completed,30.0,15.0,0.0,45.0,1.5,5.4,cash,2026-09-12 19:20:04.825950,2026-09-12 19:28:04.825950
1,3,30.48,76.59,Random Pick,30.49,76.6,Random Drop,1,4,completed,30.0,15.0,0.0,45.0,1.5,5.4,cash,2026-08-19 09:20:04.825950,2026-08-19 09:36:04.825950
1,3,30.48,76.59,Random Pick,30.49,76.6,Random Drop,4,5,completed,30.0,15.0,0.0,45.0,1.5,5.4,cash,2026-08-28 23:20:04.825950,2026-08-28 23:30:04.825950
1,4,30.48,76.59,Random Pick,30.49,76.6,Random Drop,6,1,completed,30.0,15.0,0.0,45.0,1.5,5.4,cash,2026-08-30 07:20:04.825950,2026-08-30 07:28:04.825950
1,3,30.48,76.59,Random Pick,30.49,76.6,Random Drop,1,8,completed,30.0,15.0,0.0,45.0,1.5,5.4,cash,2026-08-08 23:20:04.825950,2026-08-08 23:34:04.825950
1,2,30.48,76.59,Random Pick,30.49,76.6,Random Drop,3,5,completed,30.0,15.0,0.0,45.0,1.5,5.4,cash,2026-07-29 18:20:04.825950,2026-07-29 18:34:04.825950
1,8,30.48,76.59,Random Pick,30.49,76.6,Random Drop,7,6,completed,30.0,15.0,0.0,45.0,1.5,5.4,cash,2026-09-01 07:20:04.825950,2026-09-01 07:34:04.825950
1,4,30.48,76.59,Random Pick,30.49,76.6,Random Drop,2,8,completed,30.0,15.0,0.0,45.0,1.5,5.4,cash,2026-09-10 12:20:04.825950,2026-09-10 12:30:04.825950
1,5,30.48,76.59,Random Pick,30.49,76.6,Random Drop,2,7,completed,30.0,15.0,0.0,45.0,1.5,5.4,cash,2026-09-15 07:20:04.825950,2026-09-15 07:39:04.825950
1,8,30.48,76.59,Random Pick,30.49,76.6,Random Drop,2,5,completed,30.0,15.0,0.0,45.0,1.5,5.4,cash,2026-08-23 00:20:04.825950,2026-08-23 00:33:04.825950
1,7,30.48,76.59,Random Pick,30.49,76.6,Random Drop,2,4,completed,30.0,15.0,0.0,45.0,1.5,5.4,cash,2026-09-18 16:20:04.825950,2026-09-18 16:29:04.825950
1,3,30.48,76.59,Random Pick,30.49,76.6,Random Drop,1,2,completed,30.0,15.0,0.0,45.0,1.5,5.4,cash,2026-08-04 19:20:04.825950,2026-08-04 19:31:04.825950
1,4,30.48,76.59,Random Pick,30.49,76.6,Random Drop,6,4,completed,30.0,15.0,0.0,45.0,1.5,5.4,cash,2026-07-31 09:20:04.825950,2026-07-31 09:28:04.825950
1,4,30.48,76.59,Random Pick,30.49,76.6,Random Drop,7,4,completed,30.0,15.0,0.0,45.0,1.5,5.4,cash,2026-08-25 18:20:04.825950,2026-08-25 18:34:04.825950
1,2,30.48,76.59,Random Pick,30.49,76.6,Random Drop,5,3,completed,30.0,15.0,0.0,45.0,1.5,5.4,cash,2026-08-10 17:20:04.825950,2026-08-10 17:29:04.825950
1,4,30.48,76.59,Random Pick,30.49,76.6,Random Drop,7,7,completed,30.0,15.0,0.0,45.0,1.5,5.4,cash,2026-08-16 14:20:04.825950,2026-08-16 14:40:04.825950
1,4,30.48,76.59,Random Pick,30.49,76.6,Random Drop,4,1,completed,30.0,15.0,0.0,45.0,1.5,5.4,cash,2026-08-02 02:20:04.825950,2026-08-02 02:29:04.825950
1,6,30.48,76.59,Random Pick,30.49,76.6,Random Drop,4,3,completed,30.0,15.0,0.0,45.0,1.5,5.4,cash,2026-08-21 20:20:04.825950,2026-08-21 20:32:04.825950
1,9,30.48,76.59,Random Pick,30.49,76.6,Random Drop,7,1,completed,30.0,15.0,0.0,45.0,1.5,5.4,cash,2026-09-09 22:20:04.825950,2026-09-09 22:39:04.825950
1,2,30.48,76.59,Random Pick,30.49,76.6,Random Drop,7,5,completed,30.0,15.0,0.0,45.0,1.5,5.4,cash,2026-09-04 13:20:04.825950,2026-09-04 13:29:04.825950
1,9,30.48,76.59,Random Pick,30.49,76.6,Random Drop,4,7,completed,30.0,15.0,0.0,45.0,1.5,5.4,cash,2026-09-16 22:20:04.825950,2026-09-16 22:37:04.825950
1,2,30.48,76.59,Random Pick,30.49,76.6,Random Drop,5,8,completed,30.0,15.0,0.0,45.0,1.5,5.4,cash,2026-09-04 05:20:04.825950,2026-09-04 05:40:04.825950
1,2,30.48,76.59,Random Pick,30.49,76.6,Random Drop,2,8,completed,30.0,15.0,0.0,45.0,1.5,5.4,cash,2026-08-06 13:20:04.825950,2026-08-06 13:35:04.825950
1,2,30.48,76.59,Random Pick,30.49,76.6,Random Drop,5,1,completed,30.0,15.0,0.0,45.0,1.5,5.4,cash,2026-08-10 08:20:04.825950,2026-08-10 08:32:04.825950
1,7,30.48,76.59,Random Pick,30.49,76.6,Random Drop,1,2,completed,30.0,15.0,0.0,45.0,1.5,5.4,cash,2026-08-13 18:20:04.825950,2026-08-13 18:25:04.825950
1,4,30.48,76.59,Random Pick,30.49,76.6,Random Drop,8,5,completed,30.0,15.0,0.0,45.0,1.5,5.4,cash,2026-09-15 04:20:04.825950,2026-09-15 04:39:04.825950
1,6,30.48,76.59,Random Pick,30.49,76.6,Random Drop,6,3,completed,30.0,15.0,0.0,45.0,1.5,5.4,cash,2026-08-06 20:20:04.825950,2026-08-06 20:38:04.825950
1,3,30.48,76.59,Random Pick,30.49,76.6,Random Drop,5,7,completed,30.0,15.0,0.0,45.0,1.5,5.4,cash,2026-08-24 16:20:04.825950,2026-08-24 16:31:04.825950
1,9,30.48,76.59,Random Pick,30.49,76.6,Random Drop,3,7,completed,30.0,15.0,0.0,45.0,1.5,5.4,cash,2026-09-14 18:20:04.825950,2026-09-14 18:32:04.825950
1,4,30.48,76.59,Random Pick,30.49,76.6,Random Drop,6,4,completed,30.0,15.0,0.0,45.0,1.5,5.4,cash,2026-09-13 16:20:04.825950,2026-09-13 16:28:04.825950
1,5,30.48,76.59,Random Pick,30.49,76.6,Random Drop,3,7,completed,30.0,15.0,0.0,45.0,1.5,5.4,cash,2026-09-11 04:20:04.825950,2026-09-11 04:31:04.825950
1,9,30.48,76.59,Random Pick,30.49,76.6,Random Drop,3,7,completed,30.0,15.0,0.0,45.0,1.5,5.4,cash,2026-09-17 14:20:04.825950,2026-09-17 14:25:04.825950
1,6,30.48,76.59,Random Pick,30.49,76.6,Random Drop,1,3,completed,30.0,15.0,0.0,45.0,1.5,5.4,cash,2026-09-04 22:20:04.825950,2026-09-04 22:32:04.825950
1,5,30.48,76.59,Random Pick,30.49,76.6,Random Drop,8,2,completed,30.0,15.0,0.0,45.0,1.5,5.4,cash,2026-08-25 04:20:04.825950,2026-08-25 04:36:04.825950
1,3,30.48,76.59,Random Pick,30.49,76.6,Random Drop,4,2,completed,30.0,15.0,0.0,45.0,1.5,5.4,cash,2026-09-13 12:20:04.825950,2026-09-13 12:38:04.825950
1,3,30.48,76.59,Random Pick,30.49,76.6,Random Drop,3,4,completed,30.0,15.0,0.0,45.0,1.5,5.4,cash,2026-09-13 11:20:04.825950,2026-09-13 11:35:04.825950
1,9,30.48,76.59,Random Pick,30.49,76.6,Random Drop,5,1,completed,30.0,15.0,0.0,45.0,1.5,5.4,cash,2026-08-16 09:20:04.825950,2026-08-16 09:36:04.825950
1,2,30.48,76.59,Random Pick,30.49,76.6,Random Drop,8,8,completed,30.0,15.0,0.0,45.0,1.5,5.4,cash,2026-07-26 17:20:04.825950,2026-07-26 17:40:04.825950
1,6,30.48,76.59,Random Pick,30.49,76.6,Random Drop,1,5,completed,30.0,15.0,0.0,45.0,1.5,5.4,cash,2026-08-27 02:20:04.825950,2026-08-27 02:37:04.825950
1,9,30.48,76.59,Random Pick,30.49,76.6,Random Drop,6,7,completed,30.0,15.0,0.0,45.0,1.5,5.4,cash,2026-08-12 00:20:04.825950,2026-08-12 00:38:04.825950
1,3,30.48,76.59,Random Pick,30.49,76.6,Random Drop,3,4,completed,30.0,15.0,0.0,45.0,1.5,5.4,cash,2026-08-30 12:20:04.825950,2026-08-30 12:25:04.825950
1,3,30.48,76.59,Random Pick,30.49,76.6,Random Drop,6,5,completed,30.0,15.0,0.0,45.0,1.5,5.4,cash,2026-08-22 21:20:04.825950,2026-08-22 21:33:04.825950
1,4,30.48,76.59,Random Pick,30.49,76.6,Random Drop,5,3,completed,30.0,15.0,0.0,45.0,1.5,5.4,cash,2026-08-25 18:20:04.825950,2026-08-25 18:36:04.825950
1,7,30.48,76.59,Random Pick,30.49,76.6,Random Drop,6,2,completed,30.0,15.0,0.0,45.0,1.5,5.4,cash,2026-09-13 20:20:04.825950,2026-09-13 20:31:04.825950
1,7,30.48,76.59,Random Pick,30.49,76.6,Random Drop,1,2,completed,30.0,15.0,0.0,45.0,1.5,5.4,cash,2026-08-11 05:20:04.825950,2026-08-11 05:36:04.825950
1,8,30.48,76.59,Random Pick,30.49,76.6,Random Drop,2,4,completed,30.0,15.0,0.0,45.0,1.5,5.4,cash,2026-08-20 05:20:04.825950,2026-08-20 05:36:04.825950
1,2,30.48,76.59,Random Pick,30.49,76.6,Random Drop,2,7,completed,30.0,15.0,0.0,45.0,1.5,5.4,cash,2026-08-04 11:20:04.825950,2026-08-04 11:40:04.825950
1,3,30.48,76.59,Random Pick,30.49,76.6,Random Drop,6,4,completed,30.0,15.0,0.0,45.0,1.5,5.4,cash,2026-08-21 11:20:04.825950,2026-08-21 11:38:04.825950
1,7,30.48,76.59,Random Pick,30.49,76.6,Random Drop,7,1,completed,30.0,15.0,0.0,45.0,1.5,5.4,cash,2026-08-14 16:20:04.825950,2026-08-14 16:35:04.825950
1,3,30.48,76.59,Random Pick,30.49,76.6,Random Drop,5,8,completed,30.0,15.0,0.0,45.0,1.5,5.4,cash,2026-07-28 17:20:04.825950,2026-07-28 17:32:04.825950
1,4,30.48,76.59,Random Pick,30.49,76.6,Random Drop,3,4,completed,30.0,15.0,0.0,45.0,1.5,5.4,cash,2026-09-06 12:20:04.825950,2026-09-06 12:33:04.825950
1,9,30.48,76.59,Random Pick,30.49,76.6,Random Drop,7,8,completed,30.0,15.0,0.0,45.0,1.5,5.4,cash,2026-08-06 14:20:04.825950,2026-08-06 14:26:04.825950
1,5,30.48,76.59,Random Pick,30.49,76.6,Random Drop,3,2,completed,30.0,15.0,0.0,45.0,1.5,5.4,cash,2026-08-12 01:20:04.825950,2026-08-12 01:29:04.825950
1,9,30.48,76.59,Random Pick,30.49,76.6,Random Drop,2,2,completed,30.0,15.0,0.0,45.0,1.5,5.4,cash,2026-09-08 03:20:04.825950,2026-09-08 03:32:04.825950
1,9,30.48,76.59,Random Pick,30.49,76.6,Random Drop,5,6,completed,30.0,15.0,0.0,45.0,1.5,5.4,cash,2026-08-25 06:20:04.825950,2026-08-25 06:29:04.825950
1,4,30.48,76.59,Random Pick,30.49,76.6,Random Drop,2,8,completed,30.0,15.0,0.0,45.0,1.5,5.4,cash,2026-08-05 08:20:04.825950,2026-08-05 08:35:04.825950
1,5,30.48,76.59,Random Pick,30.49,76.6,Random Drop,7,8,completed,30.0,15.0,0.0,45.0,1.5,5.4,cash,2026-09-13 17:20:04.825950,2026-09-13 17:31:04.825950
1,6,30.48,76.59,Random Pick,30.49,76.6,Random Drop,2,4,completed,30.0,15.0,0.0,45.0,1.5,5.4,cash,2026-08-01 03:20:04.825950,2026-08-01 03:32:04.825950
1,8,30.48,76.59,Random Pick,30.49,76.6,Random Drop,1,3,completed,30.0,15.0,0.0,45.0,1.5,5.4,cash,2026-08-04 02:20:04.825950,2026-08-04 02:32:04.825950
1,7,30.48,76.59,Random Pick,30.49,76.6,Random Drop,7,5,completed,30.0,15.0,0.0,45.0,1.5,5.4,cash,2026-07-30 17:20:04.825950,2026-07-30 17:25:04.825950
1,3,30.48,76.59,Random Pick,30.49,76.6,Random Drop,4,1,completed,30.0,15.0,0.0,45.0,1.5,5.4,cash,2026-07-28 09:20:04.825950,2026-07-28 09:32:04.825950
1,7,30.48,76.59,Random Pick,30.49,76.6,Random Drop,5,2,completed,30.0,15.0,0.0,45.0,1.5,5.4,cash,2026-08-30 18:20:04.825950,2026-08-30 18:26:04.825950
1,3,30.48,76.59,Random Pick,30.49,76.6,Random Drop,3,3,completed,30.0,15.0,0.0,45.0,1.5,5.4,cash,2026-07-29 22:20:04.825950,2026-07-29 22:34:04.825950
1,2,30.48,76.59,Random Pick,30.49,76.6,Random Drop,5,2,completed,30.0,15.0,0.0,45.0,1.5,5.4,cash,2026-08-01 14:20:04.825950,2026-08-01 14:39:04.825950
1,6,30.48,76.59,Random Pick,30.49,76.6,Random Drop,3,7,completed,30.0,15.0,0.0,45.0,1.5,5.4,cash,2026-07-30 00:20:04.825950,2026-07-30 00:27:04.825950
1,9,30.48,76.59,Random Pick,30.49,76.6,Random Drop,8,4,completed,30.0,15.0,0.0,45.0,1.5,5.4,cash,2026-08-31 08:20:04.825950,2026-08-31 08:30:04.825950
1,9,30.48,76.59,Random Pick,30.49,76.6,Random Drop,5,1,completed,30.0,15.0,0.0,45.0,1.5,5.4,cash,2026-07-31 14:20:04.825950,2026-07-31 14:31:04.825950
1,6,30.48,76.59,Random Pick,30.49,76.6,Random Drop,1,4,completed,30.0,15.0,0.0,45.0,1.5,5.4,cash,2026-08-06 01:20:04.825950,2026-08-06 01:34:04.825950
1,5,30.48,76.59,Random Pick,30.49,76.6,Random Drop,5,4,completed,30.0,15.0,0.0,45.0,1.5,5.4,cash,2026-09-06 09:20:04.825950,2026-09-06 09:34:04.825950
1,3,30.48,76.59,Random Pick,30.49,76.6,Random Drop,3,1,completed,30.0,15.0,0.0,45.0,1.5,5.4,cash,2026-08-21 04:20:04.825950,2026-08-21 04:38:04.825950
1,2,30.48,76.59,Random Pick,30.49,76.6,Random Drop,2,1,completed,30.0,15.0,0.0,45.0,1.5,5.4,cash,2026-08-25 22:20:04.825950,2026-08-25 22:34:04.825950
1,3,30.48,76.59,Random Pick,30.49,76.6,Random Drop,1,1,completed,30.0,15.0,0.0,45.0,1.5,5.4,cash,2026-08-28 20:20:04.825950,2026-08-28 20:34:04.825950
1,3,30.48,76.59,Random Pick,30.49,76.6,Random Drop,4,4,completed,30.0,15.0,0.0,45.0,1.5,5.4,cash,2026-08-04 13:20:04.825950,2026-08-04 13:35:04.825950
1,9,30.48,76.59,Random Pick,30.49,76.6,Random Drop,6,5,completed,30.0,15.0,0.0,45.0,1.5,5.4,cash,2026-08-26 09:20:04.825950,2026-08-26 09:29:04.825950
1,4,30.48,76.59,Random Pick,30.49,76.6,Random Drop,8,3,completed,30.0,15.0,0.0,45.0,1.5,5.4,cash,2026-07-30 03:20:04.825950,2026-07-30 03:32:04.825950
1,8,30.48,76.59,Random Pick,30.49,76.6,Random Drop,6,8,completed,30.0,15.0,0.0,45.0,1.5,5.4,cash,2026-09-15 01:20:04.825950,2026-09-15 01:29:04.825950
1,8,30.48,76.59,Random Pick,30.49,76.6,Random Drop,8,2,completed,30.0,15.0,0.0,45.0,1.5,5.4,cash,2026-08-02 09:20:04.825950,2026-08-02 09:40:04.825950
1,9,30.48,76.59,Random Pick,30.49,76.6,Random Drop,8,7,completed,30.0,15.0,0.0,45.0,1.5,5.4,cash,2026-09-11 09:20:04.825950,2026-09-11 09:40:04.825950
1,3,30.48,76.59,Random Pick,30.49,76.6,Random Drop,6,4,completed,30.0,15.0,0.0,45.0,1.5,5.4,cash,2026-09-01 11:20:04.825950,2026-09-01 11:40:04.825950
1,4,30.48,76.59,Random Pick,30.49,76.6,Random Drop,2,4,completed,30.0,15.0,0.0,45.0,1.5,5.4,cash,2026-09-03 18:20:04.825950,2026-09-03 18:27:04.825950
1,9,30.48,76.59,Random Pick,30.49,76.6,Random Drop,4,3,completed,30.0,15.0,0.0,45.0,1.5,5.4,cash,2026-09-09 14:20:04.825950,2026-09-09 14:26:04.825950
1,5,30.48,76.59,Random Pick,30.49,76.6,Random Drop,8,1,completed,30.0,15.0,0.0,45.0,1.5,5.4,cash,2026-08-18 19:20:04.825950,2026-08-18 19:33:04.825950
1,6,30.48,76.59,Random Pick,30.49,76.6,Random Drop,2,6,completed,30.0,15.0,0.0,45.0,1.5,5.4,cash,2026-08-25 22:20:04.825950,2026-08-25 22:35:04.825950
1,3,30.48,76.59,Random Pick,30.49,76.6,Random Drop,7,8,completed,30.0,15.0,0.0,45.0,1.5,5.4,cash,2026-09-06 21:20:04.825950,2026-09-06 21:32:04.825950
1,2,30.48,76.59,Random Pick,30.49,76.6,Random Drop,2,8,completed,30.0,15.0,0.0,45.0,1.5,5.4,cash,2026-08-19 01:20:04.825950,2026-08-19 01:37:04.825950
1,5,30.48,76.59,Random Pick,30.49,76.6,Random Drop,1,2,completed,30.0,15.0,0.0,45.0,1.5,5.4,cash,2026-08-21 17:20:04.825950,2026-08-21 17:36:04.825950
1,7,30.48,76.59,Random Pick,30.49,76.6,Random Drop,6,4,completed,30.0,15.0,0.0,45.0,1.5,5.4,cash,2026-09-05 11:20:04.825950,2026-09-05 11:28:04.825950
1,5,30.48,76.59,Random Pick,30.49,76.6,Random Drop,6,7,completed,30.0,15.0,0.0,45.0,1.5,5.4,cash,2026-09-10 03:20:04.825950,2026-09-10 03:29:04.825950
1,6,30.48,76.59,Random Pick,30.49,76.6,Random Drop,6,5,completed,30.0,15.0,0.0,45.0,1.5,5.4,cash,2026-07-28 22:20:04.825950,2026-07-28 22:31:04.825950
1,9,30.48,76.59,Random Pick,30.49,76.6,Random Drop,3,2,completed,30.0,15.0,0.0,45.0,1.5,5.4,cash,2026-08-15 05:20:04.825950,2026-08-15 05:35:04.825950
1,8,30.48,76.59,Random Pick,30.49,76.6,Random Drop,1,4,completed,30.0,15.0,0.0,45.0,1.5,5.4,cash,2026-08-16 14:20:04.825950,2026-08-16 14:35:04.825950
1,2,30.48,76.59,Random Pick,30.49,76.6,Random Drop,8,3,completed,30.0,15.0,0.0,45.0,1.5,5.4,cash,2026-08-31 00:20:04.825950,2026-08-31 00:26:04.825950
1,7,30.48,76.59,Random Pick,30.49,76.6,Random Drop,2,4,completed,30.0,15.0,0.0,45.0,1.5,5.4,cash,2026-09-04 01:20:04.825950,2026-09-04 01:39:04.825950
1,4,30.48,76.59,Random Pick,30.49,76.6,Random Drop,5,1,completed,30.0,15.0,0.0,45.0,1.5,5.4,cash,2026-09-11 19:20:04.825950,2026-09-11 19:36:04.825950
1,7,30.48,76.59,Random Pick,30.49,76.6,Random Drop,6,4,completed,30.0,15.0,0.0,45.0,1.5,5.4,cash,2026-08-25 18:20:04.825950,2026-08-25 18:35:04.825950
1,2,30.48,76.59,Random Pick,30.49,76.6,Random Drop,5,8,completed,30.0,15.0,0.0,45.0,1.5,5.4,cash,2026-08-17 21:20:04.825950,2026-08-17 21:38:04.825950
1,4,30.48,76.59,Random Pick,30.49,76.6,Random Drop,8,3,completed,30.0,15.0,0.0,45.0,1.5,5.4,cash,2026-09-03 00:20:04.825950,2026-09-03 00:28:04.825950
1,9,30.48,76.59,Random Pick,30.49,76.6,Random Drop,1,3,completed,30.0,15.0,0.0,45.0,1.5,5.4,cash,2026-07-28 19:20:04.825950,2026-07-28 19:25:04.825950
1,6,30.48,76.59,Random Pick,30.49,76.6,Random Drop,1,8,completed,30.0,15.0,0.0,45.0,1.5,5.4,cash,2026-08-18 18:20:04.825950,2026-08-18 18:27:04.825950
1,6,30.48,76.59,Random Pick,30.49,76.6,Random Drop,3,7,completed,30.0,15.0,0.0,45.0,1.5,5.4,cash,2026-08-05 18:20:04.825950,2026-08-05 18:28:04.825950
1,9,30.48,76.59,Random Pick,30.49,76.6,Random Drop,6,1,completed,30.0,15.0,0.0,45.0,1.5,5.4,cash,2026-09-01 23:20:04.825950,2026-09-01 23:33:04.825950
1,6,30.48,76.59,Random Pick,30.49,76.6,Random Drop,1,7,completed,30.0,15.0,0.0,45.0,1.5,5.4,cash,2026-08-03 05:20:04.825950,2026-08-03 05:38:04.825950
1,8,30.48,76.59,Random Pick,30.49,76.6,Random Drop,2,5,completed,30.0,15.0,0.0,45.0,1.5,5.4,cash,2026-09-05 09:20:04.825950,2026-09-05 09:33:04.825950
1,4,30.48,76.59,Random Pick,30.49,76.6,Random Drop,7,5,completed,30.0,15.0,0.0,45.0,1.5,5.4,cash,2026-08-07 20:20:04.825950,2026-08-07 20:34:04.825950
1,6,30.48,76.59,Random Pick,30.49,76.6,Random Drop,1,7,completed,30.0,15.0,0.0,45.0,1.5,5.4,cash,2026-09-06 14:20:04.825950,2026-09-06 14:40:04.825950
1,2,30.48,76.59,Random Pick,30.49,76.6,Random Drop,2,2,completed,30.0,15.0,0.0,45.0,1.5,5.4,cash,2026-08-02 03:20:04.825950,2026-08-02 03:39:04.825950
1,5,30.48,76.59,Random Pick,30.49,76.6,Random Drop,1,4,completed,30.0,15.0,0.0,45.0,1.5,5.4,cash,2026-09-03 21:20:04.825950,2026-09-03 21:30:04.825950
1,2,30.48,76.59,Random Pick,30.49,76.6,Random Drop,8,5,completed,30.0,15.0,0.0,45.0,1.5,5.4,cash,2026-08-22 23:20:04.825950,2026-08-22 23:34:04.825950
1,9,30.48,76.59,Random Pick,30.49,76.6,Random Drop,1,4,completed,30.0,15.0,0.0,45.0,1.5,5.4,cash,2026-08-14 06:20:04.825950,2026-08-14 06:29:04.825950
1,8,30.48,76.59,Random Pick,30.49,76.6,Random Drop,7,8,completed,30.0,15.0,0.0,45.0,1.5,5.4,cash,2026-08-21 09:20:04.825950,2026-08-21 09:33:04.825950
1,5,30.48,76.59,Random Pick,30.49,76.6,Random Drop,1,1,completed,30.0,15.0,0.0,45.0,1.5,5.4,cash,2026-09-15 09:20:04.825950,2026-09-15 09:33:04.825950
1,9,30.48,76.59,Random Pick,30.49,76.6,Random Drop,2,8,completed,30.0,15.0,0.0,45.0,1.5,5.4,cash,2026-08-14 13:20:04.825950,2026-08-14 13:29:04.825950
1,4,30.48,76.59,Random Pick,30.49,76.6,Random Drop,7,5,completed,30.0,15.0,0.0,45.0,1.5,5.4,cash,2026-08-17 09:20:04.825950,2026-08-17 09:39:04.825950
1,3,30.48,76.59,Random Pick,30.49,76.6,Random Drop,5,2,completed,30.0,15.0,0.0,45.0,1.5,5.4,cash,2026-07-28 00:20:04.825950,2026-07-28 00:31:04.825950
1,8,30.48,76.59,Random Pick,30.49,76.6,Random Drop,2,5,completed,30.0,15.0,0.0,45.0,1.5,5.4,cash,2026-07-31 04:20:04.825950,2026-07-31 04:32:04.825950
1,3,30.48,76.59,Random Pick,30.49,76.6,Random Drop,4,5,completed,30.0,15.0,0.0,45.0,1.5,5.4,cash,2026-08-06 17:20:04.825950,2026-08-06 17:36:04.825950
1,3,30.48,76.59,Random Pick,30.49,76.6,Random Drop,6,2,completed,30.0,15.0,0.0,45.0,1.5,5.4,cash,2026-08-27 11:20:04.825950,2026-08-27 11:30:04.825950
1,3,30.48,76.59,Random Pick,30.49,76.6,Random Drop,6,8,completed,30.0,15.0,0.0,45.0,1.5,5.4,cash,2026-09-03 16:20:04.825950,2026-09-03 16:26:04.825950
1,6,30.48,76.59,Random Pick,30.49,76.6,Random Drop,4,4,completed,30.0,15.0,0.0,45.0,1.5,5.4,cash,2026-07-27 23:20:04.825950,2026-07-27 23:39:04.825950
1,4,30.48,76.59,Random Pick,30.49,76.6,Random Drop,4,6,completed,30.0,15.0,0.0,45.0,1.5,5.4,cash,2026-08-18 05:20:04.825950,2026-08-18 05:37:04.825950
1,2,30.48,76.59,Random Pick,30.49,76.6,Random Drop,5,6,completed,30.0,15.0,0.0,45.0,1.5,5.4,cash,2026-09-04 03:20:04.825950,2026-09-04 03:31:04.825950
1,7,30.48,76.59,Random Pick,30.49,76.6,Random Drop,3,2,completed,30.0,15.0,0.0,45.0,1.5,5.4,cash,2026-08-27 13:20:04.825950,2026-08-27 13:29:04.825950
1,3,30.48,76.59,Random Pick,30.49,76.6,Random Drop,2,6,completed,30.0,15.0,0.0,45.0,1.5,5.4,cash,2026-08-12 15:20:04.825950,2026-08-12 15:33:04.825950
1,3,30.48,76.59,Random Pick,30.49,76.6,Random Drop,2,1,completed,30.0,15.0,0.0,45.0,1.5,5.4,cash,2026-08-04 10:20:04.825950,2026-08-04 10:29:04.825950
1,2,30.48,76.59,Random Pick,30.49,76.6,Random Drop,7,8,completed,30.0,15.0,0.0,45.0,1.5,5.4,cash,2026-07-28 11:20:04.825950,2026-07-28 11:28:04.825950
1,5,30.48,76.59,Random Pick,30.49,76.6,Random Drop,7,1,completed,30.0,15.0,0.0,45.0,1.5,5.4,cash,2026-08-16 06:20:04.825950,2026-08-16 06:26:04.825950
1,4,30.48,76.59,Random Pick,30.49,76.6,Random Drop,3,2,completed,30.0,15.0,0.0,45.0,1.5,5.4,cash,2026-08-25 21:20:04.825950,2026-08-25 21:34:04.825950
1,8,30.48,76.59,Random Pick,30.49,76.6,Random Drop,3,8,completed,30.0,15.0,0.0,45.0,1.5,5.4,cash,2026-08-17 17:20:04.825950,2026-08-17 17:32:04.825950
1,6,30.48,76.59,Random Pick,30.49,76.6,Random Drop,4,3,completed,30.0,15.0,0.0,45.0,1.5,5.4,cash,2026-08-26 07:20:04.825950,2026-08-26 07:35:04.825950
1,3,30.48,76.59,Random Pick,30.49,76.6,Random Drop,2,7,completed,30.0,15.0,0.0,45.0,1.5,5.4,cash,2026-08-31 08:20:04.825950,2026-08-31 08:28:04.825950
1,6,30.48,76.59,Random Pick,30.49,76.6,Random Drop,5,3,completed,30.0,15.0,0.0,45.0,1.5,5.4,cash,2026-08-21 19:20:04.825950,2026-08-21 19:38:04.825950
1,7,30.48,76.59,Random Pick,30.49,76.6,Random Drop,5,6,completed,30.0,15.0,0.0,45.0,1.5,5.4,cash,2026-08-02 09:20:04.825950,2026-08-02 09:31:04.825950
1,4,30.48,76.59,Random Pick,30.49,76.6,Random Drop,6,7,completed,30.0,15.0,0.0,45.0,1.5,5.4,cash,2026-09-01 13:20:04.825950,2026-09-01 13:29:04.825950
1,2,30.48,76.59,Random Pick,30.49,76.6,Random Drop,6,2,completed,30.0,15.0,0.0,45.0,1.5,5.4,cash,2026-09-18 20:20:04.825950,2026-09-18 20:33:04.825950
1,2,30.48,76.59,Random Pick,30.49,76.6,Random Drop,5,3,completed,30.0,15.0,0.0,45.0,1.5,5.4,cash,2026-09-16 08:20:04.825950,2026-09-16 08:31:04.825950
1,7,30.48,76.59,Random Pick,30.49,76.6,Random Drop,4,6,completed,30.0,15.0,0.0,45.0,1.5,5.4,cash,2026-08-06 12:20:04.825950,2026-08-06 12:32:04.825950
1,5,30.48,76.59,Random Pick,30.49,76.6,Random Drop,1,6,completed,30.0,15.0,0.0,45.0,1.5,5.4,cash,2026-08-24 19:20:04.825950,2026-08-24 19:30:04.825950
1,7,30.48,76.59,Random Pick,30.49,76.6,Random Drop,1,1,completed,30.0,15.0,0.0,45.0,1.5,5.4,cash,2026-09-07 11:20:04.825950,2026-09-07 11:40:04.825950
1,9,30.48,76.59,Random Pick,30.49,76.6,Random Drop,1,2,completed,30.0,15.0,0.0,45.0,1.5,5.4,cash,2026-08-22 02:20:04.825950,2026-08-22 02:39:04.825950
1,6,30.48,76.59,Random Pick,30.49,76.6,Random Drop,6,5,completed,30.0,15.0,0.0,45.0,1.5,5.4,cash,2026-08-13 04:20:04.825950,2026-08-13 04:29:04.825950
1,6,30.48,76.59,Random Pick,30.49,76.6,Random Drop,3,8,completed,30.0,15.0,0.0,45.0,1.5,5.4,cash,2026-08-25 16:20:04.825950,2026-08-25 16:40:04.825950
1,6,30.48,76.59,Random Pick,30.49,76.6,Random Drop,8,5,completed,30.0,15.0,0.0,45.0,1.5,5.4,cash,2026-09-05 19:20:04.825950,2026-09-05 19:33:04.825950
1,6,30.48,76.59,Random Pick,30.49,76.6,Random Drop,7,4,completed,30.0,15.0,0.0,45.0,1.5,5.4,cash,2026-09-12 09:20:04.825950,2026-09-12 09:26:04.825950
1,6,30.48,76.59,Random Pick,30.49,76.6,Random Drop,7,1,completed,30.0,15.0,0.0,45.0,1.5,5.4,cash,2026-08-21 05:20:04.825950,2026-08-21 05:26:04.825950
1,8,30.48,76.59,Random Pick,30.49,76.6,Random Drop,1,3,completed,30.0,15.0,0.0,45.0,1.5,5.4,cash,2026-09-01 05:20:04.825950,2026-09-01 05:37:04.825950
1,4,30.48,76.59,Random Pick,30.49,76.6,Random Drop,7,8,completed,30.0,15.0,0.0,45.0,1.5,5.4,cash,2026-08-20 12:20:04.825950,2026-08-20 12:36:04.825950
1,9,30.48,76.59,Random Pick,30.49,76.6,Random Drop,4,8,completed,30.0,15.0,0.0,45.0,1.5,5.4,cash,2026-08-26 06:20:04.825950,2026-08-26 06:32:04.825950
1,6,30.48,76.59,Random Pick,30.49,76.6,Random Drop,6,7,completed,30.0,15.0,0.0,45.0,1.5,5.4,cash,2026-09-12 02:20:04.825950,2026-09-12 02:25:04.825950
1,4,30.48,76.59,Random Pick,30.49,76.6,Random Drop,2,2,completed,30.0,15.0,0.0,45.0,1.5,5.4,cash,2026-09-13 20:20:04.825950,2026-09-13 20:25:04.825950
1,9,30.48,76.59,Random Pick,30.49,76.6,Random Drop,1,3,completed,30.0,15.0,0.0,45.0,1.5,5.4,cash,2026-08-16 19:20:04.825950,2026-08-16 19:36:04.825950
1,5,30.48,76.59,Random Pick,30.49,76.6,Random Drop,6,7,completed,30.0,15.0,0.0,45.0,1.5,5.4,cash,2026-08-16 17:20:04.825950,2026-08-16 17:26:04.825950
1,2,30.48,76.59,Random Pick,30.49,76.6,Random Drop,7,4,completed,30.0,15.0,0.0,45.0,1.5,5.4,cash,2026-08-03 00:20:04.825950,2026-08-03 00:29:04.825950
1,9,30.48,76.59,Random Pick,30.49,76.6,Random Drop,5,1,completed,30.0,15.0,0.0,45.0,1.5,5.4,cash,2026-09-18 01:20:04.825950,2026-09-18 01:39:04.825950
1,8,30.48,76.59,Random Pick,30.49,76.6,Random Drop,3,3,completed,30.0,15.0,0.0,45.0,1.5,5.4,cash,2026-09-12 05:20:04.825950,2026-09-12 05:36:04.825950
1,6,30.48,76.59,Random Pick,30.49,76.6,Random Drop,8,4,completed,30.0,15.0,0.0,45.0,1.5,5.4,cash,2026-08-04 00:20:04.825950,2026-08-04 00:28:04.825950
1,5,30.48,76.59,Random Pick,30.49,76.6,Random Drop,1,3,completed,30.0,15.0,0.0,45.0,1.5,5.4,cash,2026-08-28 18:20:04.825950,2026-08-28 18:36:04.825950
1,6,30.48,76.59,Random Pick,30.49,76.6,Random Drop,4,4,completed,30.0,15.0,0.0,45.0,1.5,5.4,cash,2026-07-31 03:20:04.825950,2026-07-31 03:33:04.825950
1,9,30.48,76.59,Random Pick,30.49,76.6,Random Drop,3,6,completed,30.0,15.0,0.0,45.0,1.5,5.4,cash,2026-08-17 22:20:04.825950,2026-08-17 22:29:04.825950
1,3,30.48,76.59,Random Pick,30.49,76.6,Random Drop,7,8,completed,30.0,15.0,0.0,45.0,1.5,5.4,cash,2026-08-15 20:20:04.825950,2026-08-15 20:33:04.825950
1,6,30.48,76.59,Random Pick,30.49,76.6,Random Drop,7,6,completed,30.0,15.0,0.0,45.0,1.5,5.4,cash,2026-09-12 18:20:04.825950,2026-09-12 18:34:04.825950
1,7,30.48,76.59,Random Pick,30.49,76.6,Random Drop,6,8,completed,30.0,15.0,0.0,45.0,1.5,5.4,cash,2026-09-15 17:20:04.825950,2026-09-15 17:28:04.825950
1,5,30.48,76.59,Random Pick,30.49,76.6,Random Drop,8,2,completed,30.0,15.0,0.0,45.0,1.5,5.4,cash,2026-08-09 21:20:04.825950,2026-08-09 21:40:04.825950
1,9,30.48,76.59,Random Pick,30.49,76.6,Random Drop,3,2,completed,30.0,15.0,0.0,45.0,1.5,5.4,cash,2026-08-19 16:20:04.825950,2026-08-19 16:32:04.825950
1,6,30.48,76.59,Random Pick,30.49,76.6,Random Drop,3,1,completed,30.0,15.0,0.0,45.0,1.5,5.4,cash,2026-08-06 10:20:04.825950,2026-08-06 10:30:04.825950
1,8,30.48,76.59,Random Pick,30.49,76.6,Random Drop,4,3,completed,30.0,15.0,0.0,45.0,1.5,5.4,cash,2026-08-13 07:20:04.825950,2026-08-13 07:40:04.825950
1,9,30.48,76.59,Random Pick,30.49,76.6,Random Drop,2,7,completed,30.0,15.0,0.0,45.0,1.5,5.4,cash,2026-08-28 04:20:04.825950,2026-08-28 04:33:04.825950
1,2,30.48,76.59,Random Pick,30.49,76.6,Random Drop,5,5,completed,30.0,15.0,0.0,45.0,1.5,5.4,cash,2026-07-28 17:20:04.825950,2026-07-28 17:37:04.825950
1,3,30.48,76.59,Random Pick,30.49,76.6,Random Drop,6,2,completed,30.0,15.0,0.0,45.0,1.5,5.4,cash,2026-08-23 19:20:04.825950,2026-08-23 19:30:04.825950
1,5,30.48,76.59,Random Pick,30.49,76.6,Random Drop,7,2,completed,30.0,15.0,0.0,45.0,1.5,5.4,cash,2026-09-11 06:20:04.825950,2026-09-11 06:28:04.825950
1,2,30.48,76.59,Random Pick,30.49,76.6,Random Drop,6,3,completed,30.0,15.0,0.0,45.0,1.5,5.4,cash,2026-07-27 11:20:04.825950,2026-07-27 11:29:04.825950
1,2,30.48,76.59,Random Pick,30.49,76.6,Random Drop,3,8,completed,30.0,15.0,0.0,45.0,1.5,5.4,cash,2026-09-09 12:20:04.825950,2026-09-09 12:34:04.825950
1,7,30.48,76.59,Random Pick,30.49,76.6,Random Drop,6,3,completed,30.0,15.0,0.0,45.0,1.5,5.4,cash,2026-09-18 10:20:04.825950,2026-09-18 10:29:04.825950
1,9,30.48,76.59,Random Pick,30.49,76.6,Random Drop,7,8,completed,30.0,15.0,0.0,45.0,1.5,5.4,cash,2026-09-01 20:20:04.825950,2026-09-01 20:33:04.825950
1,5,30.48,76.59,Random Pick,30.49,76.6,Random Drop,4,6,completed,30.0,15.0,0.0,45.0,1.5,5.4,cash,2026-08-10 16:20:04.825950,2026-08-10 16:33:04.825950
1,9,30.48,76.59,Random Pick,30.49,76.6,Random Drop,4,4,completed,30.0,15.0,0.0,45.0,1.5,5.4,cash,2026-08-13 15:20:04.825950,2026-08-13 15:29:04.825950
1,8,30.48,76.59,Random Pick,30.49,76.6,Random Drop,4,3,completed,30.0,15.0,0.0,45.0,1.5,5.4,cash,2026-09-01 17:20:04.825950,2026-09-01 17:27:04.825950
1,2,30.48,76.59,Random Pick,30.49,76.6,Random Drop,2,1,completed,30.0,15.0,0.0,45.0,1.5,5.4,cash,2026-08-24 12:20:04.825950,2026-08-24 12:29:04.825950
1,9,30.48,76.59,Random Pick,30.49,76.6,Random Drop,1,8,completed,30.0,15.0,0.0,45.0,1.5,5.4,cash,2026-08-27 11:20:04.825950,2026-08-27 11:30:04.825950
1,5,30.48,76.59,Random Pick,30.49,76.6,Random Drop,5,5,completed,30.0,15.0,0.0,45.0,1.5,5.4,cash,2026-07-31 21:20:04.825950,2026-07-31 21:37:04.825950
1,7,30.48,76.59,Random Pick,30.49,76.6,Random Drop,7,4,completed,30.0,15.0,0.0,45.0,1.5,5.4,cash,2026-09-12 16:20:04.825950,2026-09-12 16:40:04.825950
1,7,30.48,76.59,Random Pick,30.49,76.6,Random Drop,6,8,completed,30.0,15.0,0.0,45.0,1.5,5.4,cash,2026-07-31 22:20:04.825950,2026-07-31 22:32:04.825950
1,7,30.48,76.59,Random Pick,30.49,76.6,Random Drop,1,3,completed,30.0,15.0,0.0,45.0,1.5,5.4,cash,2026-08-04 15:20:04.825950,2026-08-04 15:25:04.825950
1,3,30.48,76.59,Random Pick,30.49,76.6,Random Drop,4,8,completed,30.0,15.0,0.0,45.0,1.5,5.4,cash,2026-09-11 22:20:04.825950,2026-09-11 22:32:04.825950
1,2,30.48,76.59,Random Pick,30.49,76.6,Random Drop,6,8,completed,30.0,15.0,0.0,45.0,1.5,5.4,cash,2026-07-28 17:20:04.825950,2026-07-28 17:31:04.825950
1,9,30.48,76.59,Random Pick,30.49,76.6,Random Drop,8,4,completed,30.0,15.0,0.0,45.0,1.5,5.4,cash,2026-08-15 00:20:04.825950,2026-08-15 00:28:04.825950
1,5,30.48,76.59,Random Pick,30.49,76.6,Random Drop,8,5,completed,30.0,15.0,0.0,45.0,1.5,5.4,cash,2026-08-06 05:20:04.825950,2026-08-06 05:27:04.825950
1,2,30.48,76.59,Random Pick,30.49,76.6,Random Drop,6,3,completed,30.0,15.0,0.0,45.0,1.5,5.4,cash,2026-08-21 16:20:04.825950,2026-08-21 16:39:04.825950
1,4,30.48,76.59,Random Pick,30.49,76.6,Random Drop,1,7,completed,30.0,15.0,0.0,45.0,1.5,5.4,cash,2026-08-26 23:20:04.825950,2026-08-26 23:25:04.825950
1,9,30.48,76.59,Random Pick,30.49,76.6,Random Drop,1,3,completed,30.0,15.0,0.0,45.0,1.5,5.4,cash,2026-07-26 03:20:04.825950,2026-07-26 03:30:04.825950
1,3,30.48,76.59,Random Pick,30.49,76.6,Random Drop,8,3,completed,30.0,15.0,0.0,45.0,1.5,5.4,cash,2026-07-28 11:20:04.825950,2026-07-28 11:28:04.825950
1,7,30.48,76.59,Random Pick,30.49,76.6,Random Drop,5,3,completed,30.0,15.0,0.0,45.0,1.5,5.4,cash,2026-09-08 16:20:04.825950,2026-09-08 16:32:04.825950
1,8,30.48,76.59,Random Pick,30.49,76.6,Random Drop,6,1,completed,30.0,15.0,0.0,45.0,1.5,5.4,cash,2026-09-15 00:20:04.825950,2026-09-15 00:29:04.825950
1,3,30.48,76.59,Random Pick,30.49,76.6,Random Drop,4,6,completed,30.0,15.0,0.0,45.0,1.5,5.4,cash,2026-08-15 03:20:04.825950,2026-08-15 03:39:04.825950
1,9,30.48,76.59,Random Pick,30.49,76.6,Random Drop,2,6,completed,30.0,15.0,0.0,45.0,1.5,5.4,cash,2026-08-25 01:20:04.825950,2026-08-25 01:39:04.825950
1,5,30.48,76.59,Random Pick,30.49,76.6,Random Drop,1,3,completed,30.0,15.0,0.0,45.0,1.5,5.4,cash,2026-09-17 02:20:04.825950,2026-09-17 02:31:04.825950
1,8,30.48,76.59,Random Pick,30.49,76.6,Random Drop,1,1,completed,30.0,15.0,0.0,45.0,1.5,5.4,cash,2026-07-27 07:20:04.825950,2026-07-27 07:34:04.825950
1,7,30.48,76.59,Random Pick,30.49,76.6,Random Drop,8,1,completed,30.0,15.0,0.0,45.0,1.5,5.4,cash,2026-07-31 20:20:04.825950,2026-07-31 20:30:04.825950
1,5,30.48,76.59,Random Pick,30.49,76.6,Random Drop,2,1,completed,30.0,15.0,0.0,45.0,1.5,5.4,cash,2026-08-18 23:20:04.825950,2026-08-18 23:26:04.825950
1,9,30.48,76.59,Random Pick,30.49,76.6,Random Drop,7,6,completed,30.0,15.0,0.0,45.0,1.5,5.4,cash,2026-09-01 23:20:04.825950,2026-09-01 23:40:04.825950
1,7,30.48,76.59,Random Pick,30.49,76.6,Random Drop,6,1,completed,30.0,15.0,0.0,45.0,1.5,5.4,cash,2026-08-22 19:20:04.825950,2026-08-22 19:35:04.825950
1,6,30.48,76.59,Random Pick,30.49,76.6,Random Drop,2,6,completed,30.0,15.0,0.0,45.0,1.5,5.4,cash,2026-09-13 04:20:04.825950,2026-09-13 04:26:04.825950
1,4,30.48,76.59,Random Pick,30.49,76.6,Random Drop,8,4,completed,30.0,15.0,0.0,45.0,1.5,5.4,cash,2026-08-20 10:20:04.825950,2026-08-20 10:37:04.825950
1,8,30.48,76.59,Random Pick,30.49,76.6,Random Drop,5,3,completed,30.0,15.0,0.0,45.0,1.5,5.4,cash,2026-08-30 07:20:04.825950,2026-08-30 07:39:04.825950
1,7,30.48,76.59,Random Pick,30.49,76.6,Random Drop,7,2,completed,30.0,15.0,0.0,45.0,1.5,5.4,cash,2026-08-10 07:20:04.825950,2026-08-10 07:28:04.825950
1,2,30.48,76.59,Random Pick,30.49,76.6,Random Drop,3,5,completed,30.0,15.0,0.0,45.0,1.5,5.4,cash,2026-08-19 16:20:04.825950,2026-08-19 16:32:04.825950
1,7,30.48,76.59,Random Pick,30.49,76.6,Random Drop,5,1,completed,30.0,15.0,0.0,45.0,1.5,5.4,cash,2026-09-19 16:20:04.825950,2026-09-19 16:33:04.825950
1,3,30.48,76.59,Random Pick,30.49,76.6,Random Drop,3,8,completed,30.0,15.0,0.0,45.0,1.5,5.4,cash,2026-08-29 08:20:04.825950,2026-08-29 08:37:04.825950
1,6,30.48,76.59,Random Pick,30.49,76.6,Random Drop,4,4,completed,30.0,15.0,0.0,45.0,1.5,5.4,cash,2026-08-17 09:20:04.825950,2026-08-17 09:34:04.825950
1,8,30.48,76.59,Random Pick,30.49,76.6,Random Drop,7,8,completed,30.0,15.0,0.0,45.0,1.5,5.4,cash,2026-08-04 05:20:04.825950,2026-08-04 05:33:04.825950
1,8,30.48,76.59,Random Pick,30.49,76.6,Random Drop,8,6,completed,30.0,15.0,0.0,45.0,1.5,5.4,cash,2026-07-28 23:20:04.825950,2026-07-28 23:35:04.825950
1,3,30.48,76.59,Random Pick,30.49,76.6,Random Drop,5,2,completed,30.0,15.0,0.0,45.0,1.5,5.4,cash,2026-09-02 05:20:04.825950,2026-09-02 05:26:04.825950
1,9,30.48,76.59,Random Pick,30.49,76.6,Random Drop,7,3,completed,30.0,15.0,0.0,45.0,1.5,5.4,cash,2026-08-28 20:20:04.825950,2026-08-28 20:38:04.825950
1,9,30.48,76.59,Random Pick,30.49,76.6,Random Drop,2,4,completed,30.0,15.0,0.0,45.0,1.5,5.4,cash,2026-08-19 20:20:04.825950,2026-08-19 20:39:04.825950
1,5,30.48,76.59,Random Pick,30.49,76.6,Random Drop,6,8,completed,30.0,15.0,0.0,45.0,1.5,5.4,cash,2026-09-10 00:20:04.825950,2026-09-10 00:40:04.825950
1,4,30.48,76.59,Random Pick,30.49,76.6,Random Drop,2,5,completed,30.0,15.0,0.0,45.0,1.5,5.4,cash,2026-07-30 14:20:04.825950,2026-07-30 14:31:04.825950
1,6,30.48,76.59,Random Pick,30.49,76.6,Random Drop,7,6,completed,30.0,15.0,0.0,45.0,1.5,5.4,cash,2026-08-04 11:20:04.825950,2026-08-04 11:29:04.825950
1,9,30.48,76.59,Random Pick,30.49,76.6,Random Drop,4,1,completed,30.0,15.0,0.0,45.0,1.5,5.4,cash,2026-08-17 04:20:04.825950,2026-08-17 04:33:04.825950
1,6,30.48,76.59,Random Pick,30.49,76.6,Random Drop,1,1,completed,30.0,15.0,0.0,45.0,1.5,5.4,cash,2026-09-01 16:20:04.825950,2026-09-01 16:40:04.825950
1,8,30.48,76.59,Random Pick,30.49,76.6,Random Drop,4,6,completed,30.0,15.0,0.0,45.0,1.5,5.4,cash,2026-09-17 17:20:04.825950,2026-09-17 17:27:04.825950
1,7,30.48,76.59,Random Pick,30.49,76.6,Random Drop,8,7,completed,30.0,15.0,0.0,45.0,1.5,5.4,cash,2026-09-07 13:20:04.825950,2026-09-07 13:30:04.825950
1,2,30.48,76.59,Random Pick,30.49,76.6,Random Drop,3,4,completed,30.0,15.0,0.0,45.0,1.5,5.4,cash,2026-08-31 23:20:04.825950,2026-08-31 23:30:04.825950
1,7,30.48,76.59,Random Pick,30.49,76.6,Random Drop,4,8,completed,30.0,15.0,0.0,45.0,1.5,5.4,cash,2026-09-04 04:20:04.825950,2026-09-04 04:28:04.825950
1,8,30.48,76.59,Random Pick,30.49,76.6,Random Drop,6,8,completed,30.0,15.0,0.0,45.0,1.5,5.4,cash,2026-08-07 03:20:04.825950,2026-08-07 03:30:04.825950
1,5,30.48,76.59,Random Pick,30.49,76.6,Random Drop,3,1,completed,30.0,15.0,0.0,45.0,1.5,5.4,cash,2026-08-01 07:20:04.825950,2026-08-01 07:25:04.825950
1,9,30.48,76.59,Random Pick,30.49,76.6,Random Drop,6,6,completed,30.0,15.0,0.0,45.0,1.5,5.4,cash,2026-09-11 06:20:04.825950,2026-09-11 06:28:04.825950
1,4,30.48,76.59,Random Pick,30.49,76.6,Random Drop,4,5,completed,30.0,15.0,0.0,45.0,1.5,5.4,cash,2026-08-26 11:20:04.825950,2026-08-26 11:30:04.825950
1,8,30.48,76.59,Random Pick,30.49,76.6,Random Drop,7,1,completed,30.0,15.0,0.0,45.0,1.5,5.4,cash,2026-08-24 04:20:04.825950,2026-08-24 04:25:04.825950
1,7,30.48,76.59,Random Pick,30.49,76.6,Random Drop,1,8,completed,30.0,15.0,0.0,45.0,1.5,5.4,cash,2026-09-13 15:20:04.825950,2026-09-13 15:31:04.825950
1,5,30.48,76.59,Random Pick,30.49,76.6,Random Drop,1,1,completed,30.0,15.0,0.0,45.0,1.5,5.4,cash,2026-08-29 21:20:04.825950,2026-08-29 21:31:04.825950
1,5,30.48,76.59,Random Pick,30.49,76.6,Random Drop,2,7,completed,30.0,15.0,0.0,45.0,1.5,5.4,cash,2026-08-18 01:20:04.825950,2026-08-18 01:35:04.825950
1,4,30.48,76.59,Random Pick,30.49,76.6,Random Drop,4,6,completed,30.0,15.0,0.0,45.0,1.5,5.4,cash,2026-09-19 22:20:04.825950,2026-09-19 22:38:04.825950
1,9,30.48,76.59,Random Pick,30.49,76.6,Random Drop,5,8,completed,30.0,15.0,0.0,45.0,1.5,5.4,cash,2026-09-09 20:20:04.825950,2026-09-09 20:25:04.825950
1,8,30.48,76.59,Random Pick,30.49,76.6,Random Drop,1,1,completed,30.0,15.0,0.0,45.0,1.5,5.4,cash,2026-09-06 15:20:04.825950,2026-09-06 15:25:04.825950
1,8,30.48,76.59,Random Pick,30.49,76.6,Random Drop,5,2,completed,30.0,15.0,0.0,45.0,1.5,5.4,cash,2026-09-06 16:20:04.825950,2026-09-06 16:33:04.825950
1,9,30.48,76.59,Random Pick,30.49,76.6,Random Drop,4,1,completed,30.0,15.0,0.0,45.0,1.5,5.4,cash,2026-08-15 13:20:04.825950,2026-08-15 13:26:04.825950
1,9,30.48,76.59,Random Pick,30.49,76.6,Random Drop,2,5,completed,30.0,15.0,0.0,45.0,1.5,5.4,cash,2026-08-18 19:20:04.825950,2026-08-18 19:34:04.825950
1,9,30.48,76.59,Random Pick,30.49,76.6,Random Drop,7,2,completed,30.0,15.0,0.0,45.0,1.5,5.4,cash,2026-08-11 22:20:04.825950,2026-08-11 22:37:04.825950
1,8,30.48,76.59,Random Pick,30.49,76.6,Random Drop,8,3,completed,30.0,15.0,0.0,45.0,1.5,5.4,cash,2026-08-15 11:20:04.825950,2026-08-15 11:27:04.825950
1,9,30.48,76.59,Random Pick,30.49,76.6,Random Drop,8,5,completed,30.0,15.0,0.0,45.0,1.5,5.4,cash,2026-08-25 15:20:04.825950,2026-08-25 15:25:04.825950
1,7,30.48,76.59,Random Pick,30.49,76.6,Random Drop,5,7,completed,30.0,15.0,0.0,45.0,1.5,5.4,cash,2026-08-22 20:20:04.825950,2026-08-22 20:38:04.825950
1,6,30.48,76.59,Random Pick,30.49,76.6,Random Drop,3,8,completed,30.0,15.0,0.0,45.0,1.5,5.4,cash,2026-08-05 12:20:04.825950,2026-08-05 12:34:04.825950
1,4,30.48,76.59,Random Pick,30.49,76.6,Random Drop,5,8,completed,30.0,15.0,0.0,45.0,1.5,5.4,cash,2026-07-31 20:20:04.825950,2026-07-31 20:36:04.825950
1,6,30.48,76.59,Random Pick,30.49,76.6,Random Drop,2,2,completed,30.0,15.0,0.0,45.0,1.5,5.4,cash,2026-08-15 01:20:04.825950,2026-08-15 01:40:04.825950
1,5,30.48,76.59,Random Pick,30.49,76.6,Random Drop,7,5,completed,30.0,15.0,0.0,45.0,1.5,5.4,cash,2026-08-09 21:20:04.825950,2026-08-09 21:30:04.825950
1,4,30.48,76.59,Random Pick,30.49,76.6,Random Drop,3,4,completed,30.0,15.0,0.0,45.0,1.5,5.4,cash,2026-08-02 03:20:04.825950,2026-08-02 03:32:04.825950
1,3,30.48,76.59,Random Pick,30.49,76.6,Random Drop,3,6,completed,30.0,15.0,0.0,45.0,1.5,5.4,cash,2026-09-13 07:20:04.825950,2026-09-13 07:25:04.825950
1,3,30.48,76.59,Random Pick,30.49,76.6,Random Drop,8,4,completed,30.0,15.0,0.0,45.0,1.5,5.4,cash,2026-07-27 08:20:04.825950,2026-07-27 08:29:04.825950
1,6,30.48,76.59,Random Pick,30.49,76.6,Random Drop,5,5,completed,30.0,15.0,0.0,45.0,1.5,5.4,cash,2026-07-26 16:20:04.825950,2026-07-26 16:36:04.825950
1,9,30.48,76.59,Random Pick,30.49,76.6,Random Drop,8,2,completed,30.0,15.0,0.0,45.0,1.5,5.4,cash,2026-08-30 22:20:04.825950,2026-08-30 22:36:04.825950
1,9,30.48,76.59,Random Pick,30.49,76.6,Random Drop,2,7,completed,30.0,15.0,0.0,45.0,1.5,5.4,cash,2026-08-17 19:20:04.825950,2026-08-17 19:37:04.825950
1,7,30.48,76.59,Random Pick,30.49,76.6,Random Drop,5,7,completed,30.0,15.0,0.0,45.0,1.5,5.4,cash,2026-07-26 17:20:04.825950,2026-07-26 17:32:04.825950
1,3,30.48,76.59,Random Pick,30.49,76.6,Random Drop,2,7,completed,30.0,15.0,0.0,45.0,1.5,5.4,cash,2026-09-13 08:20:04.825950,2026-09-13 08:34:04.825950
1,8,30.48,76.59,Random Pick,30.49,76.6,Random Drop,8,8,completed,30.0,15.0,0.0,45.0,1.5,5.4,cash,2026-08-26 17:20:04.825950,2026-08-26 17:39:04.825950
1,9,30.48,76.59,Random Pick,30.49,76.6,Random Drop,6,7,completed,30.0,15.0,0.0,45.0,1.5,5.4,cash,2026-08-29 05:20:04.825950,2026-08-29 05:37:04.825950
1,9,30.48,76.59,Random Pick,30.49,76.6,Random Drop,5,7,completed,30.0,15.0,0.0,45.0,1.5,5.4,cash,2026-08-29 07:20:04.825950,2026-08-29 07:26:04.825950
1,4,30.48,76.59,Random Pick,30.49,76.6,Random Drop,6,1,completed,30.0,15.0,0.0,45.0,1.5,5.4,cash,2026-09-12 02:20:04.825950,2026-09-12 02:35:04.825950
1,8,30.48,76.59,Random Pick,30.49,76.6,Random Drop,3,5,completed,30.0,15.0,0.0,45.0,1.5,5.4,cash,2026-09-18 19:20:04.825950,2026-09-18 19:35:04.825950
1,3,30.48,76.59,Random Pick,30.49,76.6,Random Drop,3,8,completed,30.0,15.0,0.0,45.0,1.5,5.4,cash,2026-08-22 11:20:04.825950,2026-08-22 11:36:04.825950
1,9,30.48,76.59,Random Pick,30.49,76.6,Random Drop,5,3,completed,30.0,15.0,0.0,45.0,1.5,5.4,cash,2026-07-31 10:20:04.825950,2026-07-31 10:40:04.825950
1,7,30.48,76.59,Random Pick,30.49,76.6,Random Drop,8,5,completed,30.0,15.0,0.0,45.0,1.5,5.4,cash,2026-08-07 09:20:04.825950,2026-08-07 09:33:04.825950
1,2,30.48,76.59,Random Pick,30.49,76.6,Random Drop,3,7,completed,30.0,15.0,0.0,45.0,1.5,5.4,cash,2026-08-07 05:20:04.825950,2026-08-07 05:27:04.825950
1,2,30.48,76.59,Random Pick,30.49,76.6,Random Drop,6,7,completed,30.0,15.0,0.0,45.0,1.5,5.4,cash,2026-09-11 09:20:04.825950,2026-09-11 09:30:04.825950
1,5,30.48,76.59,Random Pick,30.49,76.6,Random Drop,8,7,completed,30.0,15.0,0.0,45.0,1.5,5.4,cash,2026-09-14 21:20:04.825950,2026-09-14 21:33:04.825950
1,8,30.48,76.59,Random Pick,30.49,76.6,Random Drop,1,8,completed,30.0,15.0,0.0,45.0,1.5,5.4,cash,2026-07-29 02:20:04.825950,2026-07-29 02:29:04.825950
1,8,30.48,76.59,Random Pick,30.49,76.6,Random Drop,7,4,completed,30.0,15.0,0.0,45.0,1.5,5.4,cash,2026-08-21 04:20:04.825950,2026-08-21 04:26:04.825950
1,3,30.48,76.59,Random Pick,30.49,76.6,Random Drop,3,5,completed,30.0,15.0,0.0,45.0,1.5,5.4,cash,2026-08-16 02:20:04.825950,2026-08-16 02:32:04.825950
1,3,30.48,76.59,Random Pick,30.49,76.6,Random Drop,4,4,completed,30.0,15.0,0.0,45.0,1.5,5.4,cash,2026-07-30 20:20:04.825950,2026-07-30 20:32:04.825950
1,3,30.48,76.59,Random Pick,30.49,76.6,Random Drop,1,2,completed,30.0,15.0,0.0,45.0,1.5,5.4,cash,2026-08-15 18:20:04.825950,2026-08-15 18:28:04.825950
1,2,30.48,76.59,Random Pick,30.49,76.6,Random Drop,5,7,completed,30.0,15.0,0.0,45.0,1.5,5.4,cash,2026-09-07 12:20:04.825950,2026-09-07 12:36:04.825950
1,7,30.48,76.59,Random Pick,30.49,76.6,Random Drop,6,8,completed,30.0,15.0,0.0,45.0,1.5,5.4,cash,2026-08-16 14:20:04.825950,2026-08-16 14:35:04.825950
1,6,30.48,76.59,Random Pick,30.49,76.6,Random Drop,3,6,completed,30.0,15.0,0.0,45.0,1.5,5.4,cash,2026-08-26 19:20:04.825950,2026-08-26 19:29:04.825950
1,3,30.48,76.59,Random Pick,30.49,76.6,Random Drop,7,6,completed,30.0,15.0,0.0,45.0,1.5,5.4,cash,2026-09-12 17:20:04.825950,2026-09-12 17:27:04.825950
1,8,30.48,76.59,Random Pick,30.49,76.6,Random Drop,4,8,completed,30.0,15.0,0.0,45.0,1.5,5.4,cash,2026-08-18 17:20:04.825950,2026-08-18 17:33:04.825950
1,5,30.48,76.59,Random Pick,30.49,76.6,Random Drop,8,6,completed,30.0,15.0,0.0,45.0,1.5,5.4,cash,2026-08-24 16:20:04.825950,2026-08-24 16:27:04.825950
1,9,30.48,76.59,Random Pick,30.49,76.6,Random Drop,4,2,completed,30.0,15.0,0.0,45.0,1.5,5.4,cash,2026-09-02 18:20:04.825950,2026-09-02 18:32:04.825950
1,8,30.48,76.59,Random Pick,30.49,76.6,Random Drop,6,7,completed,30.0,15.0,0.0,45.0,1.5,5.4,cash,2026-08-23 03:20:04.825950,2026-08-23 03:38:04.825950
1,7,30.48,76.59,Random Pick,30.49,76.6,Random Drop,4,7,completed,30.0,15.0,0.0,45.0,1.5,5.4,cash,2026-08-16 05:20:04.825950,2026-08-16 05:33:04.825950
1,4,30.48,76.59,Random Pick,30.49,76.6,Random Drop,8,6,completed,30.0,15.0,0.0,45.0,1.5,5.4,cash,2026-07-31 22:20:04.825950,2026-07-31 22:37:04.825950
1,3,30.48,76.59,Random Pick,30.49,76.6,Random Drop,2,7,completed,30.0,15.0,0.0,45.0,1.5,5.4,cash,2026-07-30 01:20:04.825950,2026-07-30 01:29:04.825950
1,6,30.48,76.59,Random Pick,30.49,76.6,Random Drop,7,8,completed,30.0,15.0,0.0,45.0,1.5,5.4,cash,2026-08-17 15:20:04.825950,2026-08-17 15:38:04.825950
1,8,30.48,76.59,Random Pick,30.49,76.6,Random Drop,4,5,completed,30.0,15.0,0.0,45.0,1.5,5.4,cash,2026-08-09 11:20:04.825950,2026-08-09 11:29:04.825950
1,3,30.48,76.59,Random Pick,30.49,76.6,Random Drop,6,8,completed,30.0,15.0,0.0,45.0,1.5,5.4,cash,2026-08-31 22:20:04.825950,2026-08-31 22:39:04.825950
1,9,30.48,76.59,Random Pick,30.49,76.6,Random Drop,7,1,completed,30.0,15.0,0.0,45.0,1.5,5.4,cash,2026-08-11 10:20:04.825950,2026-08-11 10:27:04.825950
1,9,30.48,76.59,Random Pick,30.49,76.6,Random Drop,3,2,completed,30.0,15.0,0.0,45.0,1.5,5.4,cash,2026-07-26 11:20:04.825950,2026-07-26 11:26:04.825950
1,4,30.48,76.59,Random Pick,30.49,76.6,Random Drop,6,1,completed,30.0,15.0,0.0,45.0,1.5,5.4,cash,2026-09-17 01:20:04.825950,2026-09-17 01:31:04.825950
1,4,30.48,76.59,Random Pick,30.49,76.6,Random Drop,8,2,completed,30.0,15.0,0.0,45.0,1.5,5.4,cash,2026-09-10 04:20:04.825950,2026-09-10 04:29:04.825950
1,3,30.48,76.59,Random Pick,30.49,76.6,Random Drop,6,1,completed,30.0,15.0,0.0,45.0,1.5,5.4,cash,2026-08-05 17:20:04.825950,2026-08-05 17:33:04.825950
1,4,30.48,76.59,Random Pick,30.49,76.6,Random Drop,7,5,completed,30.0,15.0,0.0,45.0,1.5,5.4,cash,2026-08-25 03:20:04.825950,2026-08-25 03:33:04.825950
1,4,30.48,76.59,Random Pick,30.49,76.6,Random Drop,3,1,completed,30.0,15.0,0.0,45.0,1.5,5.4,cash,2026-08-30 17:20:04.825950,2026-08-30 17:28:04.825950
1,8,30.48,76.59,Random Pick,30.49,76.6,Random Drop,6,7,completed,30.0,15.0,0.0,45.0,1.5,5.4,cash,2026-08-28 11:20:04.825950,2026-08-28 11:31:04.825950
1,5,30.48,76.59,Random Pick,30.49,76.6,Random Drop,4,6,completed,30.0,15.0,0.0,45.0,1.5,5.4,cash,2026-09-18 01:20:04.825950,2026-09-18 01:26:04.825950
1,6,30.48,76.59,Random Pick,30.49,76.6,Random Drop,3,4,completed,30.0,15.0,0.0,45.0,1.5,5.4,cash,2026-09-08 15:20:04.825950,2026-09-08 15:29:04.825950
1,7,30.48,76.59,Random Pick,30.49,76.6,Random Drop,3,4,completed,30.0,15.0,0.0,45.0,1.5,5.4,cash,2026-08-27 19:20:04.825950,2026-08-27 19:27:04.825950
1,5,30.48,76.59,Random Pick,30.49,76.6,Random Drop,1,1,completed,30.0,15.0,0.0,45.0,1.5,5.4,cash,2026-08-18 17:20:04.825950,2026-08-18 17:40:04.825950
1,6,30.48,76.59,Random Pick,30.49,76.6,Random Drop,6,2,completed,30.0,15.0,0.0,45.0,1.5,5.4,cash,2026-08-21 21:20:04.825950,2026-08-21 21:33:04.825950
1,4,30.48,76.59,Random Pick,30.49,76.6,Random Drop,1,5,completed,30.0,15.0,0.0,45.0,1.5,5.4,cash,2026-08-08 17:20:04.825950,2026-08-08 17:34:04.825950
1,2,30.48,76.59,Random Pick,30.49,76.6,Random Drop,6,8,completed,30.0,15.0,0.0,45.0,1.5,5.4,cash,2026-08-11 07:20:04.825950,2026-08-11 07:33:04.825950
1,5,30.48,76.59,Random Pick,30.49,76.6,Random Drop,1,4,completed,30.0,15.0,0.0,45.0,1.5,5.4,cash,2026-08-26 14:20:04.825950,2026-08-26 14:30:04.825950
1,9,30.48,76.59,Random Pick,30.49,76.6,Random Drop,1,1,completed,30.0,15.0,0.0,45.0,1.5,5.4,cash,2026-09-08 02:20:04.825950,2026-09-08 02:29:04.825950
1,2,30.48,76.59,Random Pick,30.49,76.6,Random Drop,5,5,completed,30.0,15.0,0.0,45.0,1.5,5.4,cash,2026-08-17 17:20:04.825950,2026-08-17 17:31:04.825950
1,2,30.48,76.59,Random Pick,30.49,76.6,Random Drop,1,8,completed,30.0,15.0,0.0,45.0,1.5,5.4,cash,2026-08-02 11:20:04.825950,2026-08-02 11:40:04.825950
1,5,30.48,76.59,Random Pick,30.49,76.6,Random Drop,3,6,completed,30.0,15.0,0.0,45.0,1.5,5.4,cash,2026-08-03 08:20:04.825950,2026-08-03 08:32:04.825950
1,9,30.48,76.59,Random Pick,30.49,76.6,Random Drop,8,4,completed,30.0,15.0,0.0,45.0,1.5,5.4,cash,2026-08-06 03:20:04.825950,2026-08-06 03:40:04.825950
1,7,30.48,76.59,Random Pick,30.49,76.6,Random Drop,6,5,completed,30.0,15.0,0.0,45.0,1.5,5.4,cash,2026-09-01 08:20:04.825950,2026-09-01 08:39:04.825950
1,9,30.48,76.59,Random Pick,30.49,76.6,Random Drop,2,3,completed,30.0,15.0,0.0,45.0,1.5,5.4,cash,2026-08-29 01:20:04.825950,2026-08-29 01:39:04.825950
1,5,30.48,76.59,Random Pick,30.49,76.6,Random Drop,8,6,completed,30.0,15.0,0.0,45.0,1.5,5.4,cash,2026-08-25 14:20:04.825950,2026-08-25 14:35:04.825950
1,6,30.48,76.59,Random Pick,30.49,76.6,Random Drop,2,8,completed,30.0,15.0,0.0,45.0,1.5,5.4,cash,2026-08-21 13:20:04.825950,2026-08-21 13:28:04.825950
1,8,30.48,76.59,Random Pick,30.49,76.6,Random Drop,7,7,completed,30.0,15.0,0.0,45.0,1.5,5.4,cash,2026-08-10 11:20:04.825950,2026-08-10 11:28:04.825950
1,5,30.48,76.59,Random Pick,30.49,76.6,Random Drop,4,3,completed,30.0,15.0,0.0,45.0,1.5,5.4,cash,2026-08-24 02:20:04.825950,2026-08-24 02:33:04.825950
1,2,30.48,76.59,Random Pick,30.49,76.6,Random Drop,8,3,completed,30.0,15.0,0.0,45.0,1.5,5.4,cash,2026-08-10 10:20:04.825950,2026-08-10 10:27:04.825950
1,3,30.48,76.59,Random Pick,30.49,76.6,Random Drop,1,4,completed,30.0,15.0,0.0,45.0,1.5,5.4,cash,2026-08-24 15:20:04.825950,2026-08-24 15:33:04.825950
1,2,30.48,76.59,Random Pick,30.49,76.6,Random Drop,4,7,completed,30.0,15.0,0.0,45.0,1.5,5.4,cash,2026-08-14 02:20:04.825950,2026-08-14 02:30:04.825950
1,4,30.48,76.59,Random Pick,30.49,76.6,Random Drop,6,5,completed,30.0,15.0,0.0,45.0,1.5,5.4,cash,2026-09-04 10:20:04.825950,2026-09-04 10:39:04.825950
1,5,30.48,76.59,Random Pick,30.49,76.6,Random Drop,4,2,completed,30.0,15.0,0.0,45.0,1.5,5.4,cash,2026-09-04 12:20:04.825950,2026-09-04 12:29:04.825950
1,5,30.48,76.59,Random Pick,30.49,76.6,Random Drop,1,8,completed,30.0,15.0,0.0,45.0,1.5,5.4,cash,2026-09-15 13:20:04.825950,2026-09-15 13:28:04.825950
1,4,30.48,76.59,Random Pick,30.49,76.6,Random Drop,2,8,completed,30.0,15.0,0.0,45.0,1.5,5.4,cash,2026-09-15 08:20:04.825950,2026-09-15 08:36:04.825950
1,7,30.48,76.59,Random Pick,30.49,76.6,Random Drop,4,6,completed,30.0,15.0,0.0,45.0,1.5,5.4,cash,2026-09-15 06:20:04.825950,2026-09-15 06:39:04.825950
1,4,30.48,76.59,Random Pick,30.49,76.6,Random Drop,5,2,completed,30.0,15.0,0.0,45.0,1.5,5.4,cash,2026-08-02 14:20:04.825950,2026-08-02 14:27:04.825950
1,4,30.48,76.59,Random Pick,30.49,76.6,Random Drop,3,1,completed,30.0,15.0,0.0,45.0,1.5,5.4,cash,2026-08-31 02:20:04.825950,2026-08-31 02:37:04.825950
1,3,30.48,76.59,Random Pick,30.49,76.6,Random Drop,6,1,completed,30.0,15.0,0.0,45.0,1.5,5.4,cash,2026-09-19 21:20:04.825950,2026-09-19 21:25:04.825950
1,5,30.48,76.59,Random Pick,30.49,76.6,Random Drop,5,7,completed,30.0,15.0,0.0,45.0,1.5,5.4,cash,2026-08-18 16:20:04.825950,2026-08-18 16:33:04.825950
1,6,30.48,76.59,Random Pick,30.49,76.6,Random Drop,7,5,completed,30.0,15.0,0.0,45.0,1.5,5.4,cash,2026-08-13 12:20:04.825950,2026-08-13 12:33:04.825950
1,8,30.48,76.59,Random Pick,30.49,76.6,Random Drop,3,2,completed,30.0,15.0,0.0,45.0,1.5,5.4,cash,2026-08-13 01:20:04.825950,2026-08-13 01:33:04.825950
1,2,30.48,76.59,Random Pick,30.49,76.6,Random Drop,3,1,completed,30.0,15.0,0.0,45.0,1.5,5.4,cash,2026-08-07 16:20:04.825950,2026-08-07 16:39:04.825950
1,4,30.48,76.59,Random Pick,30.49,76.6,Random Drop,3,8,completed,30.0,15.0,0.0,45.0,1.5,5.4,cash,2026-09-17 19:20:04.825950,2026-09-17 19:37:04.825950
1,7,30.48,76.59,Random Pick,30.49,76.6,Random Drop,4,3,completed,30.0,15.0,0.0,45.0,1.5,5.4,cash,2026-09-06 19:20:04.825950,2026-09-06 19:39:04.825950
1,9,30.48,76.59,Random Pick,30.49,76.6,Random Drop,1,6,completed,30.0,15.0,0.0,45.0,1.5,5.4,cash,2026-09-07 12:20:04.825950,2026-09-07 12:40:04.825950
1,5,30.48,76.59,Random Pick,30.49,76.6,Random Drop,1,4,completed,30.0,15.0,0.0,45.0,1.5,5.4,cash,2026-08-04 04:20:04.825950,2026-08-04 04:36:04.825950
1,2,30.48,76.59,Random Pick,30.49,76.6,Random Drop,1,1,completed,30.0,15.0,0.0,45.0,1.5,5.4,cash,2026-08-13 17:20:04.825950,2026-08-13 17:26:04.825950
1,5,30.48,76.59,Random Pick,30.49,76.6,Random Drop,7,3,completed,30.0,15.0,0.0,45.0,1.5,5.4,cash,2026-07-31 05:20:04.825950,2026-07-31 05:35:04.825950
1,9,30.48,76.59,Random Pick,30.49,76.6,Random Drop,7,8,completed,30.0,15.0,0.0,45.0,1.5,5.4,cash,2026-09-08 00:20:04.825950,2026-09-08 00:35:04.825950
1,7,30.48,76.59,Random Pick,30.49,76.6,Random Drop,7,7,completed,30.0,15.0,0.0,45.0,1.5,5.4,cash,2026-08-19 07:20:04.825950,2026-08-19 07:28:04.825950
1,6,30.48,76.59,Random Pick,30.49,76.6,Random Drop,3,8,completed,30.0,15.0,0.0,45.0,1.5,5.4,cash,2026-09-05 00:20:04.825950,2026-09-05 00:25:04.825950
1,6,30.48,76.59,Random Pick,30.49,76.6,Random Drop,5,7,completed,30.0,15.0,0.0,45.0,1.5,5.4,cash,2026-08-15 17:20:04.825950,2026-08-15 17:31:04.825950
1,6,30.48,76.59,Random Pick,30.49,76.6,Random Drop,3,7,completed,30.0,15.0,0.0,45.0,1.5,5.4,cash,2026-08-13 22:20:04.825950,2026-08-13 22:36:04.825950
1,6,30.48,76.59,Random Pick,30.49,76.6,Random Drop,7,2,completed,30.0,15.0,0.0,45.0,1.5,5.4,cash,2026-09-19 11:20:04.825950,2026-09-19 11:35:04.825950
1,5,30.48,76.59,Random Pick,30.49,76.6,Random Drop,7,6,completed,30.0,15.0,0.0,45.0,1.5,5.4,cash,2026-08-20 10:20:04.825950,2026-08-20 10:28:04.825950
1,9,30.48,76.59,Random Pick,30.49,76.6,Random Drop,6,4,completed,30.0,15.0,0.0,45.0,1.5,5.4,cash,2026-09-03 20:20:04.825950,2026-09-03 20:35:04.825950
1,3,30.48,76.59,Random Pick,30.49,76.6,Random Drop,6,8,completed,30.0,15.0,0.0,45.0,1.5,5.4,cash,2026-07-31 22:20:04.825950,2026-07-31 22:37:04.825950
1,7,30.48,76.59,Random Pick,30.49,76.6,Random Drop,7,6,completed,30.0,15.0,0.0,45.0,1.5,5.4,cash,2026-09-12 16:20:04.825950,2026-09-12 16:38:04.825950
1,2,30.48,76.59,Random Pick,30.49,76.6,Random Drop,7,1,completed,30.0,15.0,0.0,45.0,1.5,5.4,cash,2026-08-23 01:20:04.825950,2026-08-23 01:32:04.825950
1,7,30.48,76.59,Random Pick,30.49,76.6,Random Drop,8,3,completed,30.0,15.0,0.0,45.0,1.5,5.4,cash,2026-08-13 19:20:04.825950,2026-08-13 19:30:04.825950
1,6,30.48,76.59,Random Pick,30.49,76.6,Random Drop,7,5,completed,30.0,15.0,0.0,45.0,1.5,5.4,cash,2026-09-12 17:20:04.825950,2026-09-12 17:29:04.825950
1,4,30.48,76.59,Random Pick,30.49,76.6,Random Drop,1,3,completed,30.0,15.0,0.0,45.0,1.5,5.4,cash,2026-08-02 15:20:04.825950,2026-08-02 15:29:04.825950
1,6,30.48,76.59,Random Pick,30.49,76.6,Random Drop,2,6,completed,30.0,15.0,0.0,45.0,1.5,5.4,cash,2026-08-22 22:20:04.825950,2026-08-22 22:36:04.825950
1,5,30.48,76.59,Random Pick,30.49,76.6,Random Drop,6,8,completed,30.0,15.0,0.0,45.0,1.5,5.4,cash,2026-09-05 01:20:04.825950,2026-09-05 01:29:04.825950
1,8,30.48,76.59,Random Pick,30.49,76.6,Random Drop,8,7,completed,30.0,15.0,0.0,45.0,1.5,5.4,cash,2026-08-14 17:20:04.825950,2026-08-14 17:26:04.825950
1,6,30.48,76.59,Random Pick,30.49,76.6,Random Drop,2,3,completed,30.0,15.0,0.0,45.0,1.5,5.4,cash,2026-08-18 10:20:04.825950,2026-08-18 10:38:04.825950
1,2,30.48,76.59,Random Pick,30.49,76.6,Random Drop,4,3,completed,30.0,15.0,0.0,45.0,1.5,5.4,cash,2026-08-21 07:20:04.825950,2026-08-21 07:40:04.825950
1,5,30.48,76.59,Random Pick,30.49,76.6,Random Drop,2,8,completed,30.0,15.0,0.0,45.0,1.5,5.4,cash,2026-07-30 01:20:04.825950,2026-07-30 01:29:04.825950
1,3,30.48,76.59,Random Pick,30.49,76.6,Random Drop,3,1,completed,30.0,15.0,0.0,45.0,1.5,5.4,cash,2026-08-10 09:20:04.825950,2026-08-10 09:31:04.825950
1,6,30.48,76.59,Random Pick,30.49,76.6,Random Drop,3,4,completed,30.0,15.0,0.0,45.0,1.5,5.4,cash,2026-08-25 23:20:04.825950,2026-08-25 23:29:04.825950
1,2,30.48,76.59,Random Pick,30.49,76.6,Random Drop,6,2,completed,30.0,15.0,0.0,45.0,1.5,5.4,cash,2026-08-09 07:20:04.825950,2026-08-09 07:34:04.825950
1,4,30.48,76.59,Random Pick,30.49,76.6,Random Drop,7,5,completed,30.0,15.0,0.0,45.0,1.5,5.4,cash,2026-09-12 13:20:04.825950,2026-09-12 13:25:04.825950
1,7,30.48,76.59,Random Pick,30.49,76.6,Random Drop,7,4,completed,30.0,15.0,0.0,45.0,1.5,5.4,cash,2026-09-03 10:20:04.825950,2026-09-03 10:26:04.825950
1,5,30.48,76.59,Random Pick,30.49,76.6,Random Drop,8,5,completed,30.0,15.0,0.0,45.0,1.5,5.4,cash,2026-09-10 16:20:04.825950,2026-09-10 16:40:04.825950
1,2,30.48,76.59,Random Pick,30.49,76.6,Random Drop,8,1,completed,30.0,15.0,0.0,45.0,1.5,5.4,cash,2026-08-29 12:20:04.825950,2026-08-29 12:39:04.825950
1,6,30.48,76.59,Random Pick,30.49,76.6,Random Drop,3,5,completed,30.0,15.0,0.0,45.0,1.5,5.4,cash,2026-09-07 06:20:04.825950,2026-09-07 06:37:04.825950
1,8,30.48,76.59,Random Pick,30.49,76.6,Random Drop,7,5,completed,30.0,15.0,0.0,45.0,1.5,5.4,cash,2026-08-31 21:20:04.825950,2026-08-31 21:32:04.825950
1,6,30.48,76.59,Random Pick,30.49,76.6,Random Drop,1,4,completed,30.0,15.0,0.0,45.0,1.5,5.4,cash,2026-08-31 22:20:04.825950,2026-08-31 22:38:04.825950
1,7,30.48,76.59,Random Pick,30.49,76.6,Random Drop,3,1,completed,30.0,15.0,0.0,45.0,1.5,5.4,cash,2026-09-07 06:20:04.825950,2026-09-07 06:35:04.825950
1,7,30.48,76.59,Random Pick,30.49,76.6,Random Drop,3,7,completed,30.0,15.0,0.0,45.0,1.5,5.4,cash,2026-08-23 17:20:04.825950,2026-08-23 17:30:04.825950
1,4,30.48,76.59,Random Pick,30.49,76.6,Random Drop,8,7,completed,30.0,15.0,0.0,45.0,1.5,5.4,cash,2026-09-12 20:20:04.825950,2026-09-12 20:37:04.825950
1,5,30.48,76.59,Random Pick,30.49,76.6,Random Drop,3,3,completed,30.0,15.0,0.0,45.0,1.5,5.4,cash,2026-09-12 09:20:04.825950,2026-09-12 09:35:04.825950
1,9,30.48,76.59,Random Pick,30.49,76.6,Random Drop,3,4,completed,30.0,15.0,0.0,45.0,1.5,5.4,cash,2026-09-02 08:20:04.825950,2026-09-02 08:34:04.825950
1,9,30.48,76.59,Random Pick,30.49,76.6,Random Drop,3,1,completed,30.0,15.0,0.0,45.0,1.5,5.4,cash,2026-08-30 08:20:04.825950,2026-08-30 08:33:04.825950
1,5,30.48,76.59,Random Pick,30.49,76.6,Random Drop,3,4,completed,30.0,15.0,0.0,45.0,1.5,5.4,cash,2026-09-04 00:20:04.825950,2026-09-04 00:33:04.825950
1,8,30.48,76.59,Random Pick,30.49,76.6,Random Drop,5,7,completed,30.0,15.0,0.0,45.0,1.5,5.4,cash,2026-09-18 13:20:04.825950,2026-09-18 13:37:04.825950
1,7,30.48,76.59,Random Pick,30.49,76.6,Random Drop,1,2,completed,30.0,15.0,0.0,45.0,1.5,5.4,cash,2026-08-04 02:20:04.825950,2026-08-04 02:34:04.825950
1,3,30.48,76.59,Random Pick,30.49,76.6,Random Drop,7,1,completed,30.0,15.0,0.0,45.0,1.5,5.4,cash,2026-09-15 06:20:04.825950,2026-09-15 06:37:04.825950
1,4,30.48,76.59,Random Pick,30.49,76.6,Random Drop,7,7,completed,30.0,15.0,0.0,45.0,1.5,5.4,cash,2026-09-07 22:20:04.825950,2026-09-07 22:40:04.825950
1,6,30.48,76.59,Random Pick,30.49,76.6,Random Drop,3,5,completed,30.0,15.0,0.0,45.0,1.5,5.4,cash,2026-09-16 16:20:04.825950,2026-09-16 16:33:04.825950
1,7,30.48,76.59,Random Pick,30.49,76.6,Random Drop,4,2,completed,30.0,15.0,0.0,45.0,1.5,5.4,cash,2026-07-27 17:20:04.825950,2026-07-27 17:38:04.825950
1,8,30.48,76.59,Random Pick,30.49,76.6,Random Drop,6,2,completed,30.0,15.0,0.0,45.0,1.5,5.4,cash,2026-09-17 04:20:04.825950,2026-09-17 04:32:04.825950
1,2,30.48,76.59,Random Pick,30.49,76.6,Random Drop,5,4,completed,30.0,15.0,0.0,45.0,1.5,5.4,cash,2026-08-20 16:20:04.825950,2026-08-20 16:32:04.825950
1,2,30.48,76.59,Random Pick,30.49,76.6,Random Drop,4,2,completed,30.0,15.0,0.0,45.0,1.5,5.4,cash,2026-08-03 18:20:04.825950,2026-08-03 18:37:04.825950
1,6,30.48,76.59,Random Pick,30.49,76.6,Random Drop,4,8,completed,30.0,15.0,0.0,45.0,1.5,5.4,cash,2026-09-13 13:20:04.825950,2026-09-13 13:38:04.825950
1,4,30.48,76.59,Random Pick,30.49,76.6,Random Drop,2,4,completed,30.0,15.0,0.0,45.0,1.5,5.4,cash,2026-09-14 02:20:04.825950,2026-09-14 02:40:04.825950
1,2,30.48,76.59,Random Pick,30.49,76.6,Random Drop,4,2,completed,30.0,15.0,0.0,45.0,1.5,5.4,cash,2026-09-06 06:20:04.825950,2026-09-06 06:30:04.825950
1,3,30.48,76.59,Random Pick,30.49,76.6,Random Drop,1,7,completed,30.0,15.0,0.0,45.0,1.5,5.4,cash,2026-08-08 18:20:04.825950,2026-08-08 18:31:04.825950
1,4,30.48,76.59,Random Pick,30.49,76.6,Random Drop,6,1,completed,30.0,15.0,0.0,45.0,1.5,5.4,cash,2026-08-03 07:20:04.825950,2026-08-03 07:25:04.825950
1,5,30.48,76.59,Random Pick,30.49,76.6,Random Drop,3,2,completed,30.0,15.0,0.0,45.0,1.5,5.4,cash,2026-09-17 15:20:04.825950,2026-09-17 15:36:04.825950
1,3,30.48,76.59,Random Pick,30.49,76.6,Random Drop,4,4,completed,30.0,15.0,0.0,45.0,1.5,5.4,cash,2026-08-08 02:20:04.825950,2026-08-08 02:32:04.825950
1,3,30.48,76.59,Random Pick,30.49,76.6,Random Drop,4,5,completed,30.0,15.0,0.0,45.0,1.5,5.4,cash,2026-08-28 19:20:04.825950,2026-08-28 19:25:04.825950
1,3,30.48,76.59,Random Pick,30.49,76.6,Random Drop,3,3,completed,30.0,15.0,0.0,45.0,1.5,5.4,cash,2026-09-14 18:20:04.825950,2026-09-14 18:40:04.825950
1,5,30.48,76.59,Random Pick,30.49,76.6,Random Drop,3,2,completed,30.0,15.0,0.0,45.0,1.5,5.4,cash,2026-07-30 00:20:04.825950,2026-07-30 00:38:04.825950
1,2,30.48,76.59,Random Pick,30.49,76.6,Random Drop,3,2,completed,30.0,15.0,0.0,45.0,1.5,5.4,cash,2026-09-05 10:20:04.825950,2026-09-05 10:30:04.825950
1,2,30.48,76.59,Random Pick,30.49,76.6,Random Drop,6,4,completed,30.0,15.0,0.0,45.0,1.5,5.4,cash,2026-09-17 05:20:04.825950,2026-09-17 05:28:04.825950
1,7,30.48,76.59,Random Pick,30.49,76.6,Random Drop,8,7,completed,30.0,15.0,0.0,45.0,1.5,5.4,cash,2026-09-03 01:20:04.825950,2026-09-03 01:25:04.825950
1,3,30.48,76.59,Random Pick,30.49,76.6,Random Drop,1,2,completed,30.0,15.0,0.0,45.0,1.5,5.4,cash,2026-07-26 18:20:04.825950,2026-07-26 18:39:04.825950
1,5,30.48,76.59,Random Pick,30.49,76.6,Random Drop,6,3,completed,30.0,15.0,0.0,45.0,1.5,5.4,cash,2026-08-27 05:20:04.825950,2026-08-27 05:34:04.825950
1,6,30.48,76.59,Random Pick,30.49,76.6,Random Drop,4,4,completed,30.0,15.0,0.0,45.0,1.5,5.4,cash,2026-08-21 11:20:04.825950,2026-08-21 11:40:04.825950
1,3,30.48,76.59,Random Pick,30.49,76.6,Random Drop,6,6,completed,30.0,15.0,0.0,45.0,1.5,5.4,cash,2026-08-04 19:20:04.825950,2026-08-04 19:34:04.825950
1,8,30.48,76.59,Random Pick,30.49,76.6,Random Drop,5,2,completed,30.0,15.0,0.0,45.0,1.5,5.4,cash,2026-09-06 04:20:04.825950,2026-09-06 04:28:04.825950
1,9,30.48,76.59,Random Pick,30.49,76.6,Random Drop,1,1,completed,30.0,15.0,0.0,45.0,1.5,5.4,cash,2026-09-03 19:20:04.825950,2026-09-03 19:29:04.825950
1,4,30.48,76.59,Random Pick,30.49,76.6,Random Drop,3,1,completed,30.0,15.0,0.0,45.0,1.5,5.4,cash,2026-09-05 07:20:04.825950,2026-09-05 07:33:04.825950
1,5,30.48,76.59,Random Pick,30.49,76.6,Random Drop,1,1,completed,30.0,15.0,0.0,45.0,1.5,5.4,cash,2026-07-30 16:20:04.825950,2026-07-30 16:31:04.825950
1,4,30.48,76.59,Random Pick,30.49,76.6,Random Drop,2,4,completed,30.0,15.0,0.0,45.0,1.5,5.4,cash,2026-08-19 06:20:04.825950,2026-08-19 06:30:04.825950
1,2,30.48,76.59,Random Pick,30.49,76.6,Random Drop,7,1,completed,30.0,15.0,0.0,45.0,1.5,5.4,cash,2026-08-04 18:20:04.825950,2026-08-04 18:36:04.825950
1,4,30.48,76.59,Random Pick,30.49,76.6,Random Drop,4,5,completed,30.0,15.0,0.0,45.0,1.5,5.4,cash,2026-09-15 08:20:04.825950,2026-09-15 08:27:04.825950
1,4,30.48,76.59,Random Pick,30.49,76.6,Random Drop,4,6,completed,30.0,15.0,0.0,45.0,1.5,5.4,cash,2026-09-10 17:20:04.825950,2026-09-10 17:30:04.825950
1,4,30.48,76.59,Random Pick,30.49,76.6,Random Drop,7,6,completed,30.0,15.0,0.0,45.0,1.5,5.4,cash,2026-09-02 14:20:04.825950,2026-09-02 14:29:04.825950
1,4,30.48,76.59,Random Pick,30.49,76.6,Random Drop,1,2,completed,30.0,15.0,0.0,45.0,1.5,5.4,cash,2026-09-20 01:20:04.825950,2026-09-20 01:32:04.825950
1,8,30.48,76.59,Random Pick,30.49,76.6,Random Drop,2,8,completed,30.0,15.0,0.0,45.0,1.5,5.4,cash,2026-08-04 15:20:04.825950,2026-08-04 15:36:04.825950
1,5,30.48,76.59,Random Pick,30.49,76.6,Random Drop,3,3,completed,30.0,15.0,0.0,45.0,1.5,5.4,cash,2026-08-19 21:20:04.825950,2026-08-19 21:37:04.825950
1,3,30.48,76.59,Random Pick,30.49,76.6,Random Drop,1,2,completed,30.0,15.0,0.0,45.0,1.5,5.4,cash,2026-09-06 06:20:04.825950,2026-09-06 06:37:04.825950
1,3,30.48,76.59,Random Pick,30.49,76.6,Random Drop,2,7,completed,30.0,15.0,0.0,45.0,1.5,5.4,cash,2026-09-02 04:20:04.825950,2026-09-02 04:39:04.825950
1,4,30.48,76.59,Random Pick,30.49,76.6,Random Drop,7,1,completed,30.0,15.0,0.0,45.0,1.5,5.4,cash,2026-09-09 22:20:04.825950,2026-09-09 22:30:04.825950
1,7,30.48,76.59,Random Pick,30.49,76.6,Random Drop,2,4,completed,30.0,15.0,0.0,45.0,1.5,5.4,cash,2026-08-22 10:20:04.825950,2026-08-22 10:37:04.825950
1,8,30.48,76.59,Random Pick,30.49,76.6,Random Drop,3,8,completed,30.0,15.0,0.0,45.0,1.5,5.4,cash,2026-08-17 00:20:04.825950,2026-08-17 00:32:04.825950
1,4,30.48,76.59,Random Pick,30.49,76.6,Random Drop,3,1,completed,30.0,15.0,0.0,45.0,1.5,5.4,cash,2026-07-27 11:20:04.825950,2026-07-27 11:34:04.825950
1,7,30.48,76.59,Random Pick,30.49,76.6,Random Drop,8,4,completed,30.0,15.0,0.0,45.0,1.5,5.4,cash,2026-08-02 06:20:04.825950,2026-08-02 06:25:04.825950
1,7,30.48,76.59,Random Pick,30.49,76.6,Random Drop,1,4,completed,30.0,15.0,0.0,45.0,1.5,5.4,cash,2026-08-19 06:20:04.825950,2026-08-19 06:27:04.825950
